problem,instance,seed,k,prefix,size,f_S,penalty_S,dual_S,bound_S
directed_cut,synthetic_n20_p0.3,0,1,0,0,0,0,25,25
directed_cut,synthetic_n20_p0.3,0,1,1,1,25,9,21,55
directed_cut,synthetic_n20_p0.3,0,2,0,0,0,0,46,46
directed_cut,synthetic_n20_p0.3,0,2,1,1,25,9,38,72
directed_cut,synthetic_n20_p0.3,0,2,2,2,46,15,31,92
directed_cut,synthetic_n20_p0.3,0,3,0,0,0,0,63,63
directed_cut,synthetic_n20_p0.3,0,3,1,1,25,9,52,86
directed_cut,synthetic_n20_p0.3,0,3,2,2,46,15,44,105
directed_cut,synthetic_n20_p0.3,0,3,3,3,63,22,38,123
directed_cut,synthetic_n20_p0.3,0,4,0,0,0,0,78,78
directed_cut,synthetic_n20_p0.3,0,4,1,1,25,9,65,99
directed_cut,synthetic_n20_p0.3,0,4,2,2,46,15,55,116
directed_cut,synthetic_n20_p0.3,0,4,3,3,63,22,45,130
directed_cut,synthetic_n20_p0.3,0,4,4,4,77,35,36,148
directed_cut,synthetic_n20_p0.3,0,5,0,0,0,0,91,91
directed_cut,synthetic_n20_p0.3,0,5,1,1,25,9,76,110
directed_cut,synthetic_n20_p0.3,0,5,2,2,46,15,63,124
directed_cut,synthetic_n20_p0.3,0,5,3,3,63,22,50,135
directed_cut,synthetic_n20_p0.3,0,5,4,4,77,35,40,152
directed_cut,synthetic_n20_p0.3,0,5,5,5,90,35,30,155
directed_cut,synthetic_n20_p0.3,0,6,0,0,0,0,102,102
directed_cut,synthetic_n20_p0.3,0,6,1,1,25,9,84,118
directed_cut,synthetic_n20_p0.3,0,6,2,2,46,15,71,132
directed_cut,synthetic_n20_p0.3,0,6,3,3,63,22,55,140
directed_cut,synthetic_n20_p0.3,0,6,4,4,77,35,43,155
directed_cut,synthetic_n20_p0.3,0,6,5,5,90,35,30,155
directed_cut,synthetic_n20_p0.3,0,6,6,6,101,43,13,157
directed_cut,synthetic_n20_p0.3,0,7,0,0,0,0,110,110
directed_cut,synthetic_n20_p0.3,0,7,1,1,25,9,92,126
directed_cut,synthetic_n20_p0.3,0,7,2,2,46,15,76,137
directed_cut,synthetic_n20_p0.3,0,7,3,3,63,22,60,145
directed_cut,synthetic_n20_p0.3,0,7,4,4,77,35,43,155
directed_cut,synthetic_n20_p0.3,0,7,5,5,90,35,30,155
directed_cut,synthetic_n20_p0.3,0,7,6,6,101,43,13,157
directed_cut,synthetic_n20_p0.3,0,7,7,7,108,55,6,169
directed_cut,synthetic_n20_p0.3,0,8,0,0,0,0,118,118
directed_cut,synthetic_n20_p0.3,0,8,1,1,25,9,97,131
directed_cut,synthetic_n20_p0.3,0,8,2,2,46,15,81,142
directed_cut,synthetic_n20_p0.3,0,8,3,3,63,22,64,149
directed_cut,synthetic_n20_p0.3,0,8,4,4,77,35,43,155
directed_cut,synthetic_n20_p0.3,0,8,5,5,90,35,30,155
directed_cut,synthetic_n20_p0.3,0,8,6,6,101,43,13,157
directed_cut,synthetic_n20_p0.3,0,8,7,7,108,55,6,169
directed_cut,synthetic_n20_p0.3,0,8,8,8,111,60,3,174
directed_cut,synthetic_n20_p0.3,0,9,0,0,0,0,124,124
directed_cut,synthetic_n20_p0.3,0,9,1,1,25,9,102,136
directed_cut,synthetic_n20_p0.3,0,9,2,2,46,15,83,144
directed_cut,synthetic_n20_p0.3,0,9,3,3,63,22,64,149
directed_cut,synthetic_n20_p0.3,0,9,4,4,77,35,43,155
directed_cut,synthetic_n20_p0.3,0,9,5,5,90,35,30,155
directed_cut,synthetic_n20_p0.3,0,9,6,6,101,43,13,157
directed_cut,synthetic_n20_p0.3,0,9,7,7,108,55,6,169
directed_cut,synthetic_n20_p0.3,0,9,8,8,111,60,3,174
directed_cut,synthetic_n20_p0.3,0,9,9,9,114,66,0,180
directed_cut,synthetic_n20_p0.3,0,10,0,0,0,0,129,129
directed_cut,synthetic_n20_p0.3,0,10,1,1,25,9,107,141
directed_cut,synthetic_n20_p0.3,0,10,2,2,46,15,83,144
directed_cut,synthetic_n20_p0.3,0,10,3,3,63,22,64,149
directed_cut,synthetic_n20_p0.3,0,10,4,4,77,35,43,155
directed_cut,synthetic_n20_p0.3,0,10,5,5,90,35,30,155
directed_cut,synthetic_n20_p0.3,0,10,6,6,101,43,13,157
directed_cut,synthetic_n20_p0.3,0,10,7,7,108,55,6,169
directed_cut,synthetic_n20_p0.3,0,10,8,8,111,60,3,174
directed_cut,synthetic_n20_p0.3,0,10,9,9,114,66,0,180
directed_cut,synthetic_n20_p0.3,0,11,0,0,0,0,134,134
directed_cut,synthetic_n20_p0.3,0,11,1,1,25,9,111,145
directed_cut,synthetic_n20_p0.3,0,11,2,2,46,15,83,144
directed_cut,synthetic_n20_p0.3,0,11,3,3,63,22,64,149
directed_cut,synthetic_n20_p0.3,0,11,4,4,77,35,43,155
directed_cut,synthetic_n20_p0.3,0,11,5,5,90,35,30,155
directed_cut,synthetic_n20_p0.3,0,11,6,6,101,43,13,157
directed_cut,synthetic_n20_p0.3,0,11,7,7,108,55,6,169
directed_cut,synthetic_n20_p0.3,0,11,8,8,111,60,3,174
directed_cut,synthetic_n20_p0.3,0,11,9,9,114,66,0,180
directed_cut,synthetic_n20_p0.3,0,12,0,0,0,0,139,139
directed_cut,synthetic_n20_p0.3,0,12,1,1,25,9,114,148
directed_cut,synthetic_n20_p0.3,0,12,2,2,46,15,83,144
directed_cut,synthetic_n20_p0.3,0,12,3,3,63,22,64,149
directed_cut,synthetic_n20_p0.3,0,12,4,4,77,35,43,155
directed_cut,synthetic_n20_p0.3,0,12,5,5,90,35,30,155
directed_cut,synthetic_n20_p0.3,0,12,6,6,101,43,13,157
directed_cut,synthetic_n20_p0.3,0,12,7,7,108,55,6,169
directed_cut,synthetic_n20_p0.3,0,12,8,8,111,60,3,174
directed_cut,synthetic_n20_p0.3,0,12,9,9,114,66,0,180
directed_cut,synthetic_n20_p0.3,0,13,0,0,0,0,143,143
directed_cut,synthetic_n20_p0.3,0,13,1,1,25,9,116,150
directed_cut,synthetic_n20_p0.3,0,13,2,2,46,15,83,144
directed_cut,synthetic_n20_p0.3,0,13,3,3,63,22,64,149
directed_cut,synthetic_n20_p0.3,0,13,4,4,77,35,43,155
directed_cut,synthetic_n20_p0.3,0,13,5,5,90,35,30,155
directed_cut,synthetic_n20_p0.3,0,13,6,6,101,43,13,157
directed_cut,synthetic_n20_p0.3,0,13,7,7,108,55,6,169
directed_cut,synthetic_n20_p0.3,0,13,8,8,111,60,3,174
directed_cut,synthetic_n20_p0.3,0,13,9,9,114,66,0,180
directed_cut,synthetic_n20_p0.3,0,14,0,0,0,0,146,146
directed_cut,synthetic_n20_p0.3,0,14,1,1,25,9,118,152
directed_cut,synthetic_n20_p0.3,0,14,2,2,46,15,83,144
directed_cut,synthetic_n20_p0.3,0,14,3,3,63,22,64,149
directed_cut,synthetic_n20_p0.3,0,14,4,4,77,35,43,155
directed_cut,synthetic_n20_p0.3,0,14,5,5,90,35,30,155
directed_cut,synthetic_n20_p0.3,0,14,6,6,101,43,13,157
directed_cut,synthetic_n20_p0.3,0,14,7,7,108,55,6,169
directed_cut,synthetic_n20_p0.3,0,14,8,8,111,60,3,174
directed_cut,synthetic_n20_p0.3,0,14,9,9,114,66,0,180
directed_cut,synthetic_n20_p0.3,0,15,0,0,0,0,148,148
directed_cut,synthetic_n20_p0.3,0,15,1,1,25,9,118,152
directed_cut,synthetic_n20_p0.3,0,15,2,2,46,15,83,144
directed_cut,synthetic_n20_p0.3,0,15,3,3,63,22,64,149
directed_cut,synthetic_n20_p0.3,0,15,4,4,77,35,43,155
directed_cut,synthetic_n20_p0.3,0,15,5,5,90,35,30,155
directed_cut,synthetic_n20_p0.3,0,15,6,6,101,43,13,157
directed_cut,synthetic_n20_p0.3,0,15,7,7,108,55,6,169
directed_cut,synthetic_n20_p0.3,0,15,8,8,111,60,3,174
directed_cut,synthetic_n20_p0.3,0,15,9,9,114,66,0,180
directed_cut,synthetic_n20_p0.3,0,16,0,0,0,0,148,148
directed_cut,synthetic_n20_p0.3,0,16,1,1,25,9,118,152
directed_cut,synthetic_n20_p0.3,0,16,2,2,46,15,83,144
directed_cut,synthetic_n20_p0.3,0,16,3,3,63,22,64,149
directed_cut,synthetic_n20_p0.3,0,16,4,4,77,35,43,155
directed_cut,synthetic_n20_p0.3,0,16,5,5,90,35,30,155
directed_cut,synthetic_n20_p0.3,0,16,6,6,101,43,13,157
directed_cut,synthetic_n20_p0.3,0,16,7,7,108,55,6,169
directed_cut,synthetic_n20_p0.3,0,16,8,8,111,60,3,174
directed_cut,synthetic_n20_p0.3,0,16,9,9,114,66,0,180
directed_cut,synthetic_n20_p0.3,0,17,0,0,0,0,148,148
directed_cut,synthetic_n20_p0.3,0,17,1,1,25,9,118,152
directed_cut,synthetic_n20_p0.3,0,17,2,2,46,15,83,144
directed_cut,synthetic_n20_p0.3,0,17,3,3,63,22,64,149
directed_cut,synthetic_n20_p0.3,0,17,4,4,77,35,43,155
directed_cut,synthetic_n20_p0.3,0,17,5,5,90,35,30,155
directed_cut,synthetic_n20_p0.3,0,17,6,6,101,43,13,157
directed_cut,synthetic_n20_p0.3,0,17,7,7,108,55,6,169
directed_cut,synthetic_n20_p0.3,0,17,8,8,111,60,3,174
directed_cut,synthetic_n20_p0.3,0,17,9,9,114,66,0,180
directed_cut,synthetic_n20_p0.3,0,18,0,0,0,0,148,148
directed_cut,synthetic_n20_p0.3,0,18,1,1,25,9,118,152
directed_cut,synthetic_n20_p0.3,0,18,2,2,46,15,83,144
directed_cut,synthetic_n20_p0.3,0,18,3,3,63,22,64,149
directed_cut,synthetic_n20_p0.3,0,18,4,4,77,35,43,155
directed_cut,synthetic_n20_p0.3,0,18,5,5,90,35,30,155
directed_cut,synthetic_n20_p0.3,0,18,6,6,101,43,13,157
directed_cut,synthetic_n20_p0.3,0,18,7,7,108,55,6,169
directed_cut,synthetic_n20_p0.3,0,18,8,8,111,60,3,174
directed_cut,synthetic_n20_p0.3,0,18,9,9,114,66,0,180
directed_cut,synthetic_n20_p0.3,0,19,0,0,0,0,148,148
directed_cut,synthetic_n20_p0.3,0,19,1,1,25,9,118,152
directed_cut,synthetic_n20_p0.3,0,19,2,2,46,15,83,144
directed_cut,synthetic_n20_p0.3,0,19,3,3,63,22,64,149
directed_cut,synthetic_n20_p0.3,0,19,4,4,77,35,43,155
directed_cut,synthetic_n20_p0.3,0,19,5,5,90,35,30,155
directed_cut,synthetic_n20_p0.3,0,19,6,6,101,43,13,157
directed_cut,synthetic_n20_p0.3,0,19,7,7,108,55,6,169
directed_cut,synthetic_n20_p0.3,0,19,8,8,111,60,3,174
directed_cut,synthetic_n20_p0.3,0,19,9,9,114,66,0,180
directed_cut,synthetic_n20_p0.3,0,20,0,0,0,0,148,148
directed_cut,synthetic_n20_p0.3,0,20,1,1,25,9,118,152
directed_cut,synthetic_n20_p0.3,0,20,2,2,46,15,83,144
directed_cut,synthetic_n20_p0.3,0,20,3,3,63,22,64,149
directed_cut,synthetic_n20_p0.3,0,20,4,4,77,35,43,155
directed_cut,synthetic_n20_p0.3,0,20,5,5,90,35,30,155
directed_cut,synthetic_n20_p0.3,0,20,6,6,101,43,13,157
directed_cut,synthetic_n20_p0.3,0,20,7,7,108,55,6,169
directed_cut,synthetic_n20_p0.3,0,20,8,8,111,60,3,174
directed_cut,synthetic_n20_p0.3,0,20,9,9,114,66,0,180
directed_cut,synthetic_n20_p0.3,1,1,0,0,0,0,26,26
directed_cut,synthetic_n20_p0.3,1,1,1,1,26,5,23,54
directed_cut,synthetic_n20_p0.3,1,2,0,0,0,0,49,49
directed_cut,synthetic_n20_p0.3,1,2,1,1,26,5,45,76
directed_cut,synthetic_n20_p0.3,1,2,2,2,49,35,32,116
directed_cut,synthetic_n20_p0.3,1,3,0,0,0,0,71,71
directed_cut,synthetic_n20_p0.3,1,3,1,1,26,5,62,93
directed_cut,synthetic_n20_p0.3,1,3,2,2,49,35,45,129
directed_cut,synthetic_n20_p0.3,1,3,3,3,66,51,41,158
directed_cut,synthetic_n20_p0.3,1,4,0,0,0,0,90,90
directed_cut,synthetic_n20_p0.3,1,4,1,1,26,5,79,110
directed_cut,synthetic_n20_p0.3,1,4,2,2,49,35,58,142
directed_cut,synthetic_n20_p0.3,1,4,3,3,66,51,50,167
directed_cut,synthetic_n20_p0.3,1,4,4,4,81,63,42,186
directed_cut,synthetic_n20_p0.3,1,5,0,0,0,0,107,107
directed_cut,synthetic_n20_p0.3,1,5,1,1,26,5,94,125
directed_cut,synthetic_n20_p0.3,1,5,2,2,49,35,68,152
directed_cut,synthetic_n20_p0.3,1,5,3,3,66,51,57,174
directed_cut,synthetic_n20_p0.3,1,5,4,4,81,63,47,191
directed_cut,synthetic_n20_p0.3,1,5,5,5,94,84,35,213
directed_cut,synthetic_n20_p0.3,1,6,0,0,0,0,124,124
directed_cut,synthetic_n20_p0.3,1,6,1,1,26,5,107,138
directed_cut,synthetic_n20_p0.3,1,6,2,2,49,35,75,159
directed_cut,synthetic_n20_p0.3,1,6,3,3,66,51,64,181
directed_cut,synthetic_n20_p0.3,1,6,4,4,81,63,52,196
directed_cut,synthetic_n20_p0.3,1,6,5,5,94,84,38,216
directed_cut,synthetic_n20_p0.3,1,6,6,6,107,89,24,220
directed_cut,synthetic_n20_p0.3,1,7,0,0,0,0,138,138
directed_cut,synthetic_n20_p0.3,1,7,1,1,26,5,119,150
directed_cut,synthetic_n20_p0.3,1,7,2,2,49,35,82,166
directed_cut,synthetic_n20_p0.3,1,7,3,3,66,51,69,186
directed_cut,synthetic_n20_p0.3,1,7,4,4,81,63,56,200
directed_cut,synthetic_n20_p0.3,1,7,5,5,94,84,38,216
directed_cut,synthetic_n20_p0.3,1,7,6,6,107,89,24,220
directed_cut,synthetic_n20_p0.3,1,7,7,7,116,93,15,224
directed_cut,synthetic_n20_p0.3,1,8,0,0,0,0,150,150
directed_cut,synthetic_n20_p0.3,1,8,1,1,26,5,126,157
directed_cut,synthetic_n20_p0.3,1,8,2,2,49,35,87,171
directed_cut,synthetic_n20_p0.3,1,8,3,3,66,51,74,191
directed_cut,synthetic_n20_p0.3,1,8,4,4,81,63,60,204
directed_cut,synthetic_n20_p0.3,1,8,5,5,94,84,38,216
directed_cut,synthetic_n20_p0.3,1,8,6,6,107,89,24,220
directed_cut,synthetic_n20_p0.3,1,8,7,7,116,93,15,224
directed_cut,synthetic_n20_p0.3,1,8,8,8,121,93,10,224
directed_cut,synthetic_n20_p0.3,1,9,0,0,0,0,158,158
directed_cut,synthetic_n20_p0.3,1,9,1,1,26,5,132,163
directed_cut,synthetic_n20_p0.3,1,9,2,2,49,35,92,176
directed_cut,synthetic_n20_p0.3,1,9,3,3,66,51,78,195
directed_cut,synthetic_n20_p0.3,1,9,4,4,81,63,61,205
directed_cut,synthetic_n20_p0.3,1,9,5,5,94,84,38,216
directed_cut,synthetic_n20_p0.3,1,9,6,6,107,89,24,220
directed_cut,synthetic_n20_p0.3,1,9,7,7,116,93,15,224
directed_cut,synthetic_n20_p0.3,1,9,8,8,121,93,10,224
directed_cut,synthetic_n20_p0.3,1,9,9,9,125,117,3,245
directed_cut,synthetic_n20_p0.3,1,10,0,0,0,0,165,165
directed_cut,synthetic_n20_p0.3,1,10,1,1,26,5,137,168
directed_cut,synthetic_n20_p0.3,1,10,2,2,49,35,96,180
directed_cut,synthetic_n20_p0.3,1,10,3,3,66,51,80,197
directed_cut,synthetic_n20_p0.3,1,10,4,4,81,63,61,205
directed_cut,synthetic_n20_p0.3,1,10,5,5,94,84,38,216
directed_cut,synthetic_n20_p0.3,1,10,6,6,107,89,24,220
directed_cut,synthetic_n20_p0.3,1,10,7,7,116,93,15,224
directed_cut,synthetic_n20_p0.3,1,10,8,8,121,93,10,224
directed_cut,synthetic_n20_p0.3,1,10,9,9,125,117,3,245
directed_cut,synthetic_n20_p0.3,1,10,10,10,127,125,0,252
directed_cut,synthetic_n20_p0.3,1,11,0,0,0,0,171,171
directed_cut,synthetic_n20_p0.3,1,11,1,1,26,5,142,173
directed_cut,synthetic_n20_p0.3,1,11,2,2,49,35,100,184
directed_cut,synthetic_n20_p0.3,1,11,3,3,66,51,81,198
directed_cut,synthetic_n20_p0.3,1,11,4,4,81,63,61,205
directed_cut,synthetic_n20_p0.3,1,11,5,5,94,84,38,216
directed_cut,synthetic_n20_p0.3,1,11,6,6,107,89,24,220
directed_cut,synthetic_n20_p0.3,1,11,7,7,116,93,15,224
directed_cut,synthetic_n20_p0.3,1,11,8,8,121,93,10,224
directed_cut,synthetic_n20_p0.3,1,11,9,9,125,117,3,245
directed_cut,synthetic_n20_p0.3,1,11,10,10,127,125,0,252
directed_cut,synthetic_n20_p0.3,1,12,0,0,0,0,176,176
directed_cut,synthetic_n20_p0.3,1,12,1,1,26,5,146,177
directed_cut,synthetic_n20_p0.3,1,12,2,2,49,35,104,188
directed_cut,synthetic_n20_p0.3,1,12,3,3,66,51,82,199
directed_cut,synthetic_n20_p0.3,1,12,4,4,81,63,61,205
directed_cut,synthetic_n20_p0.3,1,12,5,5,94,84,38,216
directed_cut,synthetic_n20_p0.3,1,12,6,6,107,89,24,220
directed_cut,synthetic_n20_p0.3,1,12,7,7,116,93,15,224
directed_cut,synthetic_n20_p0.3,1,12,8,8,121,93,10,224
directed_cut,synthetic_n20_p0.3,1,12,9,9,125,117,3,245
directed_cut,synthetic_n20_p0.3,1,12,10,10,127,125,0,252
directed_cut,synthetic_n20_p0.3,1,13,0,0,0,0,181,181
directed_cut,synthetic_n20_p0.3,1,13,1,1,26,5,150,181
directed_cut,synthetic_n20_p0.3,1,13,2,2,49,35,105,189
directed_cut,synthetic_n20_p0.3,1,13,3,3,66,51,82,199
directed_cut,synthetic_n20_p0.3,1,13,4,4,81,63,61,205
directed_cut,synthetic_n20_p0.3,1,13,5,5,94,84,38,216
directed_cut,synthetic_n20_p0.3,1,13,6,6,107,89,24,220
directed_cut,synthetic_n20_p0.3,1,13,7,7,116,93,15,224
directed_cut,synthetic_n20_p0.3,1,13,8,8,121,93,10,224
directed_cut,synthetic_n20_p0.3,1,13,9,9,125,117,3,245
directed_cut,synthetic_n20_p0.3,1,13,10,10,127,125,0,252
directed_cut,synthetic_n20_p0.3,1,14,0,0,0,0,185,185
directed_cut,synthetic_n20_p0.3,1,14,1,1,26,5,152,183
directed_cut,synthetic_n20_p0.3,1,14,2,2,49,35,105,189
directed_cut,synthetic_n20_p0.3,1,14,3,3,66,51,82,199
directed_cut,synthetic_n20_p0.3,1,14,4,4,81,63,61,205
directed_cut,synthetic_n20_p0.3,1,14,5,5,94,84,38,216
directed_cut,synthetic_n20_p0.3,1,14,6,6,107,89,24,220
directed_cut,synthetic_n20_p0.3,1,14,7,7,116,93,15,224
directed_cut,synthetic_n20_p0.3,1,14,8,8,121,93,10,224
directed_cut,synthetic_n20_p0.3,1,14,9,9,125,117,3,245
directed_cut,synthetic_n20_p0.3,1,14,10,10,127,125,0,252
directed_cut,synthetic_n20_p0.3,1,15,0,0,0,0,188,188
directed_cut,synthetic_n20_p0.3,1,15,1,1,26,5,153,184
directed_cut,synthetic_n20_p0.3,1,15,2,2,49,35,105,189
directed_cut,synthetic_n20_p0.3,1,15,3,3,66,51,82,199
directed_cut,synthetic_n20_p0.3,1,15,4,4,81,63,61,205
directed_cut,synthetic_n20_p0.3,1,15,5,5,94,84,38,216
directed_cut,synthetic_n20_p0.3,1,15,6,6,107,89,24,220
directed_cut,synthetic_n20_p0.3,1,15,7,7,116,93,15,224
directed_cut,synthetic_n20_p0.3,1,15,8,8,121,93,10,224
directed_cut,synthetic_n20_p0.3,1,15,9,9,125,117,3,245
directed_cut,synthetic_n20_p0.3,1,15,10,10,127,125,0,252
directed_cut,synthetic_n20_p0.3,1,16,0,0,0,0,190,190
directed_cut,synthetic_n20_p0.3,1,16,1,1,26,5,153,184
directed_cut,synthetic_n20_p0.3,1,16,2,2,49,35,105,189
directed_cut,synthetic_n20_p0.3,1,16,3,3,66,51,82,199
directed_cut,synthetic_n20_p0.3,1,16,4,4,81,63,61,205
directed_cut,synthetic_n20_p0.3,1,16,5,5,94,84,38,216
directed_cut,synthetic_n20_p0.3,1,16,6,6,107,89,24,220
directed_cut,synthetic_n20_p0.3,1,16,7,7,116,93,15,224
directed_cut,synthetic_n20_p0.3,1,16,8,8,121,93,10,224
directed_cut,synthetic_n20_p0.3,1,16,9,9,125,117,3,245
directed_cut,synthetic_n20_p0.3,1,16,10,10,127,125,0,252
directed_cut,synthetic_n20_p0.3,1,17,0,0,0,0,190,190
directed_cut,synthetic_n20_p0.3,1,17,1,1,26,5,153,184
directed_cut,synthetic_n20_p0.3,1,17,2,2,49,35,105,189
directed_cut,synthetic_n20_p0.3,1,17,3,3,66,51,82,199
directed_cut,synthetic_n20_p0.3,1,17,4,4,81,63,61,205
directed_cut,synthetic_n20_p0.3,1,17,5,5,94,84,38,216
directed_cut,synthetic_n20_p0.3,1,17,6,6,107,89,24,220
directed_cut,synthetic_n20_p0.3,1,17,7,7,116,93,15,224
directed_cut,synthetic_n20_p0.3,1,17,8,8,121,93,10,224
directed_cut,synthetic_n20_p0.3,1,17,9,9,125,117,3,245
directed_cut,synthetic_n20_p0.3,1,17,10,10,127,125,0,252
directed_cut,synthetic_n20_p0.3,1,18,0,0,0,0,190,190
directed_cut,synthetic_n20_p0.3,1,18,1,1,26,5,153,184
directed_cut,synthetic_n20_p0.3,1,18,2,2,49,35,105,189
directed_cut,synthetic_n20_p0.3,1,18,3,3,66,51,82,199
directed_cut,synthetic_n20_p0.3,1,18,4,4,81,63,61,205
directed_cut,synthetic_n20_p0.3,1,18,5,5,94,84,38,216
directed_cut,synthetic_n20_p0.3,1,18,6,6,107,89,24,220
directed_cut,synthetic_n20_p0.3,1,18,7,7,116,93,15,224
directed_cut,synthetic_n20_p0.3,1,18,8,8,121,93,10,224
directed_cut,synthetic_n20_p0.3,1,18,9,9,125,117,3,245
directed_cut,synthetic_n20_p0.3,1,18,10,10,127,125,0,252
directed_cut,synthetic_n20_p0.3,1,19,0,0,0,0,190,190
directed_cut,synthetic_n20_p0.3,1,19,1,1,26,5,153,184
directed_cut,synthetic_n20_p0.3,1,19,2,2,49,35,105,189
directed_cut,synthetic_n20_p0.3,1,19,3,3,66,51,82,199
directed_cut,synthetic_n20_p0.3,1,19,4,4,81,63,61,205
directed_cut,synthetic_n20_p0.3,1,19,5,5,94,84,38,216
directed_cut,synthetic_n20_p0.3,1,19,6,6,107,89,24,220
directed_cut,synthetic_n20_p0.3,1,19,7,7,116,93,15,224
directed_cut,synthetic_n20_p0.3,1,19,8,8,121,93,10,224
directed_cut,synthetic_n20_p0.3,1,19,9,9,125,117,3,245
directed_cut,synthetic_n20_p0.3,1,19,10,10,127,125,0,252
directed_cut,synthetic_n20_p0.3,1,20,0,0,0,0,190,190
directed_cut,synthetic_n20_p0.3,1,20,1,1,26,5,153,184
directed_cut,synthetic_n20_p0.3,1,20,2,2,49,35,105,189
directed_cut,synthetic_n20_p0.3,1,20,3,3,66,51,82,199
directed_cut,synthetic_n20_p0.3,1,20,4,4,81,63,61,205
directed_cut,synthetic_n20_p0.3,1,20,5,5,94,84,38,216
directed_cut,synthetic_n20_p0.3,1,20,6,6,107,89,24,220
directed_cut,synthetic_n20_p0.3,1,20,7,7,116,93,15,224
directed_cut,synthetic_n20_p0.3,1,20,8,8,121,93,10,224
directed_cut,synthetic_n20_p0.3,1,20,9,9,125,117,3,245
directed_cut,synthetic_n20_p0.3,1,20,10,10,127,125,0,252
directed_cut,synthetic_n20_p0.3,2,1,0,0,0,0,33,33
directed_cut,synthetic_n20_p0.3,2,1,1,1,33,15,24,72
directed_cut,synthetic_n20_p0.3,2,2,0,0,0,0,58,58
directed_cut,synthetic_n20_p0.3,2,2,1,1,33,15,46,94
directed_cut,synthetic_n20_p0.3,2,2,2,2,57,22,41,120
directed_cut,synthetic_n20_p0.3,2,3,0,0,0,0,82,82
directed_cut,synthetic_n20_p0.3,2,3,1,1,33,15,65,113
directed_cut,synthetic_n20_p0.3,2,3,2,2,57,22,58,137
directed_cut,synthetic_n20_p0.3,2,3,3,3,79,34,50,163
directed_cut,synthetic_n20_p0.3,2,4,0,0,0,0,104,104
directed_cut,synthetic_n20_p0.3,2,4,1,1,33,15,82,130
directed_cut,synthetic_n20_p0.3,2,4,2,2,57,22,72,151
directed_cut,synthetic_n20_p0.3,2,4,3,3,79,34,59,172
directed_cut,synthetic_n20_p0.3,2,4,4,4,98,39,45,182
directed_cut,synthetic_n20_p0.3,2,5,0,0,0,0,125,125
directed_cut,synthetic_n20_p0.3,2,5,1,1,33,15,96,144
directed_cut,synthetic_n20_p0.3,2,5,2,2,57,22,81,160
directed_cut,synthetic_n20_p0.3,2,5,3,3,79,34,66,179
directed_cut,synthetic_n20_p0.3,2,5,4,4,98,39,50,187
directed_cut,synthetic_n20_p0.3,2,5,5,5,115,48,35,198
directed_cut,synthetic_n20_p0.3,2,6,0,0,0,0,135,135
directed_cut,synthetic_n20_p0.3,2,6,1,1,33,15,105,153
directed_cut,synthetic_n20_p0.3,2,6,2,2,57,22,90,169
directed_cut,synthetic_n20_p0.3,2,6,3,3,79,34,72,185
directed_cut,synthetic_n20_p0.3,2,6,4,4,98,39,53,190
directed_cut,synthetic_n20_p0.3,2,6,5,5,115,48,35,198
directed_cut,synthetic_n20_p0.3,2,6,6,6,124,63,14,201
directed_cut,synthetic_n20_p0.3,2,7,0,0,0,0,144,144
directed_cut,synthetic_n20_p0.3,2,7,1,1,33,15,114,162
directed_cut,synthetic_n20_p0.3,2,7,2,2,57,22,95,174
directed_cut,synthetic_n20_p0.3,2,7,3,3,79,34,72,185
directed_cut,synthetic_n20_p0.3,2,7,4,4,98,39,53,190
directed_cut,synthetic_n20_p0.3,2,7,5,5,115,48,35,198
directed_cut,synthetic_n20_p0.3,2,7,6,6,124,63,14,201
directed_cut,synthetic_n20_p0.3,2,7,7,7,131,89,7,227
directed_cut,synthetic_n20_p0.3,2,8,0,0,0,0,153,153
directed_cut,synthetic_n20_p0.3,2,8,1,1,33,15,118,166
directed_cut,synthetic_n20_p0.3,2,8,2,2,57,22,96,175
directed_cut,synthetic_n20_p0.3,2,8,3,3,79,34,72,185
directed_cut,synthetic_n20_p0.3,2,8,4,4,98,39,53,190
directed_cut,synthetic_n20_p0.3,2,8,5,5,115,48,35,198
directed_cut,synthetic_n20_p0.3,2,8,6,6,124,63,14,201
directed_cut,synthetic_n20_p0.3,2,8,7,7,131,89,7,227
directed_cut,synthetic_n20_p0.3,2,8,8,8,137,102,1,240
directed_cut,synthetic_n20_p0.3,2,9,0,0,0,0,161,161
directed_cut,synthetic_n20_p0.3,2,9,1,1,33,15,120,168
directed_cut,synthetic_n20_p0.3,2,9,2,2,57,22,97,176
directed_cut,synthetic_n20_p0.3,2,9,3,3,79,34,72,185
directed_cut,synthetic_n20_p0.3,2,9,4,4,98,39,53,190
directed_cut,synthetic_n20_p0.3,2,9,5,5,115,48,35,198
directed_cut,synthetic_n20_p0.3,2,9,6,6,124,63,14,201
directed_cut,synthetic_n20_p0.3,2,9,7,7,131,89,7,227
directed_cut,synthetic_n20_p0.3,2,9,8,8,137,102,1,240
directed_cut,synthetic_n20_p0.3,2,9,9,9,138,102,0,240
directed_cut,synthetic_n20_p0.3,2,10,0,0,0,0,167,167
directed_cut,synthetic_n20_p0.3,2,10,1,1,33,15,121,169
directed_cut,synthetic_n20_p0.3,2,10,2,2,57,22,98,177
directed_cut,synthetic_n20_p0.3,2,10,3,3,79,34,72,185
directed_cut,synthetic_n20_p0.3,2,10,4,4,98,39,53,190
directed_cut,synthetic_n20_p0.3,2,10,5,5,115,48,35,198
directed_cut,synthetic_n20_p0.3,2,10,6,6,124,63,14,201
directed_cut,synthetic_n20_p0.3,2,10,7,7,131,89,7,227
directed_cut,synthetic_n20_p0.3,2,10,8,8,137,102,1,240
directed_cut,synthetic_n20_p0.3,2,10,9,9,138,102,0,240
directed_cut,synthetic_n20_p0.3,2,11,0,0,0,0,171,171
directed_cut,synthetic_n20_p0.3,2,11,1,1,33,15,122,170
directed_cut,synthetic_n20_p0.3,2,11,2,2,57,22,98,177
directed_cut,synthetic_n20_p0.3,2,11,3,3,79,34,72,185
directed_cut,synthetic_n20_p0.3,2,11,4,4,98,39,53,190
directed_cut,synthetic_n20_p0.3,2,11,5,5,115,48,35,198
directed_cut,synthetic_n20_p0.3,2,11,6,6,124,63,14,201
directed_cut,synthetic_n20_p0.3,2,11,7,7,131,89,7,227
directed_cut,synthetic_n20_p0.3,2,11,8,8,137,102,1,240
directed_cut,synthetic_n20_p0.3,2,11,9,9,138,102,0,240
directed_cut,synthetic_n20_p0.3,2,12,0,0,0,0,174,174
directed_cut,synthetic_n20_p0.3,2,12,1,1,33,15,123,171
directed_cut,synthetic_n20_p0.3,2,12,2,2,57,22,98,177
directed_cut,synthetic_n20_p0.3,2,12,3,3,79,34,72,185
directed_cut,synthetic_n20_p0.3,2,12,4,4,98,39,53,190
directed_cut,synthetic_n20_p0.3,2,12,5,5,115,48,35,198
directed_cut,synthetic_n20_p0.3,2,12,6,6,124,63,14,201
directed_cut,synthetic_n20_p0.3,2,12,7,7,131,89,7,227
directed_cut,synthetic_n20_p0.3,2,12,8,8,137,102,1,240
directed_cut,synthetic_n20_p0.3,2,12,9,9,138,102,0,240
directed_cut,synthetic_n20_p0.3,2,13,0,0,0,0,175,175
directed_cut,synthetic_n20_p0.3,2,13,1,1,33,15,123,171
directed_cut,synthetic_n20_p0.3,2,13,2,2,57,22,98,177
directed_cut,synthetic_n20_p0.3,2,13,3,3,79,34,72,185
directed_cut,synthetic_n20_p0.3,2,13,4,4,98,39,53,190
directed_cut,synthetic_n20_p0.3,2,13,5,5,115,48,35,198
directed_cut,synthetic_n20_p0.3,2,13,6,6,124,63,14,201
directed_cut,synthetic_n20_p0.3,2,13,7,7,131,89,7,227
directed_cut,synthetic_n20_p0.3,2,13,8,8,137,102,1,240
directed_cut,synthetic_n20_p0.3,2,13,9,9,138,102,0,240
directed_cut,synthetic_n20_p0.3,2,14,0,0,0,0,175,175
directed_cut,synthetic_n20_p0.3,2,14,1,1,33,15,123,171
directed_cut,synthetic_n20_p0.3,2,14,2,2,57,22,98,177
directed_cut,synthetic_n20_p0.3,2,14,3,3,79,34,72,185
directed_cut,synthetic_n20_p0.3,2,14,4,4,98,39,53,190
directed_cut,synthetic_n20_p0.3,2,14,5,5,115,48,35,198
directed_cut,synthetic_n20_p0.3,2,14,6,6,124,63,14,201
directed_cut,synthetic_n20_p0.3,2,14,7,7,131,89,7,227
directed_cut,synthetic_n20_p0.3,2,14,8,8,137,102,1,240
directed_cut,synthetic_n20_p0.3,2,14,9,9,138,102,0,240
directed_cut,synthetic_n20_p0.3,2,15,0,0,0,0,175,175
directed_cut,synthetic_n20_p0.3,2,15,1,1,33,15,123,171
directed_cut,synthetic_n20_p0.3,2,15,2,2,57,22,98,177
directed_cut,synthetic_n20_p0.3,2,15,3,3,79,34,72,185
directed_cut,synthetic_n20_p0.3,2,15,4,4,98,39,53,190
directed_cut,synthetic_n20_p0.3,2,15,5,5,115,48,35,198
directed_cut,synthetic_n20_p0.3,2,15,6,6,124,63,14,201
directed_cut,synthetic_n20_p0.3,2,15,7,7,131,89,7,227
directed_cut,synthetic_n20_p0.3,2,15,8,8,137,102,1,240
directed_cut,synthetic_n20_p0.3,2,15,9,9,138,102,0,240
directed_cut,synthetic_n20_p0.3,2,16,0,0,0,0,175,175
directed_cut,synthetic_n20_p0.3,2,16,1,1,33,15,123,171
directed_cut,synthetic_n20_p0.3,2,16,2,2,57,22,98,177
directed_cut,synthetic_n20_p0.3,2,16,3,3,79,34,72,185
directed_cut,synthetic_n20_p0.3,2,16,4,4,98,39,53,190
directed_cut,synthetic_n20_p0.3,2,16,5,5,115,48,35,198
directed_cut,synthetic_n20_p0.3,2,16,6,6,124,63,14,201
directed_cut,synthetic_n20_p0.3,2,16,7,7,131,89,7,227
directed_cut,synthetic_n20_p0.3,2,16,8,8,137,102,1,240
directed_cut,synthetic_n20_p0.3,2,16,9,9,138,102,0,240
directed_cut,synthetic_n20_p0.3,2,17,0,0,0,0,175,175
directed_cut,synthetic_n20_p0.3,2,17,1,1,33,15,123,171
directed_cut,synthetic_n20_p0.3,2,17,2,2,57,22,98,177
directed_cut,synthetic_n20_p0.3,2,17,3,3,79,34,72,185
directed_cut,synthetic_n20_p0.3,2,17,4,4,98,39,53,190
directed_cut,synthetic_n20_p0.3,2,17,5,5,115,48,35,198
directed_cut,synthetic_n20_p0.3,2,17,6,6,124,63,14,201
directed_cut,synthetic_n20_p0.3,2,17,7,7,131,89,7,227
directed_cut,synthetic_n20_p0.3,2,17,8,8,137,102,1,240
directed_cut,synthetic_n20_p0.3,2,17,9,9,138,102,0,240
directed_cut,synthetic_n20_p0.3,2,18,0,0,0,0,175,175
directed_cut,synthetic_n20_p0.3,2,18,1,1,33,15,123,171
directed_cut,synthetic_n20_p0.3,2,18,2,2,57,22,98,177
directed_cut,synthetic_n20_p0.3,2,18,3,3,79,34,72,185
directed_cut,synthetic_n20_p0.3,2,18,4,4,98,39,53,190
directed_cut,synthetic_n20_p0.3,2,18,5,5,115,48,35,198
directed_cut,synthetic_n20_p0.3,2,18,6,6,124,63,14,201
directed_cut,synthetic_n20_p0.3,2,18,7,7,131,89,7,227
directed_cut,synthetic_n20_p0.3,2,18,8,8,137,102,1,240
directed_cut,synthetic_n20_p0.3,2,18,9,9,138,102,0,240
directed_cut,synthetic_n20_p0.3,2,19,0,0,0,0,175,175
directed_cut,synthetic_n20_p0.3,2,19,1,1,33,15,123,171
directed_cut,synthetic_n20_p0.3,2,19,2,2,57,22,98,177
directed_cut,synthetic_n20_p0.3,2,19,3,3,79,34,72,185
directed_cut,synthetic_n20_p0.3,2,19,4,4,98,39,53,190
directed_cut,synthetic_n20_p0.3,2,19,5,5,115,48,35,198
directed_cut,synthetic_n20_p0.3,2,19,6,6,124,63,14,201
directed_cut,synthetic_n20_p0.3,2,19,7,7,131,89,7,227
directed_cut,synthetic_n20_p0.3,2,19,8,8,137,102,1,240
directed_cut,synthetic_n20_p0.3,2,19,9,9,138,102,0,240
directed_cut,synthetic_n20_p0.3,2,20,0,0,0,0,175,175
directed_cut,synthetic_n20_p0.3,2,20,1,1,33,15,123,171
directed_cut,synthetic_n20_p0.3,2,20,2,2,57,22,98,177
directed_cut,synthetic_n20_p0.3,2,20,3,3,79,34,72,185
directed_cut,synthetic_n20_p0.3,2,20,4,4,98,39,53,190
directed_cut,synthetic_n20_p0.3,2,20,5,5,115,48,35,198
directed_cut,synthetic_n20_p0.3,2,20,6,6,124,63,14,201
directed_cut,synthetic_n20_p0.3,2,20,7,7,131,89,7,227
directed_cut,synthetic_n20_p0.3,2,20,8,8,137,102,1,240
directed_cut,synthetic_n20_p0.3,2,20,9,9,138,102,0,240
directed_cut,synthetic_n20_p0.3,3,1,0,0,0,0,29,29
directed_cut,synthetic_n20_p0.3,3,1,1,1,29,15,19,63
directed_cut,synthetic_n20_p0.3,3,2,0,0,0,0,48,48
directed_cut,synthetic_n20_p0.3,3,2,1,1,29,15,37,81
directed_cut,synthetic_n20_p0.3,3,2,2,2,48,35,33,116
directed_cut,synthetic_n20_p0.3,3,3,0,0,0,0,66,66
directed_cut,synthetic_n20_p0.3,3,3,1,1,29,15,55,99
directed_cut,synthetic_n20_p0.3,3,3,2,2,48,35,47,130
directed_cut,synthetic_n20_p0.3,3,3,3,3,66,35,41,142
directed_cut,synthetic_n20_p0.3,3,4,0,0,0,0,84,84
directed_cut,synthetic_n20_p0.3,3,4,1,1,29,15,70,114
directed_cut,synthetic_n20_p0.3,3,4,2,2,48,35,59,142
directed_cut,synthetic_n20_p0.3,3,4,3,3,66,35,51,152
directed_cut,synthetic_n20_p0.3,3,4,4,4,81,44,45,170
directed_cut,synthetic_n20_p0.3,3,5,0,0,0,0,102,102
directed_cut,synthetic_n20_p0.3,3,5,1,1,29,15,82,126
directed_cut,synthetic_n20_p0.3,3,5,2,2,48,35,69,152
directed_cut,synthetic_n20_p0.3,3,5,3,3,66,35,60,161
directed_cut,synthetic_n20_p0.3,3,5,4,4,81,44,46,171
directed_cut,synthetic_n20_p0.3,3,5,5,5,95,63,32,190
directed_cut,synthetic_n20_p0.3,3,6,0,0,0,0,117,117
directed_cut,synthetic_n20_p0.3,3,6,1,1,29,15,94,138
directed_cut,synthetic_n20_p0.3,3,6,2,2,48,35,78,161
directed_cut,synthetic_n20_p0.3,3,6,3,3,66,35,62,163
directed_cut,synthetic_n20_p0.3,3,6,4,4,81,44,47,172
directed_cut,synthetic_n20_p0.3,3,6,5,5,95,63,32,190
directed_cut,synthetic_n20_p0.3,3,6,6,6,107,70,20,197
directed_cut,synthetic_n20_p0.3,3,7,0,0,0,0,128,128
directed_cut,synthetic_n20_p0.3,3,7,1,1,29,15,104,148
directed_cut,synthetic_n20_p0.3,3,7,2,2,48,35,80,163
directed_cut,synthetic_n20_p0.3,3,7,3,3,66,35,63,164
directed_cut,synthetic_n20_p0.3,3,7,4,4,81,44,47,172
directed_cut,synthetic_n20_p0.3,3,7,5,5,95,63,32,190
directed_cut,synthetic_n20_p0.3,3,7,6,6,107,70,20,197
directed_cut,synthetic_n20_p0.3,3,7,7,7,117,78,6,201
directed_cut,synthetic_n20_p0.3,3,8,0,0,0,0,136,136
directed_cut,synthetic_n20_p0.3,3,8,1,1,29,15,107,151
directed_cut,synthetic_n20_p0.3,3,8,2,2,48,35,81,164
directed_cut,synthetic_n20_p0.3,3,8,3,3,66,35,64,165
directed_cut,synthetic_n20_p0.3,3,8,4,4,81,44,47,172
directed_cut,synthetic_n20_p0.3,3,8,5,5,95,63,32,190
directed_cut,synthetic_n20_p0.3,3,8,6,6,107,70,20,197
directed_cut,synthetic_n20_p0.3,3,8,7,7,117,78,6,201
directed_cut,synthetic_n20_p0.3,3,8,8,8,121,87,1,209
directed_cut,synthetic_n20_p0.3,3,9,0,0,0,0,144,144
directed_cut,synthetic_n20_p0.3,3,9,1,1,29,15,110,154
directed_cut,synthetic_n20_p0.3,3,9,2,2,48,35,82,165
directed_cut,synthetic_n20_p0.3,3,9,3,3,66,35,64,165
directed_cut,synthetic_n20_p0.3,3,9,4,4,81,44,47,172
directed_cut,synthetic_n20_p0.3,3,9,5,5,95,63,32,190
directed_cut,synthetic_n20_p0.3,3,9,6,6,107,70,20,197
directed_cut,synthetic_n20_p0.3,3,9,7,7,117,78,6,201
directed_cut,synthetic_n20_p0.3,3,9,8,8,121,87,1,209
directed_cut,synthetic_n20_p0.3,3,9,9,9,122,98,0,220
directed_cut,synthetic_n20_p0.3,3,10,0,0,0,0,151,151
directed_cut,synthetic_n20_p0.3,3,10,1,1,29,15,113,157
directed_cut,synthetic_n20_p0.3,3,10,2,2,48,35,82,165
directed_cut,synthetic_n20_p0.3,3,10,3,3,66,35,64,165
directed_cut,synthetic_n20_p0.3,3,10,4,4,81,44,47,172
directed_cut,synthetic_n20_p0.3,3,10,5,5,95,63,32,190
directed_cut,synthetic_n20_p0.3,3,10,6,6,107,70,20,197
directed_cut,synthetic_n20_p0.3,3,10,7,7,117,78,6,201
directed_cut,synthetic_n20_p0.3,3,10,8,8,121,87,1,209
directed_cut,synthetic_n20_p0.3,3,10,9,9,122,98,0,220
directed_cut,synthetic_n20_p0.3,3,11,0,0,0,0,154,154
directed_cut,synthetic_n20_p0.3,3,11,1,1,29,15,115,159
directed_cut,synthetic_n20_p0.3,3,11,2,2,48,35,82,165
directed_cut,synthetic_n20_p0.3,3,11,3,3,66,35,64,165
directed_cut,synthetic_n20_p0.3,3,11,4,4,81,44,47,172
directed_cut,synthetic_n20_p0.3,3,11,5,5,95,63,32,190
directed_cut,synthetic_n20_p0.3,3,11,6,6,107,70,20,197
directed_cut,synthetic_n20_p0.3,3,11,7,7,117,78,6,201
directed_cut,synthetic_n20_p0.3,3,11,8,8,121,87,1,209
directed_cut,synthetic_n20_p0.3,3,11,9,9,122,98,0,220
directed_cut,synthetic_n20_p0.3,3,12,0,0,0,0,157,157
directed_cut,synthetic_n20_p0.3,3,12,1,1,29,15,116,160
directed_cut,synthetic_n20_p0.3,3,12,2,2,48,35,82,165
directed_cut,synthetic_n20_p0.3,3,12,3,3,66,35,64,165
directed_cut,synthetic_n20_p0.3,3,12,4,4,81,44,47,172
directed_cut,synthetic_n20_p0.3,3,12,5,5,95,63,32,190
directed_cut,synthetic_n20_p0.3,3,12,6,6,107,70,20,197
directed_cut,synthetic_n20_p0.3,3,12,7,7,117,78,6,201
directed_cut,synthetic_n20_p0.3,3,12,8,8,121,87,1,209
directed_cut,synthetic_n20_p0.3,3,12,9,9,122,98,0,220
directed_cut,synthetic_n20_p0.3,3,13,0,0,0,0,159,159
directed_cut,synthetic_n20_p0.3,3,13,1,1,29,15,116,160
directed_cut,synthetic_n20_p0.3,3,13,2,2,48,35,82,165
directed_cut,synthetic_n20_p0.3,3,13,3,3,66,35,64,165
directed_cut,synthetic_n20_p0.3,3,13,4,4,81,44,47,172
directed_cut,synthetic_n20_p0.3,3,13,5,5,95,63,32,190
directed_cut,synthetic_n20_p0.3,3,13,6,6,107,70,20,197
directed_cut,synthetic_n20_p0.3,3,13,7,7,117,78,6,201
directed_cut,synthetic_n20_p0.3,3,13,8,8,121,87,1,209
directed_cut,synthetic_n20_p0.3,3,13,9,9,122,98,0,220
directed_cut,synthetic_n20_p0.3,3,14,0,0,0,0,159,159
directed_cut,synthetic_n20_p0.3,3,14,1,1,29,15,116,160
directed_cut,synthetic_n20_p0.3,3,14,2,2,48,35,82,165
directed_cut,synthetic_n20_p0.3,3,14,3,3,66,35,64,165
directed_cut,synthetic_n20_p0.3,3,14,4,4,81,44,47,172
directed_cut,synthetic_n20_p0.3,3,14,5,5,95,63,32,190
directed_cut,synthetic_n20_p0.3,3,14,6,6,107,70,20,197
directed_cut,synthetic_n20_p0.3,3,14,7,7,117,78,6,201
directed_cut,synthetic_n20_p0.3,3,14,8,8,121,87,1,209
directed_cut,synthetic_n20_p0.3,3,14,9,9,122,98,0,220
directed_cut,synthetic_n20_p0.3,3,15,0,0,0,0,159,159
directed_cut,synthetic_n20_p0.3,3,15,1,1,29,15,116,160
directed_cut,synthetic_n20_p0.3,3,15,2,2,48,35,82,165
directed_cut,synthetic_n20_p0.3,3,15,3,3,66,35,64,165
directed_cut,synthetic_n20_p0.3,3,15,4,4,81,44,47,172
directed_cut,synthetic_n20_p0.3,3,15,5,5,95,63,32,190
directed_cut,synthetic_n20_p0.3,3,15,6,6,107,70,20,197
directed_cut,synthetic_n20_p0.3,3,15,7,7,117,78,6,201
directed_cut,synthetic_n20_p0.3,3,15,8,8,121,87,1,209
directed_cut,synthetic_n20_p0.3,3,15,9,9,122,98,0,220
directed_cut,synthetic_n20_p0.3,3,16,0,0,0,0,159,159
directed_cut,synthetic_n20_p0.3,3,16,1,1,29,15,116,160
directed_cut,synthetic_n20_p0.3,3,16,2,2,48,35,82,165
directed_cut,synthetic_n20_p0.3,3,16,3,3,66,35,64,165
directed_cut,synthetic_n20_p0.3,3,16,4,4,81,44,47,172
directed_cut,synthetic_n20_p0.3,3,16,5,5,95,63,32,190
directed_cut,synthetic_n20_p0.3,3,16,6,6,107,70,20,197
directed_cut,synthetic_n20_p0.3,3,16,7,7,117,78,6,201
directed_cut,synthetic_n20_p0.3,3,16,8,8,121,87,1,209
directed_cut,synthetic_n20_p0.3,3,16,9,9,122,98,0,220
directed_cut,synthetic_n20_p0.3,3,17,0,0,0,0,159,159
directed_cut,synthetic_n20_p0.3,3,17,1,1,29,15,116,160
directed_cut,synthetic_n20_p0.3,3,17,2,2,48,35,82,165
directed_cut,synthetic_n20_p0.3,3,17,3,3,66,35,64,165
directed_cut,synthetic_n20_p0.3,3,17,4,4,81,44,47,172
directed_cut,synthetic_n20_p0.3,3,17,5,5,95,63,32,190
directed_cut,synthetic_n20_p0.3,3,17,6,6,107,70,20,197
directed_cut,synthetic_n20_p0.3,3,17,7,7,117,78,6,201
directed_cut,synthetic_n20_p0.3,3,17,8,8,121,87,1,209
directed_cut,synthetic_n20_p0.3,3,17,9,9,122,98,0,220
directed_cut,synthetic_n20_p0.3,3,18,0,0,0,0,159,159
directed_cut,synthetic_n20_p0.3,3,18,1,1,29,15,116,160
directed_cut,synthetic_n20_p0.3,3,18,2,2,48,35,82,165
directed_cut,synthetic_n20_p0.3,3,18,3,3,66,35,64,165
directed_cut,synthetic_n20_p0.3,3,18,4,4,81,44,47,172
directed_cut,synthetic_n20_p0.3,3,18,5,5,95,63,32,190
directed_cut,synthetic_n20_p0.3,3,18,6,6,107,70,20,197
directed_cut,synthetic_n20_p0.3,3,18,7,7,117,78,6,201
directed_cut,synthetic_n20_p0.3,3,18,8,8,121,87,1,209
directed_cut,synthetic_n20_p0.3,3,18,9,9,122,98,0,220
directed_cut,synthetic_n20_p0.3,3,19,0,0,0,0,159,159
directed_cut,synthetic_n20_p0.3,3,19,1,1,29,15,116,160
directed_cut,synthetic_n20_p0.3,3,19,2,2,48,35,82,165
directed_cut,synthetic_n20_p0.3,3,19,3,3,66,35,64,165
directed_cut,synthetic_n20_p0.3,3,19,4,4,81,44,47,172
directed_cut,synthetic_n20_p0.3,3,19,5,5,95,63,32,190
directed_cut,synthetic_n20_p0.3,3,19,6,6,107,70,20,197
directed_cut,synthetic_n20_p0.3,3,19,7,7,117,78,6,201
directed_cut,synthetic_n20_p0.3,3,19,8,8,121,87,1,209
directed_cut,synthetic_n20_p0.3,3,19,9,9,122,98,0,220
directed_cut,synthetic_n20_p0.3,3,20,0,0,0,0,159,159
directed_cut,synthetic_n20_p0.3,3,20,1,1,29,15,116,160
directed_cut,synthetic_n20_p0.3,3,20,2,2,48,35,82,165
directed_cut,synthetic_n20_p0.3,3,20,3,3,66,35,64,165
directed_cut,synthetic_n20_p0.3,3,20,4,4,81,44,47,172
directed_cut,synthetic_n20_p0.3,3,20,5,5,95,63,32,190
directed_cut,synthetic_n20_p0.3,3,20,6,6,107,70,20,197
directed_cut,synthetic_n20_p0.3,3,20,7,7,117,78,6,201
directed_cut,synthetic_n20_p0.3,3,20,8,8,121,87,1,209
directed_cut,synthetic_n20_p0.3,3,20,9,9,122,98,0,220
directed_cut,synthetic_n20_p0.3,4,1,0,0,0,0,29,29
directed_cut,synthetic_n20_p0.3,4,1,1,1,29,16,28,73
directed_cut,synthetic_n20_p0.3,4,2,0,0,0,0,57,57
directed_cut,synthetic_n20_p0.3,4,2,1,1,29,16,51,96
directed_cut,synthetic_n20_p0.3,4,2,2,2,57,24,40,121
directed_cut,synthetic_n20_p0.3,4,3,0,0,0,0,80,80
directed_cut,synthetic_n20_p0.3,4,3,1,1,29,16,68,113
directed_cut,synthetic_n20_p0.3,4,3,2,2,57,24,57,138
directed_cut,synthetic_n20_p0.3,4,3,3,3,80,24,44,148
directed_cut,synthetic_n20_p0.3,4,4,0,0,0,0,97,97
directed_cut,synthetic_n20_p0.3,4,4,1,1,29,16,85,130
directed_cut,synthetic_n20_p0.3,4,4,2,2,57,24,67,148
directed_cut,synthetic_n20_p0.3,4,4,3,3,80,24,53,157
directed_cut,synthetic_n20_p0.3,4,4,4,4,97,28,41,166
directed_cut,synthetic_n20_p0.3,4,5,0,0,0,0,114,114
directed_cut,synthetic_n20_p0.3,4,5,1,1,29,16,99,144
directed_cut,synthetic_n20_p0.3,4,5,2,2,57,24,76,157
directed_cut,synthetic_n20_p0.3,4,5,3,3,80,24,58,162
directed_cut,synthetic_n20_p0.3,4,5,4,4,97,28,45,170
directed_cut,synthetic_n20_p0.3,4,5,5,5,114,28,31,173
directed_cut,synthetic_n20_p0.3,4,6,0,0,0,0,128,128
directed_cut,synthetic_n20_p0.3,4,6,1,1,29,16,109,154
directed_cut,synthetic_n20_p0.3,4,6,2,2,57,24,81,162
directed_cut,synthetic_n20_p0.3,4,6,3,3,80,24,63,167
directed_cut,synthetic_n20_p0.3,4,6,4,4,97,28,48,173
directed_cut,synthetic_n20_p0.3,4,6,5,5,114,28,31,173
directed_cut,synthetic_n20_p0.3,4,6,6,6,124,33,19,176
directed_cut,synthetic_n20_p0.3,4,7,0,0,0,0,138,138
directed_cut,synthetic_n20_p0.3,4,7,1,1,29,16,115,160
directed_cut,synthetic_n20_p0.3,4,7,2,2,57,24,86,167
directed_cut,synthetic_n20_p0.3,4,7,3,3,80,24,66,170
directed_cut,synthetic_n20_p0.3,4,7,4,4,97,28,51,176
directed_cut,synthetic_n20_p0.3,4,7,5,5,114,28,31,173
directed_cut,synthetic_n20_p0.3,4,7,6,6,124,33,19,176
directed_cut,synthetic_n20_p0.3,4,7,7,7,133,39,10,182
directed_cut,synthetic_n20_p0.3,4,8,0,0,0,0,148,148
directed_cut,synthetic_n20_p0.3,4,8,1,1,29,16,120,165
directed_cut,synthetic_n20_p0.3,4,8,2,2,57,24,89,170
directed_cut,synthetic_n20_p0.3,4,8,3,3,80,24,68,172
directed_cut,synthetic_n20_p0.3,4,8,4,4,97,28,51,176
directed_cut,synthetic_n20_p0.3,4,8,5,5,114,28,31,173
directed_cut,synthetic_n20_p0.3,4,8,6,6,124,33,19,176
directed_cut,synthetic_n20_p0.3,4,8,7,7,133,39,10,182
directed_cut,synthetic_n20_p0.3,4,8,8,8,138,52,3,193
directed_cut,synthetic_n20_p0.3,4,9,0,0,0,0,155,155
directed_cut,synthetic_n20_p0.3,4,9,1,1,29,16,124,169
directed_cut,synthetic_n20_p0.3,4,9,2,2,57,24,91,172
directed_cut,synthetic_n20_p0.3,4,9,3,3,80,24,68,172
directed_cut,synthetic_n20_p0.3,4,9,4,4,97,28,51,176
directed_cut,synthetic_n20_p0.3,4,9,5,5,114,28,31,173
directed_cut,synthetic_n20_p0.3,4,9,6,6,124,33,19,176
directed_cut,synthetic_n20_p0.3,4,9,7,7,133,39,10,182
directed_cut,synthetic_n20_p0.3,4,9,8,8,138,52,3,193
directed_cut,synthetic_n20_p0.3,4,9,9,9,141,66,0,207
directed_cut,synthetic_n20_p0.3,4,10,0,0,0,0,162,162
directed_cut,synthetic_n20_p0.3,4,10,1,1,29,16,126,171
directed_cut,synthetic_n20_p0.3,4,10,2,2,57,24,93,174
directed_cut,synthetic_n20_p0.3,4,10,3,3,80,24,68,172
directed_cut,synthetic_n20_p0.3,4,10,4,4,97,28,51,176
directed_cut,synthetic_n20_p0.3,4,10,5,5,114,28,31,173
directed_cut,synthetic_n20_p0.3,4,10,6,6,124,33,19,176
directed_cut,synthetic_n20_p0.3,4,10,7,7,133,39,10,182
directed_cut,synthetic_n20_p0.3,4,10,8,8,138,52,3,193
directed_cut,synthetic_n20_p0.3,4,10,9,9,141,66,0,207
directed_cut,synthetic_n20_p0.3,4,11,0,0,0,0,168,168
directed_cut,synthetic_n20_p0.3,4,11,1,1,29,16,128,173
directed_cut,synthetic_n20_p0.3,4,11,2,2,57,24,94,175
directed_cut,synthetic_n20_p0.3,4,11,3,3,80,24,68,172
directed_cut,synthetic_n20_p0.3,4,11,4,4,97,28,51,176
directed_cut,synthetic_n20_p0.3,4,11,5,5,114,28,31,173
directed_cut,synthetic_n20_p0.3,4,11,6,6,124,33,19,176
directed_cut,synthetic_n20_p0.3,4,11,7,7,133,39,10,182
directed_cut,synthetic_n20_p0.3,4,11,8,8,138,52,3,193
directed_cut,synthetic_n20_p0.3,4,11,9,9,141,66,0,207
directed_cut,synthetic_n20_p0.3,4,12,0,0,0,0,173,173
directed_cut,synthetic_n20_p0.3,4,12,1,1,29,16,129,174
directed_cut,synthetic_n20_p0.3,4,12,2,2,57,24,95,176
directed_cut,synthetic_n20_p0.3,4,12,3,3,80,24,68,172
directed_cut,synthetic_n20_p0.3,4,12,4,4,97,28,51,176
directed_cut,synthetic_n20_p0.3,4,12,5,5,114,28,31,173
directed_cut,synthetic_n20_p0.3,4,12,6,6,124,33,19,176
directed_cut,synthetic_n20_p0.3,4,12,7,7,133,39,10,182
directed_cut,synthetic_n20_p0.3,4,12,8,8,138,52,3,193
directed_cut,synthetic_n20_p0.3,4,12,9,9,141,66,0,207
directed_cut,synthetic_n20_p0.3,4,13,0,0,0,0,178,178
directed_cut,synthetic_n20_p0.3,4,13,1,1,29,16,130,175
directed_cut,synthetic_n20_p0.3,4,13,2,2,57,24,95,176
directed_cut,synthetic_n20_p0.3,4,13,3,3,80,24,68,172
directed_cut,synthetic_n20_p0.3,4,13,4,4,97,28,51,176
directed_cut,synthetic_n20_p0.3,4,13,5,5,114,28,31,173
directed_cut,synthetic_n20_p0.3,4,13,6,6,124,33,19,176
directed_cut,synthetic_n20_p0.3,4,13,7,7,133,39,10,182
directed_cut,synthetic_n20_p0.3,4,13,8,8,138,52,3,193
directed_cut,synthetic_n20_p0.3,4,13,9,9,141,66,0,207
directed_cut,synthetic_n20_p0.3,4,14,0,0,0,0,181,181
directed_cut,synthetic_n20_p0.3,4,14,1,1,29,16,130,175
directed_cut,synthetic_n20_p0.3,4,14,2,2,57,24,95,176
directed_cut,synthetic_n20_p0.3,4,14,3,3,80,24,68,172
directed_cut,synthetic_n20_p0.3,4,14,4,4,97,28,51,176
directed_cut,synthetic_n20_p0.3,4,14,5,5,114,28,31,173
directed_cut,synthetic_n20_p0.3,4,14,6,6,124,33,19,176
directed_cut,synthetic_n20_p0.3,4,14,7,7,133,39,10,182
directed_cut,synthetic_n20_p0.3,4,14,8,8,138,52,3,193
directed_cut,synthetic_n20_p0.3,4,14,9,9,141,66,0,207
directed_cut,synthetic_n20_p0.3,4,15,0,0,0,0,181,181
directed_cut,synthetic_n20_p0.3,4,15,1,1,29,16,130,175
directed_cut,synthetic_n20_p0.3,4,15,2,2,57,24,95,176
directed_cut,synthetic_n20_p0.3,4,15,3,3,80,24,68,172
directed_cut,synthetic_n20_p0.3,4,15,4,4,97,28,51,176
directed_cut,synthetic_n20_p0.3,4,15,5,5,114,28,31,173
directed_cut,synthetic_n20_p0.3,4,15,6,6,124,33,19,176
directed_cut,synthetic_n20_p0.3,4,15,7,7,133,39,10,182
directed_cut,synthetic_n20_p0.3,4,15,8,8,138,52,3,193
directed_cut,synthetic_n20_p0.3,4,15,9,9,141,66,0,207
directed_cut,synthetic_n20_p0.3,4,16,0,0,0,0,181,181
directed_cut,synthetic_n20_p0.3,4,16,1,1,29,16,130,175
directed_cut,synthetic_n20_p0.3,4,16,2,2,57,24,95,176
directed_cut,synthetic_n20_p0.3,4,16,3,3,80,24,68,172
directed_cut,synthetic_n20_p0.3,4,16,4,4,97,28,51,176
directed_cut,synthetic_n20_p0.3,4,16,5,5,114,28,31,173
directed_cut,synthetic_n20_p0.3,4,16,6,6,124,33,19,176
directed_cut,synthetic_n20_p0.3,4,16,7,7,133,39,10,182
directed_cut,synthetic_n20_p0.3,4,16,8,8,138,52,3,193
directed_cut,synthetic_n20_p0.3,4,16,9,9,141,66,0,207
directed_cut,synthetic_n20_p0.3,4,17,0,0,0,0,181,181
directed_cut,synthetic_n20_p0.3,4,17,1,1,29,16,130,175
directed_cut,synthetic_n20_p0.3,4,17,2,2,57,24,95,176
directed_cut,synthetic_n20_p0.3,4,17,3,3,80,24,68,172
directed_cut,synthetic_n20_p0.3,4,17,4,4,97,28,51,176
directed_cut,synthetic_n20_p0.3,4,17,5,5,114,28,31,173
directed_cut,synthetic_n20_p0.3,4,17,6,6,124,33,19,176
directed_cut,synthetic_n20_p0.3,4,17,7,7,133,39,10,182
directed_cut,synthetic_n20_p0.3,4,17,8,8,138,52,3,193
directed_cut,synthetic_n20_p0.3,4,17,9,9,141,66,0,207
directed_cut,synthetic_n20_p0.3,4,18,0,0,0,0,181,181
directed_cut,synthetic_n20_p0.3,4,18,1,1,29,16,130,175
directed_cut,synthetic_n20_p0.3,4,18,2,2,57,24,95,176
directed_cut,synthetic_n20_p0.3,4,18,3,3,80,24,68,172
directed_cut,synthetic_n20_p0.3,4,18,4,4,97,28,51,176
directed_cut,synthetic_n20_p0.3,4,18,5,5,114,28,31,173
directed_cut,synthetic_n20_p0.3,4,18,6,6,124,33,19,176
directed_cut,synthetic_n20_p0.3,4,18,7,7,133,39,10,182
directed_cut,synthetic_n20_p0.3,4,18,8,8,138,52,3,193
directed_cut,synthetic_n20_p0.3,4,18,9,9,141,66,0,207
directed_cut,synthetic_n20_p0.3,4,19,0,0,0,0,181,181
directed_cut,synthetic_n20_p0.3,4,19,1,1,29,16,130,175
directed_cut,synthetic_n20_p0.3,4,19,2,2,57,24,95,176
directed_cut,synthetic_n20_p0.3,4,19,3,3,80,24,68,172
directed_cut,synthetic_n20_p0.3,4,19,4,4,97,28,51,176
directed_cut,synthetic_n20_p0.3,4,19,5,5,114,28,31,173
directed_cut,synthetic_n20_p0.3,4,19,6,6,124,33,19,176
directed_cut,synthetic_n20_p0.3,4,19,7,7,133,39,10,182
directed_cut,synthetic_n20_p0.3,4,19,8,8,138,52,3,193
directed_cut,synthetic_n20_p0.3,4,19,9,9,141,66,0,207
directed_cut,synthetic_n20_p0.3,4,20,0,0,0,0,181,181
directed_cut,synthetic_n20_p0.3,4,20,1,1,29,16,130,175
directed_cut,synthetic_n20_p0.3,4,20,2,2,57,24,95,176
directed_cut,synthetic_n20_p0.3,4,20,3,3,80,24,68,172
directed_cut,synthetic_n20_p0.3,4,20,4,4,97,28,51,176
directed_cut,synthetic_n20_p0.3,4,20,5,5,114,28,31,173
directed_cut,synthetic_n20_p0.3,4,20,6,6,124,33,19,176
directed_cut,synthetic_n20_p0.3,4,20,7,7,133,39,10,182
directed_cut,synthetic_n20_p0.3,4,20,8,8,138,52,3,193
directed_cut,synthetic_n20_p0.3,4,20,9,9,141,66,0,207
directed_cut,synthetic_n20_p0.3,5,1,0,0,0,0,35,35
directed_cut,synthetic_n20_p0.3,5,1,1,1,35,14,24,73
directed_cut,synthetic_n20_p0.3,5,2,0,0,0,0,59,59
directed_cut,synthetic_n20_p0.3,5,2,1,1,35,14,47,96
directed_cut,synthetic_n20_p0.3,5,2,2,2,59,15,42,116
directed_cut,synthetic_n20_p0.3,5,3,0,0,0,0,82,82
directed_cut,synthetic_n20_p0.3,5,3,1,1,35,14,66,115
directed_cut,synthetic_n20_p0.3,5,3,2,2,59,15,61,135
directed_cut,synthetic_n20_p0.3,5,3,3,3,82,24,53,159
directed_cut,synthetic_n20_p0.3,5,4,0,0,0,0,101,101
directed_cut,synthetic_n20_p0.3,5,4,1,1,35,14,85,134
directed_cut,synthetic_n20_p0.3,5,4,2,2,59,15,76,150
directed_cut,synthetic_n20_p0.3,5,4,3,3,82,24,67,173
directed_cut,synthetic_n20_p0.3,5,4,4,4,101,27,61,189
directed_cut,synthetic_n20_p0.3,5,5,0,0,0,0,120,120
directed_cut,synthetic_n20_p0.3,5,5,1,1,35,14,101,150
directed_cut,synthetic_n20_p0.3,5,5,2,2,59,15,90,164
directed_cut,synthetic_n20_p0.3,5,5,3,3,82,24,80,186
directed_cut,synthetic_n20_p0.3,5,5,4,4,101,27,72,200
directed_cut,synthetic_n20_p0.3,5,5,5,5,120,37,53,210
directed_cut,synthetic_n20_p0.3,5,6,0,0,0,0,139,139
directed_cut,synthetic_n20_p0.3,5,6,1,1,35,14,115,164
directed_cut,synthetic_n20_p0.3,5,6,2,2,59,15,104,178
directed_cut,synthetic_n20_p0.3,5,6,3,3,82,24,92,198
directed_cut,synthetic_n20_p0.3,5,6,4,4,101,27,78,206
directed_cut,synthetic_n20_p0.3,5,6,5,5,120,37,57,214
directed_cut,synthetic_n20_p0.3,5,6,6,6,135,55,38,228
directed_cut,synthetic_n20_p0.3,5,7,0,0,0,0,156,156
directed_cut,synthetic_n20_p0.3,5,7,1,1,35,14,129,178
directed_cut,synthetic_n20_p0.3,5,7,2,2,59,15,116,190
directed_cut,synthetic_n20_p0.3,5,7,3,3,82,24,98,204
directed_cut,synthetic_n20_p0.3,5,7,4,4,101,27,83,211
directed_cut,synthetic_n20_p0.3,5,7,5,5,120,37,58,215
directed_cut,synthetic_n20_p0.3,5,7,6,6,135,55,38,228
directed_cut,synthetic_n20_p0.3,5,7,7,7,149,56,24,229
directed_cut,synthetic_n20_p0.3,5,8,0,0,0,0,170,170
directed_cut,synthetic_n20_p0.3,5,8,1,1,35,14,141,190
directed_cut,synthetic_n20_p0.3,5,8,2,2,59,15,122,196
directed_cut,synthetic_n20_p0.3,5,8,3,3,82,24,103,209
directed_cut,synthetic_n20_p0.3,5,8,4,4,101,27,84,212
directed_cut,synthetic_n20_p0.3,5,8,5,5,120,37,58,215
directed_cut,synthetic_n20_p0.3,5,8,6,6,135,55,38,228
directed_cut,synthetic_n20_p0.3,5,8,7,7,149,56,24,229
directed_cut,synthetic_n20_p0.3,5,8,8,8,162,61,11,234
directed_cut,synthetic_n20_p0.3,5,9,0,0,0,0,184,184
directed_cut,synthetic_n20_p0.3,5,9,1,1,35,14,147,196
directed_cut,synthetic_n20_p0.3,5,9,2,2,59,15,128,202
directed_cut,synthetic_n20_p0.3,5,9,3,3,82,24,103,209
directed_cut,synthetic_n20_p0.3,5,9,4,4,101,27,84,212
directed_cut,synthetic_n20_p0.3,5,9,5,5,120,37,58,215
directed_cut,synthetic_n20_p0.3,5,9,6,6,135,55,38,228
directed_cut,synthetic_n20_p0.3,5,9,7,7,149,56,24,229
directed_cut,synthetic_n20_p0.3,5,9,8,8,162,61,11,234
directed_cut,synthetic_n20_p0.3,5,9,9,9,169,63,4,236
directed_cut,synthetic_n20_p0.3,5,10,0,0,0,0,198,198
directed_cut,synthetic_n20_p0.3,5,10,1,1,35,14,153,202
directed_cut,synthetic_n20_p0.3,5,10,2,2,59,15,134,208
directed_cut,synthetic_n20_p0.3,5,10,3,3,82,24,103,209
directed_cut,synthetic_n20_p0.3,5,10,4,4,101,27,84,212
directed_cut,synthetic_n20_p0.3,5,10,5,5,120,37,58,215
directed_cut,synthetic_n20_p0.3,5,10,6,6,135,55,38,228
directed_cut,synthetic_n20_p0.3,5,10,7,7,149,56,24,229
directed_cut,synthetic_n20_p0.3,5,10,8,8,162,61,11,234
directed_cut,synthetic_n20_p0.3,5,10,9,9,169,63,4,236
directed_cut,synthetic_n20_p0.3,5,10,10,10,171,81,2,254
directed_cut,synthetic_n20_p0.3,5,11,0,0,0,0,207,207
directed_cut,synthetic_n20_p0.3,5,11,1,1,35,14,159,208
directed_cut,synthetic_n20_p0.3,5,11,2,2,59,15,134,208
directed_cut,synthetic_n20_p0.3,5,11,3,3,82,24,103,209
directed_cut,synthetic_n20_p0.3,5,11,4,4,101,27,84,212
directed_cut,synthetic_n20_p0.3,5,11,5,5,120,37,58,215
directed_cut,synthetic_n20_p0.3,5,11,6,6,135,55,38,228
directed_cut,synthetic_n20_p0.3,5,11,7,7,149,56,24,229
directed_cut,synthetic_n20_p0.3,5,11,8,8,162,61,11,234
directed_cut,synthetic_n20_p0.3,5,11,9,9,169,63,4,236
directed_cut,synthetic_n20_p0.3,5,11,10,10,171,81,2,254
directed_cut,synthetic_n20_p0.3,5,11,11,11,173,91,0,264
directed_cut,synthetic_n20_p0.3,5,12,0,0,0,0,216,216
directed_cut,synthetic_n20_p0.3,5,12,1,1,35,14,164,213
directed_cut,synthetic_n20_p0.3,5,12,2,2,59,15,134,208
directed_cut,synthetic_n20_p0.3,5,12,3,3,82,24,103,209
directed_cut,synthetic_n20_p0.3,5,12,4,4,101,27,84,212
directed_cut,synthetic_n20_p0.3,5,12,5,5,120,37,58,215
directed_cut,synthetic_n20_p0.3,5,12,6,6,135,55,38,228
directed_cut,synthetic_n20_p0.3,5,12,7,7,149,56,24,229
directed_cut,synthetic_n20_p0.3,5,12,8,8,162,61,11,234
directed_cut,synthetic_n20_p0.3,5,12,9,9,169,63,4,236
directed_cut,synthetic_n20_p0.3,5,12,10,10,171,81,2,254
directed_cut,synthetic_n20_p0.3,5,12,11,11,173,91,0,264
directed_cut,synthetic_n20_p0.3,5,13,0,0,0,0,223,223
directed_cut,synthetic_n20_p0.3,5,13,1,1,35,14,165,214
directed_cut,synthetic_n20_p0.3,5,13,2,2,59,15,134,208
directed_cut,synthetic_n20_p0.3,5,13,3,3,82,24,103,209
directed_cut,synthetic_n20_p0.3,5,13,4,4,101,27,84,212
directed_cut,synthetic_n20_p0.3,5,13,5,5,120,37,58,215
directed_cut,synthetic_n20_p0.3,5,13,6,6,135,55,38,228
directed_cut,synthetic_n20_p0.3,5,13,7,7,149,56,24,229
directed_cut,synthetic_n20_p0.3,5,13,8,8,162,61,11,234
directed_cut,synthetic_n20_p0.3,5,13,9,9,169,63,4,236
directed_cut,synthetic_n20_p0.3,5,13,10,10,171,81,2,254
directed_cut,synthetic_n20_p0.3,5,13,11,11,173,91,0,264
directed_cut,synthetic_n20_p0.3,5,14,0,0,0,0,229,229
directed_cut,synthetic_n20_p0.3,5,14,1,1,35,14,165,214
directed_cut,synthetic_n20_p0.3,5,14,2,2,59,15,134,208
directed_cut,synthetic_n20_p0.3,5,14,3,3,82,24,103,209
directed_cut,synthetic_n20_p0.3,5,14,4,4,101,27,84,212
directed_cut,synthetic_n20_p0.3,5,14,5,5,120,37,58,215
directed_cut,synthetic_n20_p0.3,5,14,6,6,135,55,38,228
directed_cut,synthetic_n20_p0.3,5,14,7,7,149,56,24,229
directed_cut,synthetic_n20_p0.3,5,14,8,8,162,61,11,234
directed_cut,synthetic_n20_p0.3,5,14,9,9,169,63,4,236
directed_cut,synthetic_n20_p0.3,5,14,10,10,171,81,2,254
directed_cut,synthetic_n20_p0.3,5,14,11,11,173,91,0,264
directed_cut,synthetic_n20_p0.3,5,15,0,0,0,0,230,230
directed_cut,synthetic_n20_p0.3,5,15,1,1,35,14,165,214
directed_cut,synthetic_n20_p0.3,5,15,2,2,59,15,134,208
directed_cut,synthetic_n20_p0.3,5,15,3,3,82,24,103,209
directed_cut,synthetic_n20_p0.3,5,15,4,4,101,27,84,212
directed_cut,synthetic_n20_p0.3,5,15,5,5,120,37,58,215
directed_cut,synthetic_n20_p0.3,5,15,6,6,135,55,38,228
directed_cut,synthetic_n20_p0.3,5,15,7,7,149,56,24,229
directed_cut,synthetic_n20_p0.3,5,15,8,8,162,61,11,234
directed_cut,synthetic_n20_p0.3,5,15,9,9,169,63,4,236
directed_cut,synthetic_n20_p0.3,5,15,10,10,171,81,2,254
directed_cut,synthetic_n20_p0.3,5,15,11,11,173,91,0,264
directed_cut,synthetic_n20_p0.3,5,16,0,0,0,0,230,230
directed_cut,synthetic_n20_p0.3,5,16,1,1,35,14,165,214
directed_cut,synthetic_n20_p0.3,5,16,2,2,59,15,134,208
directed_cut,synthetic_n20_p0.3,5,16,3,3,82,24,103,209
directed_cut,synthetic_n20_p0.3,5,16,4,4,101,27,84,212
directed_cut,synthetic_n20_p0.3,5,16,5,5,120,37,58,215
directed_cut,synthetic_n20_p0.3,5,16,6,6,135,55,38,228
directed_cut,synthetic_n20_p0.3,5,16,7,7,149,56,24,229
directed_cut,synthetic_n20_p0.3,5,16,8,8,162,61,11,234
directed_cut,synthetic_n20_p0.3,5,16,9,9,169,63,4,236
directed_cut,synthetic_n20_p0.3,5,16,10,10,171,81,2,254
directed_cut,synthetic_n20_p0.3,5,16,11,11,173,91,0,264
directed_cut,synthetic_n20_p0.3,5,17,0,0,0,0,230,230
directed_cut,synthetic_n20_p0.3,5,17,1,1,35,14,165,214
directed_cut,synthetic_n20_p0.3,5,17,2,2,59,15,134,208
directed_cut,synthetic_n20_p0.3,5,17,3,3,82,24,103,209
directed_cut,synthetic_n20_p0.3,5,17,4,4,101,27,84,212
directed_cut,synthetic_n20_p0.3,5,17,5,5,120,37,58,215
directed_cut,synthetic_n20_p0.3,5,17,6,6,135,55,38,228
directed_cut,synthetic_n20_p0.3,5,17,7,7,149,56,24,229
directed_cut,synthetic_n20_p0.3,5,17,8,8,162,61,11,234
directed_cut,synthetic_n20_p0.3,5,17,9,9,169,63,4,236
directed_cut,synthetic_n20_p0.3,5,17,10,10,171,81,2,254
directed_cut,synthetic_n20_p0.3,5,17,11,11,173,91,0,264
directed_cut,synthetic_n20_p0.3,5,18,0,0,0,0,230,230
directed_cut,synthetic_n20_p0.3,5,18,1,1,35,14,165,214
directed_cut,synthetic_n20_p0.3,5,18,2,2,59,15,134,208
directed_cut,synthetic_n20_p0.3,5,18,3,3,82,24,103,209
directed_cut,synthetic_n20_p0.3,5,18,4,4,101,27,84,212
directed_cut,synthetic_n20_p0.3,5,18,5,5,120,37,58,215
directed_cut,synthetic_n20_p0.3,5,18,6,6,135,55,38,228
directed_cut,synthetic_n20_p0.3,5,18,7,7,149,56,24,229
directed_cut,synthetic_n20_p0.3,5,18,8,8,162,61,11,234
directed_cut,synthetic_n20_p0.3,5,18,9,9,169,63,4,236
directed_cut,synthetic_n20_p0.3,5,18,10,10,171,81,2,254
directed_cut,synthetic_n20_p0.3,5,18,11,11,173,91,0,264
directed_cut,synthetic_n20_p0.3,5,19,0,0,0,0,230,230
directed_cut,synthetic_n20_p0.3,5,19,1,1,35,14,165,214
directed_cut,synthetic_n20_p0.3,5,19,2,2,59,15,134,208
directed_cut,synthetic_n20_p0.3,5,19,3,3,82,24,103,209
directed_cut,synthetic_n20_p0.3,5,19,4,4,101,27,84,212
directed_cut,synthetic_n20_p0.3,5,19,5,5,120,37,58,215
directed_cut,synthetic_n20_p0.3,5,19,6,6,135,55,38,228
directed_cut,synthetic_n20_p0.3,5,19,7,7,149,56,24,229
directed_cut,synthetic_n20_p0.3,5,19,8,8,162,61,11,234
directed_cut,synthetic_n20_p0.3,5,19,9,9,169,63,4,236
directed_cut,synthetic_n20_p0.3,5,19,10,10,171,81,2,254
directed_cut,synthetic_n20_p0.3,5,19,11,11,173,91,0,264
directed_cut,synthetic_n20_p0.3,5,20,0,0,0,0,230,230
directed_cut,synthetic_n20_p0.3,5,20,1,1,35,14,165,214
directed_cut,synthetic_n20_p0.3,5,20,2,2,59,15,134,208
directed_cut,synthetic_n20_p0.3,5,20,3,3,82,24,103,209
directed_cut,synthetic_n20_p0.3,5,20,4,4,101,27,84,212
directed_cut,synthetic_n20_p0.3,5,20,5,5,120,37,58,215
directed_cut,synthetic_n20_p0.3,5,20,6,6,135,55,38,228
directed_cut,synthetic_n20_p0.3,5,20,7,7,149,56,24,229
directed_cut,synthetic_n20_p0.3,5,20,8,8,162,61,11,234
directed_cut,synthetic_n20_p0.3,5,20,9,9,169,63,4,236
directed_cut,synthetic_n20_p0.3,5,20,10,10,171,81,2,254
directed_cut,synthetic_n20_p0.3,5,20,11,11,173,91,0,264
directed_cut,synthetic_n20_p0.3,6,1,0,0,0,0,36,36
directed_cut,synthetic_n20_p0.3,6,1,1,1,36,7,24,67
directed_cut,synthetic_n20_p0.3,6,2,0,0,0,0,63,63
directed_cut,synthetic_n20_p0.3,6,2,1,1,36,7,48,91
directed_cut,synthetic_n20_p0.3,6,2,2,2,60,14,46,120
directed_cut,synthetic_n20_p0.3,6,3,0,0,0,0,86,86
directed_cut,synthetic_n20_p0.3,6,3,1,1,36,7,70,113
directed_cut,synthetic_n20_p0.3,6,3,2,2,60,14,61,135
directed_cut,synthetic_n20_p0.3,6,3,3,3,84,21,50,155
directed_cut,synthetic_n20_p0.3,6,4,0,0,0,0,108,108
directed_cut,synthetic_n20_p0.3,6,4,1,1,36,7,91,134
directed_cut,synthetic_n20_p0.3,6,4,2,2,60,14,75,149
directed_cut,synthetic_n20_p0.3,6,4,3,3,84,21,61,166
directed_cut,synthetic_n20_p0.3,6,4,4,4,106,36,46,188
directed_cut,synthetic_n20_p0.3,6,5,0,0,0,0,129,129
directed_cut,synthetic_n20_p0.3,6,5,1,1,36,7,109,152
directed_cut,synthetic_n20_p0.3,6,5,2,2,60,14,87,161
directed_cut,synthetic_n20_p0.3,6,5,3,3,84,21,69,174
directed_cut,synthetic_n20_p0.3,6,5,4,4,106,36,53,195
directed_cut,synthetic_n20_p0.3,6,5,5,5,120,45,40,205
directed_cut,synthetic_n20_p0.3,6,6,0,0,0,0,147,147
directed_cut,synthetic_n20_p0.3,6,6,1,1,36,7,119,162
directed_cut,synthetic_n20_p0.3,6,6,2,2,60,14,97,171
directed_cut,synthetic_n20_p0.3,6,6,3,3,84,21,76,181
directed_cut,synthetic_n20_p0.3,6,6,4,4,106,36,58,200
directed_cut,synthetic_n20_p0.3,6,6,5,5,120,45,43,208
directed_cut,synthetic_n20_p0.3,6,6,6,6,134,54,20,208
directed_cut,synthetic_n20_p0.3,6,7,0,0,0,0,161,161
directed_cut,synthetic_n20_p0.3,6,7,1,1,36,7,129,172
directed_cut,synthetic_n20_p0.3,6,7,2,2,60,14,107,181
directed_cut,synthetic_n20_p0.3,6,7,3,3,84,21,82,187
directed_cut,synthetic_n20_p0.3,6,7,4,4,106,36,63,205
directed_cut,synthetic_n20_p0.3,6,7,5,5,120,45,45,210
directed_cut,synthetic_n20_p0.3,6,7,6,6,134,54,20,208
directed_cut,synthetic_n20_p0.3,6,7,7,7,144,77,9,230
directed_cut,synthetic_n20_p0.3,6,8,0,0,0,0,174,174
directed_cut,synthetic_n20_p0.3,6,8,1,1,36,7,138,181
directed_cut,synthetic_n20_p0.3,6,8,2,2,60,14,115,189
directed_cut,synthetic_n20_p0.3,6,8,3,3,84,21,87,192
directed_cut,synthetic_n20_p0.3,6,8,4,4,106,36,68,210
directed_cut,synthetic_n20_p0.3,6,8,5,5,120,45,45,210
directed_cut,synthetic_n20_p0.3,6,8,6,6,134,54,20,208
directed_cut,synthetic_n20_p0.3,6,8,7,7,144,77,9,230
directed_cut,synthetic_n20_p0.3,6,8,8,8,147,86,6,239
directed_cut,synthetic_n20_p0.3,6,9,0,0,0,0,186,186
directed_cut,synthetic_n20_p0.3,6,9,1,1,36,7,146,189
directed_cut,synthetic_n20_p0.3,6,9,2,2,60,14,122,196
directed_cut,synthetic_n20_p0.3,6,9,3,3,84,21,92,197
directed_cut,synthetic_n20_p0.3,6,9,4,4,106,36,71,213
directed_cut,synthetic_n20_p0.3,6,9,5,5,120,45,45,210
directed_cut,synthetic_n20_p0.3,6,9,6,6,134,54,20,208
directed_cut,synthetic_n20_p0.3,6,9,7,7,144,77,9,230
directed_cut,synthetic_n20_p0.3,6,9,8,8,147,86,6,239
directed_cut,synthetic_n20_p0.3,6,9,9,9,150,95,3,248
directed_cut,synthetic_n20_p0.3,6,10,0,0,0,0,196,196
directed_cut,synthetic_n20_p0.3,6,10,1,1,36,7,153,196
directed_cut,synthetic_n20_p0.3,6,10,2,2,60,14,129,203
directed_cut,synthetic_n20_p0.3,6,10,3,3,84,21,97,202
directed_cut,synthetic_n20_p0.3,6,10,4,4,106,36,73,215
directed_cut,synthetic_n20_p0.3,6,10,5,5,120,45,45,210
directed_cut,synthetic_n20_p0.3,6,10,6,6,134,54,20,208
directed_cut,synthetic_n20_p0.3,6,10,7,7,144,77,9,230
directed_cut,synthetic_n20_p0.3,6,10,8,8,147,86,6,239
directed_cut,synthetic_n20_p0.3,6,10,9,9,150,95,3,248
directed_cut,synthetic_n20_p0.3,6,10,10,10,152,102,1,255
directed_cut,synthetic_n20_p0.3,6,11,0,0,0,0,204,204
directed_cut,synthetic_n20_p0.3,6,11,1,1,36,7,160,203
directed_cut,synthetic_n20_p0.3,6,11,2,2,60,14,134,208
directed_cut,synthetic_n20_p0.3,6,11,3,3,84,21,101,206
directed_cut,synthetic_n20_p0.3,6,11,4,4,106,36,73,215
directed_cut,synthetic_n20_p0.3,6,11,5,5,120,45,45,210
directed_cut,synthetic_n20_p0.3,6,11,6,6,134,54,20,208
directed_cut,synthetic_n20_p0.3,6,11,7,7,144,77,9,230
directed_cut,synthetic_n20_p0.3,6,11,8,8,147,86,6,239
directed_cut,synthetic_n20_p0.3,6,11,9,9,150,95,3,248
directed_cut,synthetic_n20_p0.3,6,11,10,10,152,102,1,255
directed_cut,synthetic_n20_p0.3,6,11,11,11,153,109,0,262
directed_cut,synthetic_n20_p0.3,6,12,0,0,0,0,211,211
directed_cut,synthetic_n20_p0.3,6,12,1,1,36,7,165,208
directed_cut,synthetic_n20_p0.3,6,12,2,2,60,14,139,213
directed_cut,synthetic_n20_p0.3,6,12,3,3,84,21,101,206
directed_cut,synthetic_n20_p0.3,6,12,4,4,106,36,73,215
directed_cut,synthetic_n20_p0.3,6,12,5,5,120,45,45,210
directed_cut,synthetic_n20_p0.3,6,12,6,6,134,54,20,208
directed_cut,synthetic_n20_p0.3,6,12,7,7,144,77,9,230
directed_cut,synthetic_n20_p0.3,6,12,8,8,147,86,6,239
directed_cut,synthetic_n20_p0.3,6,12,9,9,150,95,3,248
directed_cut,synthetic_n20_p0.3,6,12,10,10,152,102,1,255
directed_cut,synthetic_n20_p0.3,6,12,11,11,153,109,0,262
directed_cut,synthetic_n20_p0.3,6,13,0,0,0,0,218,218
directed_cut,synthetic_n20_p0.3,6,13,1,1,36,7,165,208
directed_cut,synthetic_n20_p0.3,6,13,2,2,60,14,144,218
directed_cut,synthetic_n20_p0.3,6,13,3,3,84,21,101,206
directed_cut,synthetic_n20_p0.3,6,13,4,4,106,36,73,215
directed_cut,synthetic_n20_p0.3,6,13,5,5,120,45,45,210
directed_cut,synthetic_n20_p0.3,6,13,6,6,134,54,20,208
directed_cut,synthetic_n20_p0.3,6,13,7,7,144,77,9,230
directed_cut,synthetic_n20_p0.3,6,13,8,8,147,86,6,239
directed_cut,synthetic_n20_p0.3,6,13,9,9,150,95,3,248
directed_cut,synthetic_n20_p0.3,6,13,10,10,152,102,1,255
directed_cut,synthetic_n20_p0.3,6,13,11,11,153,109,0,262
directed_cut,synthetic_n20_p0.3,6,14,0,0,0,0,223,223
directed_cut,synthetic_n20_p0.3,6,14,1,1,36,7,165,208
directed_cut,synthetic_n20_p0.3,6,14,2,2,60,14,144,218
directed_cut,synthetic_n20_p0.3,6,14,3,3,84,21,101,206
directed_cut,synthetic_n20_p0.3,6,14,4,4,106,36,73,215
directed_cut,synthetic_n20_p0.3,6,14,5,5,120,45,45,210
directed_cut,synthetic_n20_p0.3,6,14,6,6,134,54,20,208
directed_cut,synthetic_n20_p0.3,6,14,7,7,144,77,9,230
directed_cut,synthetic_n20_p0.3,6,14,8,8,147,86,6,239
directed_cut,synthetic_n20_p0.3,6,14,9,9,150,95,3,248
directed_cut,synthetic_n20_p0.3,6,14,10,10,152,102,1,255
directed_cut,synthetic_n20_p0.3,6,14,11,11,153,109,0,262
directed_cut,synthetic_n20_p0.3,6,15,0,0,0,0,228,228
directed_cut,synthetic_n20_p0.3,6,15,1,1,36,7,165,208
directed_cut,synthetic_n20_p0.3,6,15,2,2,60,14,144,218
directed_cut,synthetic_n20_p0.3,6,15,3,3,84,21,101,206
directed_cut,synthetic_n20_p0.3,6,15,4,4,106,36,73,215
directed_cut,synthetic_n20_p0.3,6,15,5,5,120,45,45,210
directed_cut,synthetic_n20_p0.3,6,15,6,6,134,54,20,208
directed_cut,synthetic_n20_p0.3,6,15,7,7,144,77,9,230
directed_cut,synthetic_n20_p0.3,6,15,8,8,147,86,6,239
directed_cut,synthetic_n20_p0.3,6,15,9,9,150,95,3,248
directed_cut,synthetic_n20_p0.3,6,15,10,10,152,102,1,255
directed_cut,synthetic_n20_p0.3,6,15,11,11,153,109,0,262
directed_cut,synthetic_n20_p0.3,6,16,0,0,0,0,230,230
directed_cut,synthetic_n20_p0.3,6,16,1,1,36,7,165,208
directed_cut,synthetic_n20_p0.3,6,16,2,2,60,14,144,218
directed_cut,synthetic_n20_p0.3,6,16,3,3,84,21,101,206
directed_cut,synthetic_n20_p0.3,6,16,4,4,106,36,73,215
directed_cut,synthetic_n20_p0.3,6,16,5,5,120,45,45,210
directed_cut,synthetic_n20_p0.3,6,16,6,6,134,54,20,208
directed_cut,synthetic_n20_p0.3,6,16,7,7,144,77,9,230
directed_cut,synthetic_n20_p0.3,6,16,8,8,147,86,6,239
directed_cut,synthetic_n20_p0.3,6,16,9,9,150,95,3,248
directed_cut,synthetic_n20_p0.3,6,16,10,10,152,102,1,255
directed_cut,synthetic_n20_p0.3,6,16,11,11,153,109,0,262
directed_cut,synthetic_n20_p0.3,6,17,0,0,0,0,230,230
directed_cut,synthetic_n20_p0.3,6,17,1,1,36,7,165,208
directed_cut,synthetic_n20_p0.3,6,17,2,2,60,14,144,218
directed_cut,synthetic_n20_p0.3,6,17,3,3,84,21,101,206
directed_cut,synthetic_n20_p0.3,6,17,4,4,106,36,73,215
directed_cut,synthetic_n20_p0.3,6,17,5,5,120,45,45,210
directed_cut,synthetic_n20_p0.3,6,17,6,6,134,54,20,208
directed_cut,synthetic_n20_p0.3,6,17,7,7,144,77,9,230
directed_cut,synthetic_n20_p0.3,6,17,8,8,147,86,6,239
directed_cut,synthetic_n20_p0.3,6,17,9,9,150,95,3,248
directed_cut,synthetic_n20_p0.3,6,17,10,10,152,102,1,255
directed_cut,synthetic_n20_p0.3,6,17,11,11,153,109,0,262
directed_cut,synthetic_n20_p0.3,6,18,0,0,0,0,230,230
directed_cut,synthetic_n20_p0.3,6,18,1,1,36,7,165,208
directed_cut,synthetic_n20_p0.3,6,18,2,2,60,14,144,218
directed_cut,synthetic_n20_p0.3,6,18,3,3,84,21,101,206
directed_cut,synthetic_n20_p0.3,6,18,4,4,106,36,73,215
directed_cut,synthetic_n20_p0.3,6,18,5,5,120,45,45,210
directed_cut,synthetic_n20_p0.3,6,18,6,6,134,54,20,208
directed_cut,synthetic_n20_p0.3,6,18,7,7,144,77,9,230
directed_cut,synthetic_n20_p0.3,6,18,8,8,147,86,6,239
directed_cut,synthetic_n20_p0.3,6,18,9,9,150,95,3,248
directed_cut,synthetic_n20_p0.3,6,18,10,10,152,102,1,255
directed_cut,synthetic_n20_p0.3,6,18,11,11,153,109,0,262
directed_cut,synthetic_n20_p0.3,6,19,0,0,0,0,230,230
directed_cut,synthetic_n20_p0.3,6,19,1,1,36,7,165,208
directed_cut,synthetic_n20_p0.3,6,19,2,2,60,14,144,218
directed_cut,synthetic_n20_p0.3,6,19,3,3,84,21,101,206
directed_cut,synthetic_n20_p0.3,6,19,4,4,106,36,73,215
directed_cut,synthetic_n20_p0.3,6,19,5,5,120,45,45,210
directed_cut,synthetic_n20_p0.3,6,19,6,6,134,54,20,208
directed_cut,synthetic_n20_p0.3,6,19,7,7,144,77,9,230
directed_cut,synthetic_n20_p0.3,6,19,8,8,147,86,6,239
directed_cut,synthetic_n20_p0.3,6,19,9,9,150,95,3,248
directed_cut,synthetic_n20_p0.3,6,19,10,10,152,102,1,255
directed_cut,synthetic_n20_p0.3,6,19,11,11,153,109,0,262
directed_cut,synthetic_n20_p0.3,6,20,0,0,0,0,230,230
directed_cut,synthetic_n20_p0.3,6,20,1,1,36,7,165,208
directed_cut,synthetic_n20_p0.3,6,20,2,2,60,14,144,218
directed_cut,synthetic_n20_p0.3,6,20,3,3,84,21,101,206
directed_cut,synthetic_n20_p0.3,6,20,4,4,106,36,73,215
directed_cut,synthetic_n20_p0.3,6,20,5,5,120,45,45,210
directed_cut,synthetic_n20_p0.3,6,20,6,6,134,54,20,208
directed_cut,synthetic_n20_p0.3,6,20,7,7,144,77,9,230
directed_cut,synthetic_n20_p0.3,6,20,8,8,147,86,6,239
directed_cut,synthetic_n20_p0.3,6,20,9,9,150,95,3,248
directed_cut,synthetic_n20_p0.3,6,20,10,10,152,102,1,255
directed_cut,synthetic_n20_p0.3,6,20,11,11,153,109,0,262
directed_cut,synthetic_n20_p0.3,7,1,0,0,0,0,38,38
directed_cut,synthetic_n20_p0.3,7,1,1,1,38,10,30,78
directed_cut,synthetic_n20_p0.3,7,2,0,0,0,0,68,68
directed_cut,synthetic_n20_p0.3,7,2,1,1,38,10,51,99
directed_cut,synthetic_n20_p0.3,7,2,2,2,68,21,37,126
directed_cut,synthetic_n20_p0.3,7,3,0,0,0,0,89,89
directed_cut,synthetic_n20_p0.3,7,3,1,1,38,10,68,116
directed_cut,synthetic_n20_p0.3,7,3,2,2,68,21,49,138
directed_cut,synthetic_n20_p0.3,7,3,3,3,89,34,36,159
directed_cut,synthetic_n20_p0.3,7,4,0,0,0,0,108,108
directed_cut,synthetic_n20_p0.3,7,4,1,1,38,10,83,131
directed_cut,synthetic_n20_p0.3,7,4,2,2,68,21,59,148
directed_cut,synthetic_n20_p0.3,7,4,3,3,89,34,45,168
directed_cut,synthetic_n20_p0.3,7,4,4,4,104,52,37,193
directed_cut,synthetic_n20_p0.3,7,5,0,0,0,0,124,124
directed_cut,synthetic_n20_p0.3,7,5,1,1,38,10,95,143
directed_cut,synthetic_n20_p0.3,7,5,2,2,68,21,68,157
directed_cut,synthetic_n20_p0.3,7,5,3,3,89,34,53,176
directed_cut,synthetic_n20_p0.3,7,5,4,4,104,52,45,201
directed_cut,synthetic_n20_p0.3,7,5,5,5,116,61,36,213
directed_cut,synthetic_n20_p0.3,7,6,0,0,0,0,138,138
directed_cut,synthetic_n20_p0.3,7,6,1,1,38,10,104,152
directed_cut,synthetic_n20_p0.3,7,6,2,2,68,21,77,166
directed_cut,synthetic_n20_p0.3,7,6,3,3,89,34,61,184
directed_cut,synthetic_n20_p0.3,7,6,4,4,104,52,49,205
directed_cut,synthetic_n20_p0.3,7,6,5,5,116,61,37,214
directed_cut,synthetic_n20_p0.3,7,6,6,6,125,61,29,215
directed_cut,synthetic_n20_p0.3,7,7,0,0,0,0,151,151
directed_cut,synthetic_n20_p0.3,7,7,1,1,38,10,113,161
directed_cut,synthetic_n20_p0.3,7,7,2,2,68,21,85,174
directed_cut,synthetic_n20_p0.3,7,7,3,3,89,34,69,192
directed_cut,synthetic_n20_p0.3,7,7,4,4,104,52,51,207
directed_cut,synthetic_n20_p0.3,7,7,5,5,116,61,38,215
directed_cut,synthetic_n20_p0.3,7,7,6,6,125,61,29,215
directed_cut,synthetic_n20_p0.3,7,7,7,7,133,74,20,227
directed_cut,synthetic_n20_p0.3,7,8,0,0,0,0,163,163
directed_cut,synthetic_n20_p0.3,7,8,1,1,38,10,122,170
directed_cut,synthetic_n20_p0.3,7,8,2,2,68,21,93,182
directed_cut,synthetic_n20_p0.3,7,8,3,3,89,34,75,198
directed_cut,synthetic_n20_p0.3,7,8,4,4,104,52,53,209
directed_cut,synthetic_n20_p0.3,7,8,5,5,116,61,38,215
directed_cut,synthetic_n20_p0.3,7,8,6,6,125,61,29,215
directed_cut,synthetic_n20_p0.3,7,8,7,7,133,74,20,227
directed_cut,synthetic_n20_p0.3,7,8,8,8,141,76,12,229
directed_cut,synthetic_n20_p0.3,7,9,0,0,0,0,174,174
directed_cut,synthetic_n20_p0.3,7,9,1,1,38,10,130,178
directed_cut,synthetic_n20_p0.3,7,9,2,2,68,21,99,188
directed_cut,synthetic_n20_p0.3,7,9,3,3,89,34,80,203
directed_cut,synthetic_n20_p0.3,7,9,4,4,104,52,54,210
directed_cut,synthetic_n20_p0.3,7,9,5,5,116,61,38,215
directed_cut,synthetic_n20_p0.3,7,9,6,6,125,61,29,215
directed_cut,synthetic_n20_p0.3,7,9,7,7,133,74,20,227
directed_cut,synthetic_n20_p0.3,7,9,8,8,141,76,12,229
directed_cut,synthetic_n20_p0.3,7,9,9,9,149,97,4,250
directed_cut,synthetic_n20_p0.3,7,10,0,0,0,0,185,185
directed_cut,synthetic_n20_p0.3,7,10,1,1,38,10,138,186
directed_cut,synthetic_n20_p0.3,7,10,2,2,68,21,105,194
directed_cut,synthetic_n20_p0.3,7,10,3,3,89,34,83,206
directed_cut,synthetic_n20_p0.3,7,10,4,4,104,52,55,211
directed_cut,synthetic_n20_p0.3,7,10,5,5,116,61,38,215
directed_cut,synthetic_n20_p0.3,7,10,6,6,125,61,29,215
directed_cut,synthetic_n20_p0.3,7,10,7,7,133,74,20,227
directed_cut,synthetic_n20_p0.3,7,10,8,8,141,76,12,229
directed_cut,synthetic_n20_p0.3,7,10,9,9,149,97,4,250
directed_cut,synthetic_n20_p0.3,7,10,10,10,152,107,1,260
directed_cut,synthetic_n20_p0.3,7,11,0,0,0,0,194,194
directed_cut,synthetic_n20_p0.3,7,11,1,1,38,10,144,192
directed_cut,synthetic_n20_p0.3,7,11,2,2,68,21,110,199
directed_cut,synthetic_n20_p0.3,7,11,3,3,89,34,86,209
directed_cut,synthetic_n20_p0.3,7,11,4,4,104,52,55,211
directed_cut,synthetic_n20_p0.3,7,11,5,5,116,61,38,215
directed_cut,synthetic_n20_p0.3,7,11,6,6,125,61,29,215
directed_cut,synthetic_n20_p0.3,7,11,7,7,133,74,20,227
directed_cut,synthetic_n20_p0.3,7,11,8,8,141,76,12,229
directed_cut,synthetic_n20_p0.3,7,11,9,9,149,97,4,250
directed_cut,synthetic_n20_p0.3,7,11,10,10,152,107,1,260
directed_cut,synthetic_n20_p0.3,7,11,11,11,153,125,0,278
directed_cut,synthetic_n20_p0.3,7,12,0,0,0,0,202,202
directed_cut,synthetic_n20_p0.3,7,12,1,1,38,10,150,198
directed_cut,synthetic_n20_p0.3,7,12,2,2,68,21,115,204
directed_cut,synthetic_n20_p0.3,7,12,3,3,89,34,87,210
directed_cut,synthetic_n20_p0.3,7,12,4,4,104,52,55,211
directed_cut,synthetic_n20_p0.3,7,12,5,5,116,61,38,215
directed_cut,synthetic_n20_p0.3,7,12,6,6,125,61,29,215
directed_cut,synthetic_n20_p0.3,7,12,7,7,133,74,20,227
directed_cut,synthetic_n20_p0.3,7,12,8,8,141,76,12,229
directed_cut,synthetic_n20_p0.3,7,12,9,9,149,97,4,250
directed_cut,synthetic_n20_p0.3,7,12,10,10,152,107,1,260
directed_cut,synthetic_n20_p0.3,7,12,11,11,153,125,0,278
directed_cut,synthetic_n20_p0.3,7,13,0,0,0,0,210,210
directed_cut,synthetic_n20_p0.3,7,13,1,1,38,10,155,203
directed_cut,synthetic_n20_p0.3,7,13,2,2,68,21,118,207
directed_cut,synthetic_n20_p0.3,7,13,3,3,89,34,87,210
directed_cut,synthetic_n20_p0.3,7,13,4,4,104,52,55,211
directed_cut,synthetic_n20_p0.3,7,13,5,5,116,61,38,215
directed_cut,synthetic_n20_p0.3,7,13,6,6,125,61,29,215
directed_cut,synthetic_n20_p0.3,7,13,7,7,133,74,20,227
directed_cut,synthetic_n20_p0.3,7,13,8,8,141,76,12,229
directed_cut,synthetic_n20_p0.3,7,13,9,9,149,97,4,250
directed_cut,synthetic_n20_p0.3,7,13,10,10,152,107,1,260
directed_cut,synthetic_n20_p0.3,7,13,11,11,153,125,0,278
directed_cut,synthetic_n20_p0.3,7,14,0,0,0,0,218,218
directed_cut,synthetic_n20_p0.3,7,14,1,1,38,10,160,208
directed_cut,synthetic_n20_p0.3,7,14,2,2,68,21,118,207
directed_cut,synthetic_n20_p0.3,7,14,3,3,89,34,87,210
directed_cut,synthetic_n20_p0.3,7,14,4,4,104,52,55,211
directed_cut,synthetic_n20_p0.3,7,14,5,5,116,61,38,215
directed_cut,synthetic_n20_p0.3,7,14,6,6,125,61,29,215
directed_cut,synthetic_n20_p0.3,7,14,7,7,133,74,20,227
directed_cut,synthetic_n20_p0.3,7,14,8,8,141,76,12,229
directed_cut,synthetic_n20_p0.3,7,14,9,9,149,97,4,250
directed_cut,synthetic_n20_p0.3,7,14,10,10,152,107,1,260
directed_cut,synthetic_n20_p0.3,7,14,11,11,153,125,0,278
directed_cut,synthetic_n20_p0.3,7,15,0,0,0,0,223,223
directed_cut,synthetic_n20_p0.3,7,15,1,1,38,10,162,210
directed_cut,synthetic_n20_p0.3,7,15,2,2,68,21,118,207
directed_cut,synthetic_n20_p0.3,7,15,3,3,89,34,87,210
directed_cut,synthetic_n20_p0.3,7,15,4,4,104,52,55,211
directed_cut,synthetic_n20_p0.3,7,15,5,5,116,61,38,215
directed_cut,synthetic_n20_p0.3,7,15,6,6,125,61,29,215
directed_cut,synthetic_n20_p0.3,7,15,7,7,133,74,20,227
directed_cut,synthetic_n20_p0.3,7,15,8,8,141,76,12,229
directed_cut,synthetic_n20_p0.3,7,15,9,9,149,97,4,250
directed_cut,synthetic_n20_p0.3,7,15,10,10,152,107,1,260
directed_cut,synthetic_n20_p0.3,7,15,11,11,153,125,0,278
directed_cut,synthetic_n20_p0.3,7,16,0,0,0,0,223,223
directed_cut,synthetic_n20_p0.3,7,16,1,1,38,10,162,210
directed_cut,synthetic_n20_p0.3,7,16,2,2,68,21,118,207
directed_cut,synthetic_n20_p0.3,7,16,3,3,89,34,87,210
directed_cut,synthetic_n20_p0.3,7,16,4,4,104,52,55,211
directed_cut,synthetic_n20_p0.3,7,16,5,5,116,61,38,215
directed_cut,synthetic_n20_p0.3,7,16,6,6,125,61,29,215
directed_cut,synthetic_n20_p0.3,7,16,7,7,133,74,20,227
directed_cut,synthetic_n20_p0.3,7,16,8,8,141,76,12,229
directed_cut,synthetic_n20_p0.3,7,16,9,9,149,97,4,250
directed_cut,synthetic_n20_p0.3,7,16,10,10,152,107,1,260
directed_cut,synthetic_n20_p0.3,7,16,11,11,153,125,0,278
directed_cut,synthetic_n20_p0.3,7,17,0,0,0,0,223,223
directed_cut,synthetic_n20_p0.3,7,17,1,1,38,10,162,210
directed_cut,synthetic_n20_p0.3,7,17,2,2,68,21,118,207
directed_cut,synthetic_n20_p0.3,7,17,3,3,89,34,87,210
directed_cut,synthetic_n20_p0.3,7,17,4,4,104,52,55,211
directed_cut,synthetic_n20_p0.3,7,17,5,5,116,61,38,215
directed_cut,synthetic_n20_p0.3,7,17,6,6,125,61,29,215
directed_cut,synthetic_n20_p0.3,7,17,7,7,133,74,20,227
directed_cut,synthetic_n20_p0.3,7,17,8,8,141,76,12,229
directed_cut,synthetic_n20_p0.3,7,17,9,9,149,97,4,250
directed_cut,synthetic_n20_p0.3,7,17,10,10,152,107,1,260
directed_cut,synthetic_n20_p0.3,7,17,11,11,153,125,0,278
directed_cut,synthetic_n20_p0.3,7,18,0,0,0,0,223,223
directed_cut,synthetic_n20_p0.3,7,18,1,1,38,10,162,210
directed_cut,synthetic_n20_p0.3,7,18,2,2,68,21,118,207
directed_cut,synthetic_n20_p0.3,7,18,3,3,89,34,87,210
directed_cut,synthetic_n20_p0.3,7,18,4,4,104,52,55,211
directed_cut,synthetic_n20_p0.3,7,18,5,5,116,61,38,215
directed_cut,synthetic_n20_p0.3,7,18,6,6,125,61,29,215
directed_cut,synthetic_n20_p0.3,7,18,7,7,133,74,20,227
directed_cut,synthetic_n20_p0.3,7,18,8,8,141,76,12,229
directed_cut,synthetic_n20_p0.3,7,18,9,9,149,97,4,250
directed_cut,synthetic_n20_p0.3,7,18,10,10,152,107,1,260
directed_cut,synthetic_n20_p0.3,7,18,11,11,153,125,0,278
directed_cut,synthetic_n20_p0.3,7,19,0,0,0,0,223,223
directed_cut,synthetic_n20_p0.3,7,19,1,1,38,10,162,210
directed_cut,synthetic_n20_p0.3,7,19,2,2,68,21,118,207
directed_cut,synthetic_n20_p0.3,7,19,3,3,89,34,87,210
directed_cut,synthetic_n20_p0.3,7,19,4,4,104,52,55,211
directed_cut,synthetic_n20_p0.3,7,19,5,5,116,61,38,215
directed_cut,synthetic_n20_p0.3,7,19,6,6,125,61,29,215
directed_cut,synthetic_n20_p0.3,7,19,7,7,133,74,20,227
directed_cut,synthetic_n20_p0.3,7,19,8,8,141,76,12,229
directed_cut,synthetic_n20_p0.3,7,19,9,9,149,97,4,250
directed_cut,synthetic_n20_p0.3,7,19,10,10,152,107,1,260
directed_cut,synthetic_n20_p0.3,7,19,11,11,153,125,0,278
directed_cut,synthetic_n20_p0.3,7,20,0,0,0,0,223,223
directed_cut,synthetic_n20_p0.3,7,20,1,1,38,10,162,210
directed_cut,synthetic_n20_p0.3,7,20,2,2,68,21,118,207
directed_cut,synthetic_n20_p0.3,7,20,3,3,89,34,87,210
directed_cut,synthetic_n20_p0.3,7,20,4,4,104,52,55,211
directed_cut,synthetic_n20_p0.3,7,20,5,5,116,61,38,215
directed_cut,synthetic_n20_p0.3,7,20,6,6,125,61,29,215
directed_cut,synthetic_n20_p0.3,7,20,7,7,133,74,20,227
directed_cut,synthetic_n20_p0.3,7,20,8,8,141,76,12,229
directed_cut,synthetic_n20_p0.3,7,20,9,9,149,97,4,250
directed_cut,synthetic_n20_p0.3,7,20,10,10,152,107,1,260
directed_cut,synthetic_n20_p0.3,7,20,11,11,153,125,0,278
directed_cut,synthetic_n20_p0.3,8,1,0,0,0,0,32,32
directed_cut,synthetic_n20_p0.3,8,1,1,1,32,5,23,60
directed_cut,synthetic_n20_p0.3,8,2,0,0,0,0,55,55
directed_cut,synthetic_n20_p0.3,8,2,1,1,32,5,46,83
directed_cut,synthetic_n20_p0.3,8,2,2,2,55,11,45,111
directed_cut,synthetic_n20_p0.3,8,3,0,0,0,0,78,78
directed_cut,synthetic_n20_p0.3,8,3,1,1,32,5,68,105
directed_cut,synthetic_n20_p0.3,8,3,2,2,55,11,59,125
directed_cut,synthetic_n20_p0.3,8,3,3,3,78,24,50,152
directed_cut,synthetic_n20_p0.3,8,4,0,0,0,0,100,100
directed_cut,synthetic_n20_p0.3,8,4,1,1,32,5,85,122
directed_cut,synthetic_n20_p0.3,8,4,2,2,55,11,73,139
directed_cut,synthetic_n20_p0.3,8,4,3,3,78,24,61,163
directed_cut,synthetic_n20_p0.3,8,4,4,4,100,30,42,172
directed_cut,synthetic_n20_p0.3,8,5,0,0,0,0,119,119
directed_cut,synthetic_n20_p0.3,8,5,1,1,32,5,98,135
directed_cut,synthetic_n20_p0.3,8,5,2,2,55,11,84,150
directed_cut,synthetic_n20_p0.3,8,5,3,3,78,24,65,167
directed_cut,synthetic_n20_p0.3,8,5,4,4,100,30,45,175
directed_cut,synthetic_n20_p0.3,8,5,5,5,114,37,25,176
directed_cut,synthetic_n20_p0.3,8,6,0,0,0,0,135,135
directed_cut,synthetic_n20_p0.3,8,6,1,1,32,5,109,146
directed_cut,synthetic_n20_p0.3,8,6,2,2,55,11,92,158
directed_cut,synthetic_n20_p0.3,8,6,3,3,78,24,68,170
directed_cut,synthetic_n20_p0.3,8,6,4,4,100,30,45,175
directed_cut,synthetic_n20_p0.3,8,6,5,5,114,37,25,176
directed_cut,synthetic_n20_p0.3,8,6,6,6,128,46,11,185
directed_cut,synthetic_n20_p0.3,8,7,0,0,0,0,147,147
directed_cut,synthetic_n20_p0.3,8,7,1,1,32,5,117,154
directed_cut,synthetic_n20_p0.3,8,7,2,2,55,11,97,163
directed_cut,synthetic_n20_p0.3,8,7,3,3,78,24,68,170
directed_cut,synthetic_n20_p0.3,8,7,4,4,100,30,45,175
directed_cut,synthetic_n20_p0.3,8,7,5,5,114,37,25,176
directed_cut,synthetic_n20_p0.3,8,7,6,6,128,46,11,185
directed_cut,synthetic_n20_p0.3,8,7,7,7,139,53,0,192
directed_cut,synthetic_n20_p0.3,8,8,0,0,0,0,155,155
directed_cut,synthetic_n20_p0.3,8,8,1,1,32,5,124,161
directed_cut,synthetic_n20_p0.3,8,8,2,2,55,11,101,167
directed_cut,synthetic_n20_p0.3,8,8,3,3,78,24,68,170
directed_cut,synthetic_n20_p0.3,8,8,4,4,100,30,45,175
directed_cut,synthetic_n20_p0.3,8,8,5,5,114,37,25,176
directed_cut,synthetic_n20_p0.3,8,8,6,6,128,46,11,185
directed_cut,synthetic_n20_p0.3,8,8,7,7,139,53,0,192
directed_cut,synthetic_n20_p0.3,8,9,0,0,0,0,161,161
directed_cut,synthetic_n20_p0.3,8,9,1,1,32,5,129,166
directed_cut,synthetic_n20_p0.3,8,9,2,2,55,11,104,170
directed_cut,synthetic_n20_p0.3,8,9,3,3,78,24,68,170
directed_cut,synthetic_n20_p0.3,8,9,4,4,100,30,45,175
directed_cut,synthetic_n20_p0.3,8,9,5,5,114,37,25,176
directed_cut,synthetic_n20_p0.3,8,9,6,6,128,46,11,185
directed_cut,synthetic_n20_p0.3,8,9,7,7,139,53,0,192
directed_cut,synthetic_n20_p0.3,8,10,0,0,0,0,166,166
directed_cut,synthetic_n20_p0.3,8,10,1,1,32,5,133,170
directed_cut,synthetic_n20_p0.3,8,10,2,2,55,11,104,170
directed_cut,synthetic_n20_p0.3,8,10,3,3,78,24,68,170
directed_cut,synthetic_n20_p0.3,8,10,4,4,100,30,45,175
directed_cut,synthetic_n20_p0.3,8,10,5,5,114,37,25,176
directed_cut,synthetic_n20_p0.3,8,10,6,6,128,46,11,185
directed_cut,synthetic_n20_p0.3,8,10,7,7,139,53,0,192
directed_cut,synthetic_n20_p0.3,8,11,0,0,0,0,170,170
directed_cut,synthetic_n20_p0.3,8,11,1,1,32,5,136,173
directed_cut,synthetic_n20_p0.3,8,11,2,2,55,11,104,170
directed_cut,synthetic_n20_p0.3,8,11,3,3,78,24,68,170
directed_cut,synthetic_n20_p0.3,8,11,4,4,100,30,45,175
directed_cut,synthetic_n20_p0.3,8,11,5,5,114,37,25,176
directed_cut,synthetic_n20_p0.3,8,11,6,6,128,46,11,185
directed_cut,synthetic_n20_p0.3,8,11,7,7,139,53,0,192
directed_cut,synthetic_n20_p0.3,8,12,0,0,0,0,174,174
directed_cut,synthetic_n20_p0.3,8,12,1,1,32,5,136,173
directed_cut,synthetic_n20_p0.3,8,12,2,2,55,11,104,170
directed_cut,synthetic_n20_p0.3,8,12,3,3,78,24,68,170
directed_cut,synthetic_n20_p0.3,8,12,4,4,100,30,45,175
directed_cut,synthetic_n20_p0.3,8,12,5,5,114,37,25,176
directed_cut,synthetic_n20_p0.3,8,12,6,6,128,46,11,185
directed_cut,synthetic_n20_p0.3,8,12,7,7,139,53,0,192
directed_cut,synthetic_n20_p0.3,8,13,0,0,0,0,174,174
directed_cut,synthetic_n20_p0.3,8,13,1,1,32,5,136,173
directed_cut,synthetic_n20_p0.3,8,13,2,2,55,11,104,170
directed_cut,synthetic_n20_p0.3,8,13,3,3,78,24,68,170
directed_cut,synthetic_n20_p0.3,8,13,4,4,100,30,45,175
directed_cut,synthetic_n20_p0.3,8,13,5,5,114,37,25,176
directed_cut,synthetic_n20_p0.3,8,13,6,6,128,46,11,185
directed_cut,synthetic_n20_p0.3,8,13,7,7,139,53,0,192
directed_cut,synthetic_n20_p0.3,8,14,0,0,0,0,174,174
directed_cut,synthetic_n20_p0.3,8,14,1,1,32,5,136,173
directed_cut,synthetic_n20_p0.3,8,14,2,2,55,11,104,170
directed_cut,synthetic_n20_p0.3,8,14,3,3,78,24,68,170
directed_cut,synthetic_n20_p0.3,8,14,4,4,100,30,45,175
directed_cut,synthetic_n20_p0.3,8,14,5,5,114,37,25,176
directed_cut,synthetic_n20_p0.3,8,14,6,6,128,46,11,185
directed_cut,synthetic_n20_p0.3,8,14,7,7,139,53,0,192
directed_cut,synthetic_n20_p0.3,8,15,0,0,0,0,174,174
directed_cut,synthetic_n20_p0.3,8,15,1,1,32,5,136,173
directed_cut,synthetic_n20_p0.3,8,15,2,2,55,11,104,170
directed_cut,synthetic_n20_p0.3,8,15,3,3,78,24,68,170
directed_cut,synthetic_n20_p0.3,8,15,4,4,100,30,45,175
directed_cut,synthetic_n20_p0.3,8,15,5,5,114,37,25,176
directed_cut,synthetic_n20_p0.3,8,15,6,6,128,46,11,185
directed_cut,synthetic_n20_p0.3,8,15,7,7,139,53,0,192
directed_cut,synthetic_n20_p0.3,8,16,0,0,0,0,174,174
directed_cut,synthetic_n20_p0.3,8,16,1,1,32,5,136,173
directed_cut,synthetic_n20_p0.3,8,16,2,2,55,11,104,170
directed_cut,synthetic_n20_p0.3,8,16,3,3,78,24,68,170
directed_cut,synthetic_n20_p0.3,8,16,4,4,100,30,45,175
directed_cut,synthetic_n20_p0.3,8,16,5,5,114,37,25,176
directed_cut,synthetic_n20_p0.3,8,16,6,6,128,46,11,185
directed_cut,synthetic_n20_p0.3,8,16,7,7,139,53,0,192
directed_cut,synthetic_n20_p0.3,8,17,0,0,0,0,174,174
directed_cut,synthetic_n20_p0.3,8,17,1,1,32,5,136,173
directed_cut,synthetic_n20_p0.3,8,17,2,2,55,11,104,170
directed_cut,synthetic_n20_p0.3,8,17,3,3,78,24,68,170
directed_cut,synthetic_n20_p0.3,8,17,4,4,100,30,45,175
directed_cut,synthetic_n20_p0.3,8,17,5,5,114,37,25,176
directed_cut,synthetic_n20_p0.3,8,17,6,6,128,46,11,185
directed_cut,synthetic_n20_p0.3,8,17,7,7,139,53,0,192
directed_cut,synthetic_n20_p0.3,8,18,0,0,0,0,174,174
directed_cut,synthetic_n20_p0.3,8,18,1,1,32,5,136,173
directed_cut,synthetic_n20_p0.3,8,18,2,2,55,11,104,170
directed_cut,synthetic_n20_p0.3,8,18,3,3,78,24,68,170
directed_cut,synthetic_n20_p0.3,8,18,4,4,100,30,45,175
directed_cut,synthetic_n20_p0.3,8,18,5,5,114,37,25,176
directed_cut,synthetic_n20_p0.3,8,18,6,6,128,46,11,185
directed_cut,synthetic_n20_p0.3,8,18,7,7,139,53,0,192
directed_cut,synthetic_n20_p0.3,8,19,0,0,0,0,174,174
directed_cut,synthetic_n20_p0.3,8,19,1,1,32,5,136,173
directed_cut,synthetic_n20_p0.3,8,19,2,2,55,11,104,170
directed_cut,synthetic_n20_p0.3,8,19,3,3,78,24,68,170
directed_cut,synthetic_n20_p0.3,8,19,4,4,100,30,45,175
directed_cut,synthetic_n20_p0.3,8,19,5,5,114,37,25,176
directed_cut,synthetic_n20_p0.3,8,19,6,6,128,46,11,185
directed_cut,synthetic_n20_p0.3,8,19,7,7,139,53,0,192
directed_cut,synthetic_n20_p0.3,8,20,0,0,0,0,174,174
directed_cut,synthetic_n20_p0.3,8,20,1,1,32,5,136,173
directed_cut,synthetic_n20_p0.3,8,20,2,2,55,11,104,170
directed_cut,synthetic_n20_p0.3,8,20,3,3,78,24,68,170
directed_cut,synthetic_n20_p0.3,8,20,4,4,100,30,45,175
directed_cut,synthetic_n20_p0.3,8,20,5,5,114,37,25,176
directed_cut,synthetic_n20_p0.3,8,20,6,6,128,46,11,185
directed_cut,synthetic_n20_p0.3,8,20,7,7,139,53,0,192
directed_cut,synthetic_n20_p0.3,9,1,0,0,0,0,32,32
directed_cut,synthetic_n20_p0.3,9,1,1,1,32,9,29,70
directed_cut,synthetic_n20_p0.3,9,2,0,0,0,0,61,61
directed_cut,synthetic_n20_p0.3,9,2,1,1,32,9,50,91
directed_cut,synthetic_n20_p0.3,9,2,2,2,61,21,39,121
directed_cut,synthetic_n20_p0.3,9,3,0,0,0,0,86,86
directed_cut,synthetic_n20_p0.3,9,3,1,1,32,9,68,109
directed_cut,synthetic_n20_p0.3,9,3,2,2,61,21,54,136
directed_cut,synthetic_n20_p0.3,9,3,3,3,82,44,43,169
directed_cut,synthetic_n20_p0.3,9,4,0,0,0,0,105,105
directed_cut,synthetic_n20_p0.3,9,4,1,1,32,9,85,126
directed_cut,synthetic_n20_p0.3,9,4,2,2,61,21,67,149
directed_cut,synthetic_n20_p0.3,9,4,3,3,82,44,53,179
directed_cut,synthetic_n20_p0.3,9,4,4,4,100,72,42,214
directed_cut,synthetic_n20_p0.3,9,5,0,0,0,0,121,121
directed_cut,synthetic_n20_p0.3,9,5,1,1,32,9,100,141
directed_cut,synthetic_n20_p0.3,9,5,2,2,61,21,79,161
directed_cut,synthetic_n20_p0.3,9,5,3,3,82,44,61,187
directed_cut,synthetic_n20_p0.3,9,5,4,4,100,72,50,222
directed_cut,synthetic_n20_p0.3,9,5,5,5,114,83,40,237
directed_cut,synthetic_n20_p0.3,9,6,0,0,0,0,136,136
directed_cut,synthetic_n20_p0.3,9,6,1,1,32,9,115,156
directed_cut,synthetic_n20_p0.3,9,6,2,2,61,21,90,172
directed_cut,synthetic_n20_p0.3,9,6,3,3,82,44,69,195
directed_cut,synthetic_n20_p0.3,9,6,4,4,100,72,54,226
directed_cut,synthetic_n20_p0.3,9,6,5,5,114,83,40,237
directed_cut,synthetic_n20_p0.3,9,6,6,6,125,92,28,245
directed_cut,synthetic_n20_p0.3,9,7,0,0,0,0,151,151
directed_cut,synthetic_n20_p0.3,9,7,1,1,32,9,127,168
directed_cut,synthetic_n20_p0.3,9,7,2,2,61,21,101,183
directed_cut,synthetic_n20_p0.3,9,7,3,3,82,44,77,203
directed_cut,synthetic_n20_p0.3,9,7,4,4,100,72,55,227
directed_cut,synthetic_n20_p0.3,9,7,5,5,114,83,40,237
directed_cut,synthetic_n20_p0.3,9,7,6,6,125,92,28,245
directed_cut,synthetic_n20_p0.3,9,7,7,7,134,110,15,259
directed_cut,synthetic_n20_p0.3,9,8,0,0,0,0,165,165
directed_cut,synthetic_n20_p0.3,9,8,1,1,32,9,139,180
directed_cut,synthetic_n20_p0.3,9,8,2,2,61,21,109,191
directed_cut,synthetic_n20_p0.3,9,8,3,3,82,44,85,211
directed_cut,synthetic_n20_p0.3,9,8,4,4,100,72,55,227
directed_cut,synthetic_n20_p0.3,9,8,5,5,114,83,40,237
directed_cut,synthetic_n20_p0.3,9,8,6,6,125,92,28,245
directed_cut,synthetic_n20_p0.3,9,8,7,7,134,110,15,259
directed_cut,synthetic_n20_p0.3,9,8,8,8,142,112,7,261
directed_cut,synthetic_n20_p0.3,9,9,0,0,0,0,177,177
directed_cut,synthetic_n20_p0.3,9,9,1,1,32,9,150,191
directed_cut,synthetic_n20_p0.3,9,9,2,2,61,21,117,199
directed_cut,synthetic_n20_p0.3,9,9,3,3,82,44,90,216
directed_cut,synthetic_n20_p0.3,9,9,4,4,100,72,55,227
directed_cut,synthetic_n20_p0.3,9,9,5,5,114,83,40,237
directed_cut,synthetic_n20_p0.3,9,9,6,6,125,92,28,245
directed_cut,synthetic_n20_p0.3,9,9,7,7,134,110,15,259
directed_cut,synthetic_n20_p0.3,9,9,8,8,142,112,7,261
directed_cut,synthetic_n20_p0.3,9,9,9,9,148,118,1,267
directed_cut,synthetic_n20_p0.3,9,10,0,0,0,0,189,189
directed_cut,synthetic_n20_p0.3,9,10,1,1,32,9,161,202
directed_cut,synthetic_n20_p0.3,9,10,2,2,61,21,125,207
directed_cut,synthetic_n20_p0.3,9,10,3,3,82,44,95,221
directed_cut,synthetic_n20_p0.3,9,10,4,4,100,72,55,227
directed_cut,synthetic_n20_p0.3,9,10,5,5,114,83,40,237
directed_cut,synthetic_n20_p0.3,9,10,6,6,125,92,28,245
directed_cut,synthetic_n20_p0.3,9,10,7,7,134,110,15,259
directed_cut,synthetic_n20_p0.3,9,10,8,8,142,112,7,261
directed_cut,synthetic_n20_p0.3,9,10,9,9,148,118,1,267
directed_cut,synthetic_n20_p0.3,9,10,10,10,149,125,0,274
directed_cut,synthetic_n20_p0.3,9,11,0,0,0,0,200,200
directed_cut,synthetic_n20_p0.3,9,11,1,1,32,9,169,210
directed_cut,synthetic_n20_p0.3,9,11,2,2,61,21,132,214
directed_cut,synthetic_n20_p0.3,9,11,3,3,82,44,100,226
directed_cut,synthetic_n20_p0.3,9,11,4,4,100,72,55,227
directed_cut,synthetic_n20_p0.3,9,11,5,5,114,83,40,237
directed_cut,synthetic_n20_p0.3,9,11,6,6,125,92,28,245
directed_cut,synthetic_n20_p0.3,9,11,7,7,134,110,15,259
directed_cut,synthetic_n20_p0.3,9,11,8,8,142,112,7,261
directed_cut,synthetic_n20_p0.3,9,11,9,9,148,118,1,267
directed_cut,synthetic_n20_p0.3,9,11,10,10,149,125,0,274
directed_cut,synthetic_n20_p0.3,9,12,0,0,0,0,210,210
directed_cut,synthetic_n20_p0.3,9,12,1,1,32,9,177,218
directed_cut,synthetic_n20_p0.3,9,12,2,2,61,21,138,220
directed_cut,synthetic_n20_p0.3,9,12,3,3,82,44,103,229
directed_cut,synthetic_n20_p0.3,9,12,4,4,100,72,55,227
directed_cut,synthetic_n20_p0.3,9,12,5,5,114,83,40,237
directed_cut,synthetic_n20_p0.3,9,12,6,6,125,92,28,245
directed_cut,synthetic_n20_p0.3,9,12,7,7,134,110,15,259
directed_cut,synthetic_n20_p0.3,9,12,8,8,142,112,7,261
directed_cut,synthetic_n20_p0.3,9,12,9,9,148,118,1,267
directed_cut,synthetic_n20_p0.3,9,12,10,10,149,125,0,274
directed_cut,synthetic_n20_p0.3,9,13,0,0,0,0,218,218
directed_cut,synthetic_n20_p0.3,9,13,1,1,32,9,184,225
directed_cut,synthetic_n20_p0.3,9,13,2,2,61,21,144,226
directed_cut,synthetic_n20_p0.3,9,13,3,3,82,44,106,232
directed_cut,synthetic_n20_p0.3,9,13,4,4,100,72,55,227
directed_cut,synthetic_n20_p0.3,9,13,5,5,114,83,40,237
directed_cut,synthetic_n20_p0.3,9,13,6,6,125,92,28,245
directed_cut,synthetic_n20_p0.3,9,13,7,7,134,110,15,259
directed_cut,synthetic_n20_p0.3,9,13,8,8,142,112,7,261
directed_cut,synthetic_n20_p0.3,9,13,9,9,148,118,1,267
directed_cut,synthetic_n20_p0.3,9,13,10,10,149,125,0,274
directed_cut,synthetic_n20_p0.3,9,14,0,0,0,0,226,226
directed_cut,synthetic_n20_p0.3,9,14,1,1,32,9,190,231
directed_cut,synthetic_n20_p0.3,9,14,2,2,61,21,149,231
directed_cut,synthetic_n20_p0.3,9,14,3,3,82,44,107,233
directed_cut,synthetic_n20_p0.3,9,14,4,4,100,72,55,227
directed_cut,synthetic_n20_p0.3,9,14,5,5,114,83,40,237
directed_cut,synthetic_n20_p0.3,9,14,6,6,125,92,28,245
directed_cut,synthetic_n20_p0.3,9,14,7,7,134,110,15,259
directed_cut,synthetic_n20_p0.3,9,14,8,8,142,112,7,261
directed_cut,synthetic_n20_p0.3,9,14,9,9,148,118,1,267
directed_cut,synthetic_n20_p0.3,9,14,10,10,149,125,0,274
directed_cut,synthetic_n20_p0.3,9,15,0,0,0,0,233,233
directed_cut,synthetic_n20_p0.3,9,15,1,1,32,9,195,236
directed_cut,synthetic_n20_p0.3,9,15,2,2,61,21,149,231
directed_cut,synthetic_n20_p0.3,9,15,3,3,82,44,107,233
directed_cut,synthetic_n20_p0.3,9,15,4,4,100,72,55,227
directed_cut,synthetic_n20_p0.3,9,15,5,5,114,83,40,237
directed_cut,synthetic_n20_p0.3,9,15,6,6,125,92,28,245
directed_cut,synthetic_n20_p0.3,9,15,7,7,134,110,15,259
directed_cut,synthetic_n20_p0.3,9,15,8,8,142,112,7,261
directed_cut,synthetic_n20_p0.3,9,15,9,9,148,118,1,267
directed_cut,synthetic_n20_p0.3,9,15,10,10,149,125,0,274
directed_cut,synthetic_n20_p0.3,9,16,0,0,0,0,238,238
directed_cut,synthetic_n20_p0.3,9,16,1,1,32,9,200,241
directed_cut,synthetic_n20_p0.3,9,16,2,2,61,21,149,231
directed_cut,synthetic_n20_p0.3,9,16,3,3,82,44,107,233
directed_cut,synthetic_n20_p0.3,9,16,4,4,100,72,55,227
directed_cut,synthetic_n20_p0.3,9,16,5,5,114,83,40,237
directed_cut,synthetic_n20_p0.3,9,16,6,6,125,92,28,245
directed_cut,synthetic_n20_p0.3,9,16,7,7,134,110,15,259
directed_cut,synthetic_n20_p0.3,9,16,8,8,142,112,7,261
directed_cut,synthetic_n20_p0.3,9,16,9,9,148,118,1,267
directed_cut,synthetic_n20_p0.3,9,16,10,10,149,125,0,274
directed_cut,synthetic_n20_p0.3,9,17,0,0,0,0,238,238
directed_cut,synthetic_n20_p0.3,9,17,1,1,32,9,204,245
directed_cut,synthetic_n20_p0.3,9,17,2,2,61,21,149,231
directed_cut,synthetic_n20_p0.3,9,17,3,3,82,44,107,233
directed_cut,synthetic_n20_p0.3,9,17,4,4,100,72,55,227
directed_cut,synthetic_n20_p0.3,9,17,5,5,114,83,40,237
directed_cut,synthetic_n20_p0.3,9,17,6,6,125,92,28,245
directed_cut,synthetic_n20_p0.3,9,17,7,7,134,110,15,259
directed_cut,synthetic_n20_p0.3,9,17,8,8,142,112,7,261
directed_cut,synthetic_n20_p0.3,9,17,9,9,148,118,1,267
directed_cut,synthetic_n20_p0.3,9,17,10,10,149,125,0,274
directed_cut,synthetic_n20_p0.3,9,18,0,0,0,0,238,238
directed_cut,synthetic_n20_p0.3,9,18,1,1,32,9,204,245
directed_cut,synthetic_n20_p0.3,9,18,2,2,61,21,149,231
directed_cut,synthetic_n20_p0.3,9,18,3,3,82,44,107,233
directed_cut,synthetic_n20_p0.3,9,18,4,4,100,72,55,227
directed_cut,synthetic_n20_p0.3,9,18,5,5,114,83,40,237
directed_cut,synthetic_n20_p0.3,9,18,6,6,125,92,28,245
directed_cut,synthetic_n20_p0.3,9,18,7,7,134,110,15,259
directed_cut,synthetic_n20_p0.3,9,18,8,8,142,112,7,261
directed_cut,synthetic_n20_p0.3,9,18,9,9,148,118,1,267
directed_cut,synthetic_n20_p0.3,9,18,10,10,149,125,0,274
directed_cut,synthetic_n20_p0.3,9,19,0,0,0,0,238,238
directed_cut,synthetic_n20_p0.3,9,19,1,1,32,9,204,245
directed_cut,synthetic_n20_p0.3,9,19,2,2,61,21,149,231
directed_cut,synthetic_n20_p0.3,9,19,3,3,82,44,107,233
directed_cut,synthetic_n20_p0.3,9,19,4,4,100,72,55,227
directed_cut,synthetic_n20_p0.3,9,19,5,5,114,83,40,237
directed_cut,synthetic_n20_p0.3,9,19,6,6,125,92,28,245
directed_cut,synthetic_n20_p0.3,9,19,7,7,134,110,15,259
directed_cut,synthetic_n20_p0.3,9,19,8,8,142,112,7,261
directed_cut,synthetic_n20_p0.3,9,19,9,9,148,118,1,267
directed_cut,synthetic_n20_p0.3,9,19,10,10,149,125,0,274
directed_cut,synthetic_n20_p0.3,9,20,0,0,0,0,238,238
directed_cut,synthetic_n20_p0.3,9,20,1,1,32,9,204,245
directed_cut,synthetic_n20_p0.3,9,20,2,2,61,21,149,231
directed_cut,synthetic_n20_p0.3,9,20,3,3,82,44,107,233
directed_cut,synthetic_n20_p0.3,9,20,4,4,100,72,55,227
directed_cut,synthetic_n20_p0.3,9,20,5,5,114,83,40,237
directed_cut,synthetic_n20_p0.3,9,20,6,6,125,92,28,245
directed_cut,synthetic_n20_p0.3,9,20,7,7,134,110,15,259
directed_cut,synthetic_n20_p0.3,9,20,8,8,142,112,7,261
directed_cut,synthetic_n20_p0.3,9,20,9,9,148,118,1,267
directed_cut,synthetic_n20_p0.3,9,20,10,10,149,125,0,274
