problem,instance,n,k,seed,chain_stride,chain_len,greedy,m1_bound,m2_bound,a2_bound,monotone_flag,min_f_a_V_minus_a,time_monotone_ms
directed_cut,synthetic_n20_p0.3,20,1,0,1,2,25,25,25,25,0,-28,0.907
directed_cut,synthetic_n20_p0.3,20,2,0,1,3,46,46,49,46,0,-28,0.907
directed_cut,synthetic_n20_p0.3,20,3,0,1,4,63,63,66,63,0,-28,0.907
directed_cut,synthetic_n20_p0.3,20,4,0,1,5,77,78,83,78,0,-28,0.907
directed_cut,synthetic_n20_p0.3,20,5,0,1,6,90,91,99,91,0,-28,0.907
directed_cut,synthetic_n20_p0.3,20,6,0,1,7,101,102,114,102,0,-28,0.907
directed_cut,synthetic_n20_p0.3,20,7,0,1,8,108,106,114,106,0,-28,0.907
directed_cut,synthetic_n20_p0.3,20,8,0,1,9,111,106,114,106,0,-28,0.907
directed_cut,synthetic_n20_p0.3,20,9,0,1,10,114,106,114,106,0,-28,0.907
directed_cut,synthetic_n20_p0.3,20,10,0,1,10,114,106,114,106,0,-28,0.907
directed_cut,synthetic_n20_p0.3,20,11,0,1,10,114,106,114,106,0,-28,0.907
directed_cut,synthetic_n20_p0.3,20,12,0,1,10,114,106,114,106,0,-28,0.907
directed_cut,synthetic_n20_p0.3,20,13,0,1,10,114,106,114,106,0,-28,0.907
directed_cut,synthetic_n20_p0.3,20,14,0,1,10,114,106,114,106,0,-28,0.907
directed_cut,synthetic_n20_p0.3,20,15,0,1,10,114,106,114,106,0,-28,0.907
directed_cut,synthetic_n20_p0.3,20,16,0,1,10,114,106,114,106,0,-28,0.907
directed_cut,synthetic_n20_p0.3,20,17,0,1,10,114,106,114,106,0,-28,0.907
directed_cut,synthetic_n20_p0.3,20,18,0,1,10,114,106,114,106,0,-28,0.907
directed_cut,synthetic_n20_p0.3,20,19,0,1,10,114,106,114,106,0,-28,0.907
directed_cut,synthetic_n20_p0.3,20,20,0,1,10,114,106,114,106,0,-28,0.907
directed_cut,synthetic_n20_p0.3,20,1,1,1,2,26,26,26,26,0,-42,0.788
directed_cut,synthetic_n20_p0.3,20,2,1,1,3,49,49,51,49,0,-42,0.788
directed_cut,synthetic_n20_p0.3,20,3,1,1,4,66,71,74,71,0,-42,0.788
directed_cut,synthetic_n20_p0.3,20,4,1,1,5,81,90,96,90,0,-42,0.788
directed_cut,synthetic_n20_p0.3,20,5,1,1,6,94,107,118,107,0,-42,0.788
directed_cut,synthetic_n20_p0.3,20,6,1,1,7,107,118,135,118,0,-42,0.788
directed_cut,synthetic_n20_p0.3,20,7,1,1,8,116,118,134,118,0,-42,0.788
directed_cut,synthetic_n20_p0.3,20,8,1,1,9,121,118,134,118,0,-42,0.788
directed_cut,synthetic_n20_p0.3,20,9,1,1,10,125,118,128,118,0,-42,0.788
directed_cut,synthetic_n20_p0.3,20,10,1,1,11,127,118,127,118,0,-42,0.788
directed_cut,synthetic_n20_p0.3,20,11,1,1,11,127,118,127,118,0,-42,0.788
directed_cut,synthetic_n20_p0.3,20,12,1,1,11,127,118,127,118,0,-42,0.788
directed_cut,synthetic_n20_p0.3,20,13,1,1,11,127,118,127,118,0,-42,0.788
directed_cut,synthetic_n20_p0.3,20,14,1,1,11,127,118,127,118,0,-42,0.788
directed_cut,synthetic_n20_p0.3,20,15,1,1,11,127,118,127,118,0,-42,0.788
directed_cut,synthetic_n20_p0.3,20,16,1,1,11,127,118,127,118,0,-42,0.788
directed_cut,synthetic_n20_p0.3,20,17,1,1,11,127,118,127,118,0,-42,0.788
directed_cut,synthetic_n20_p0.3,20,18,1,1,11,127,118,127,118,0,-42,0.788
directed_cut,synthetic_n20_p0.3,20,19,1,1,11,127,118,127,118,0,-42,0.788
directed_cut,synthetic_n20_p0.3,20,20,1,1,11,127,118,127,118,0,-42,0.788
directed_cut,synthetic_n20_p0.3,20,1,2,1,2,33,33,33,33,0,-30,1.466
directed_cut,synthetic_n20_p0.3,20,2,2,1,3,57,58,59,58,0,-30,1.466
directed_cut,synthetic_n20_p0.3,20,3,2,1,4,79,82,84,82,0,-30,1.466
directed_cut,synthetic_n20_p0.3,20,4,2,1,5,98,104,108,104,0,-30,1.466
directed_cut,synthetic_n20_p0.3,20,5,2,1,6,115,125,130,125,0,-30,1.466
directed_cut,synthetic_n20_p0.3,20,6,2,1,7,124,128,143,129,0,-30,1.466
directed_cut,synthetic_n20_p0.3,20,7,2,1,8,131,128,138,129,0,-30,1.466
directed_cut,synthetic_n20_p0.3,20,8,2,1,9,137,128,138,129,0,-30,1.466
directed_cut,synthetic_n20_p0.3,20,9,2,1,10,138,128,138,129,0,-30,1.466
directed_cut,synthetic_n20_p0.3,20,10,2,1,10,138,128,138,129,0,-30,1.466
directed_cut,synthetic_n20_p0.3,20,11,2,1,10,138,128,138,129,0,-30,1.466
directed_cut,synthetic_n20_p0.3,20,12,2,1,10,138,128,138,129,0,-30,1.466
directed_cut,synthetic_n20_p0.3,20,13,2,1,10,138,128,138,129,0,-30,1.466
directed_cut,synthetic_n20_p0.3,20,14,2,1,10,138,128,138,129,0,-30,1.466
directed_cut,synthetic_n20_p0.3,20,15,2,1,10,138,128,138,129,0,-30,1.466
directed_cut,synthetic_n20_p0.3,20,16,2,1,10,138,128,138,129,0,-30,1.466
directed_cut,synthetic_n20_p0.3,20,17,2,1,10,138,128,138,129,0,-30,1.466
directed_cut,synthetic_n20_p0.3,20,18,2,1,10,138,128,138,129,0,-30,1.466
directed_cut,synthetic_n20_p0.3,20,19,2,1,10,138,128,138,129,0,-30,1.466
directed_cut,synthetic_n20_p0.3,20,20,2,1,10,138,128,138,129,0,-30,1.466
directed_cut,synthetic_n20_p0.3,20,1,3,1,2,29,29,29,29,0,-30,11.660
directed_cut,synthetic_n20_p0.3,20,2,3,1,3,48,48,48,48,0,-30,11.660
directed_cut,synthetic_n20_p0.3,20,3,3,1,4,66,66,67,66,0,-30,11.660
directed_cut,synthetic_n20_p0.3,20,4,3,1,5,81,84,85,84,0,-30,11.660
directed_cut,synthetic_n20_p0.3,20,5,3,1,6,95,102,103,102,0,-30,11.660
directed_cut,synthetic_n20_p0.3,20,6,3,1,7,107,114,121,117,0,-30,11.660
directed_cut,synthetic_n20_p0.3,20,7,3,1,8,117,114,127,120,0,-30,11.660
directed_cut,synthetic_n20_p0.3,20,8,3,1,9,121,114,122,120,0,-30,11.660
directed_cut,synthetic_n20_p0.3,20,9,3,1,10,122,114,122,120,0,-30,11.660
directed_cut,synthetic_n20_p0.3,20,10,3,1,10,122,114,122,120,0,-30,11.660
directed_cut,synthetic_n20_p0.3,20,11,3,1,10,122,114,122,120,0,-30,11.660
directed_cut,synthetic_n20_p0.3,20,12,3,1,10,122,114,122,120,0,-30,11.660
directed_cut,synthetic_n20_p0.3,20,13,3,1,10,122,114,122,120,0,-30,11.660
directed_cut,synthetic_n20_p0.3,20,14,3,1,10,122,114,122,120,0,-30,11.660
directed_cut,synthetic_n20_p0.3,20,15,3,1,10,122,114,122,120,0,-30,11.660
directed_cut,synthetic_n20_p0.3,20,16,3,1,10,122,114,122,120,0,-30,11.660
directed_cut,synthetic_n20_p0.3,20,17,3,1,10,122,114,122,120,0,-30,11.660
directed_cut,synthetic_n20_p0.3,20,18,3,1,10,122,114,122,120,0,-30,11.660
directed_cut,synthetic_n20_p0.3,20,19,3,1,10,122,114,122,120,0,-30,11.660
directed_cut,synthetic_n20_p0.3,20,20,3,1,10,122,114,122,120,0,-30,11.660
directed_cut,synthetic_n20_p0.3,20,1,4,1,2,29,29,29,29,0,-29,0.544
directed_cut,synthetic_n20_p0.3,20,2,4,1,3,57,57,57,57,0,-29,0.544
directed_cut,synthetic_n20_p0.3,20,3,4,1,4,80,80,80,80,0,-29,0.544
directed_cut,synthetic_n20_p0.3,20,4,4,1,5,97,97,102,97,0,-29,0.544
directed_cut,synthetic_n20_p0.3,20,5,4,1,6,114,114,119,114,0,-29,0.544
directed_cut,synthetic_n20_p0.3,20,6,4,1,7,124,128,136,128,0,-29,0.544
directed_cut,synthetic_n20_p0.3,20,7,4,1,8,133,130,147,136,0,-29,0.544
directed_cut,synthetic_n20_p0.3,20,8,4,1,9,138,130,141,136,0,-29,0.544
directed_cut,synthetic_n20_p0.3,20,9,4,1,10,141,130,141,136,0,-29,0.544
directed_cut,synthetic_n20_p0.3,20,10,4,1,10,141,130,141,136,0,-29,0.544
directed_cut,synthetic_n20_p0.3,20,11,4,1,10,141,130,141,136,0,-29,0.544
directed_cut,synthetic_n20_p0.3,20,12,4,1,10,141,130,141,136,0,-29,0.544
directed_cut,synthetic_n20_p0.3,20,13,4,1,10,141,130,141,136,0,-29,0.544
directed_cut,synthetic_n20_p0.3,20,14,4,1,10,141,130,141,136,0,-29,0.544
directed_cut,synthetic_n20_p0.3,20,15,4,1,10,141,130,141,136,0,-29,0.544
directed_cut,synthetic_n20_p0.3,20,16,4,1,10,141,130,141,136,0,-29,0.544
directed_cut,synthetic_n20_p0.3,20,17,4,1,10,141,130,141,136,0,-29,0.544
directed_cut,synthetic_n20_p0.3,20,18,4,1,10,141,130,141,136,0,-29,0.544
directed_cut,synthetic_n20_p0.3,20,19,4,1,10,141,130,141,136,0,-29,0.544
directed_cut,synthetic_n20_p0.3,20,20,4,1,10,141,130,141,136,0,-29,0.544
directed_cut,synthetic_n20_p0.3,20,1,5,1,2,35,35,35,35,0,-40,10.741
directed_cut,synthetic_n20_p0.3,20,2,5,1,3,59,59,68,59,0,-40,10.741
directed_cut,synthetic_n20_p0.3,20,3,5,1,4,82,82,91,82,0,-40,10.741
directed_cut,synthetic_n20_p0.3,20,4,5,1,5,101,101,111,101,0,-40,10.741
directed_cut,synthetic_n20_p0.3,20,5,5,1,6,120,120,131,120,0,-40,10.741
directed_cut,synthetic_n20_p0.3,20,6,5,1,7,135,139,150,139,0,-40,10.741
directed_cut,synthetic_n20_p0.3,20,7,5,1,8,149,147,169,147,0,-40,10.741
directed_cut,synthetic_n20_p0.3,20,8,5,1,9,162,147,175,147,0,-40,10.741
directed_cut,synthetic_n20_p0.3,20,9,5,1,10,169,147,173,147,0,-40,10.741
directed_cut,synthetic_n20_p0.3,20,10,5,1,11,171,147,173,147,0,-40,10.741
directed_cut,synthetic_n20_p0.3,20,11,5,1,12,173,147,173,147,0,-40,10.741
directed_cut,synthetic_n20_p0.3,20,12,5,1,12,173,147,173,147,0,-40,10.741
directed_cut,synthetic_n20_p0.3,20,13,5,1,12,173,147,173,147,0,-40,10.741
directed_cut,synthetic_n20_p0.3,20,14,5,1,12,173,147,173,147,0,-40,10.741
directed_cut,synthetic_n20_p0.3,20,15,5,1,12,173,147,173,147,0,-40,10.741
directed_cut,synthetic_n20_p0.3,20,16,5,1,12,173,147,173,147,0,-40,10.741
directed_cut,synthetic_n20_p0.3,20,17,5,1,12,173,147,173,147,0,-40,10.741
directed_cut,synthetic_n20_p0.3,20,18,5,1,12,173,147,173,147,0,-40,10.741
directed_cut,synthetic_n20_p0.3,20,19,5,1,12,173,147,173,147,0,-40,10.741
directed_cut,synthetic_n20_p0.3,20,20,5,1,12,173,147,173,147,0,-40,10.741
directed_cut,synthetic_n20_p0.3,20,1,6,1,2,36,36,36,36,0,-37,1.412
directed_cut,synthetic_n20_p0.3,20,2,6,1,3,60,63,63,63,0,-37,1.412
directed_cut,synthetic_n20_p0.3,20,3,6,1,4,84,86,90,86,0,-37,1.412
directed_cut,synthetic_n20_p0.3,20,4,6,1,5,106,108,113,108,0,-37,1.412
directed_cut,synthetic_n20_p0.3,20,5,6,1,6,120,129,135,129,0,-37,1.412
directed_cut,synthetic_n20_p0.3,20,6,6,1,7,134,139,156,147,0,-37,1.412
directed_cut,synthetic_n20_p0.3,20,7,6,1,8,144,139,153,147,0,-37,1.412
directed_cut,synthetic_n20_p0.3,20,8,6,1,9,147,139,153,147,0,-37,1.412
directed_cut,synthetic_n20_p0.3,20,9,6,1,10,150,139,153,147,0,-37,1.412
directed_cut,synthetic_n20_p0.3,20,10,6,1,11,152,139,153,147,0,-37,1.412
directed_cut,synthetic_n20_p0.3,20,11,6,1,12,153,139,153,147,0,-37,1.412
directed_cut,synthetic_n20_p0.3,20,12,6,1,12,153,139,153,147,0,-37,1.412
directed_cut,synthetic_n20_p0.3,20,13,6,1,12,153,139,153,147,0,-37,1.412
directed_cut,synthetic_n20_p0.3,20,14,6,1,12,153,139,153,147,0,-37,1.412
directed_cut,synthetic_n20_p0.3,20,15,6,1,12,153,139,153,147,0,-37,1.412
directed_cut,synthetic_n20_p0.3,20,16,6,1,12,153,139,153,147,0,-37,1.412
directed_cut,synthetic_n20_p0.3,20,17,6,1,12,153,139,153,147,0,-37,1.412
directed_cut,synthetic_n20_p0.3,20,18,6,1,12,153,139,153,147,0,-37,1.412
directed_cut,synthetic_n20_p0.3,20,19,6,1,12,153,139,153,147,0,-37,1.412
directed_cut,synthetic_n20_p0.3,20,20,6,1,12,153,139,153,147,0,-37,1.412
directed_cut,synthetic_n20_p0.3,20,1,7,1,2,38,38,38,38,0,-34,10.919
directed_cut,synthetic_n20_p0.3,20,2,7,1,3,68,68,68,68,0,-34,10.919
directed_cut,synthetic_n20_p0.3,20,3,7,1,4,89,89,92,89,0,-34,10.919
directed_cut,synthetic_n20_p0.3,20,4,7,1,5,104,108,113,108,0,-34,10.919
directed_cut,synthetic_n20_p0.3,20,5,7,1,6,116,122,134,124,0,-34,10.919
directed_cut,synthetic_n20_p0.3,20,6,7,1,7,125,122,151,124,0,-34,10.919
directed_cut,synthetic_n20_p0.3,20,7,7,1,8,133,122,158,124,0,-34,10.919
directed_cut,synthetic_n20_p0.3,20,8,7,1,9,141,122,155,124,0,-34,10.919
directed_cut,synthetic_n20_p0.3,20,9,7,1,10,149,122,153,124,0,-34,10.919
directed_cut,synthetic_n20_p0.3,20,10,7,1,11,152,122,153,124,0,-34,10.919
directed_cut,synthetic_n20_p0.3,20,11,7,1,12,153,122,153,124,0,-34,10.919
directed_cut,synthetic_n20_p0.3,20,12,7,1,12,153,122,153,124,0,-34,10.919
directed_cut,synthetic_n20_p0.3,20,13,7,1,12,153,122,153,124,0,-34,10.919
directed_cut,synthetic_n20_p0.3,20,14,7,1,12,153,122,153,124,0,-34,10.919
directed_cut,synthetic_n20_p0.3,20,15,7,1,12,153,122,153,124,0,-34,10.919
directed_cut,synthetic_n20_p0.3,20,16,7,1,12,153,122,153,124,0,-34,10.919
directed_cut,synthetic_n20_p0.3,20,17,7,1,12,153,122,153,124,0,-34,10.919
directed_cut,synthetic_n20_p0.3,20,18,7,1,12,153,122,153,124,0,-34,10.919
directed_cut,synthetic_n20_p0.3,20,19,7,1,12,153,122,153,124,0,-34,10.919
directed_cut,synthetic_n20_p0.3,20,20,7,1,12,153,122,153,124,0,-34,10.919
directed_cut,synthetic_n20_p0.3,20,1,8,1,2,32,32,32,32,0,-31,0.392
directed_cut,synthetic_n20_p0.3,20,2,8,1,3,55,55,55,55,0,-31,0.392
directed_cut,synthetic_n20_p0.3,20,3,8,1,4,78,78,78,78,0,-31,0.392
directed_cut,synthetic_n20_p0.3,20,4,8,1,5,100,100,101,100,0,-31,0.392
directed_cut,synthetic_n20_p0.3,20,5,8,1,6,114,117,123,119,0,-31,0.392
directed_cut,synthetic_n20_p0.3,20,6,8,1,7,128,117,143,119,0,-31,0.392
directed_cut,synthetic_n20_p0.3,20,7,8,1,8,139,117,139,119,0,-31,0.392
directed_cut,synthetic_n20_p0.3,20,8,8,1,8,139,117,139,119,0,-31,0.392
directed_cut,synthetic_n20_p0.3,20,9,8,1,8,139,117,139,119,0,-31,0.392
directed_cut,synthetic_n20_p0.3,20,10,8,1,8,139,117,139,119,0,-31,0.392
directed_cut,synthetic_n20_p0.3,20,11,8,1,8,139,117,139,119,0,-31,0.392
directed_cut,synthetic_n20_p0.3,20,12,8,1,8,139,117,139,119,0,-31,0.392
directed_cut,synthetic_n20_p0.3,20,13,8,1,8,139,117,139,119,0,-31,0.392
directed_cut,synthetic_n20_p0.3,20,14,8,1,8,139,117,139,119,0,-31,0.392
directed_cut,synthetic_n20_p0.3,20,15,8,1,8,139,117,139,119,0,-31,0.392
directed_cut,synthetic_n20_p0.3,20,16,8,1,8,139,117,139,119,0,-31,0.392
directed_cut,synthetic_n20_p0.3,20,17,8,1,8,139,117,139,119,0,-31,0.392
directed_cut,synthetic_n20_p0.3,20,18,8,1,8,139,117,139,119,0,-31,0.392
directed_cut,synthetic_n20_p0.3,20,19,8,1,8,139,117,139,119,0,-31,0.392
directed_cut,synthetic_n20_p0.3,20,20,8,1,8,139,117,139,119,0,-31,0.392
directed_cut,synthetic_n20_p0.3,20,1,9,1,2,32,32,32,32,0,-33,1.042
directed_cut,synthetic_n20_p0.3,20,2,9,1,3,61,61,61,61,0,-33,1.042
directed_cut,synthetic_n20_p0.3,20,3,9,1,4,82,86,88,86,0,-33,1.042
directed_cut,synthetic_n20_p0.3,20,4,9,1,5,100,100,113,100,0,-33,1.042
directed_cut,synthetic_n20_p0.3,20,5,9,1,6,114,100,137,100,0,-33,1.042
directed_cut,synthetic_n20_p0.3,20,6,9,1,7,125,100,158,100,0,-33,1.042
directed_cut,synthetic_n20_p0.3,20,7,9,1,8,134,100,154,100,0,-33,1.042
directed_cut,synthetic_n20_p0.3,20,8,9,1,9,142,100,149,100,0,-33,1.042
directed_cut,synthetic_n20_p0.3,20,9,9,1,10,148,100,149,100,0,-33,1.042
directed_cut,synthetic_n20_p0.3,20,10,9,1,11,149,100,149,100,0,-33,1.042
directed_cut,synthetic_n20_p0.3,20,11,9,1,11,149,100,149,100,0,-33,1.042
directed_cut,synthetic_n20_p0.3,20,12,9,1,11,149,100,149,100,0,-33,1.042
directed_cut,synthetic_n20_p0.3,20,13,9,1,11,149,100,149,100,0,-33,1.042
directed_cut,synthetic_n20_p0.3,20,14,9,1,11,149,100,149,100,0,-33,1.042
directed_cut,synthetic_n20_p0.3,20,15,9,1,11,149,100,149,100,0,-33,1.042
directed_cut,synthetic_n20_p0.3,20,16,9,1,11,149,100,149,100,0,-33,1.042
directed_cut,synthetic_n20_p0.3,20,17,9,1,11,149,100,149,100,0,-33,1.042
directed_cut,synthetic_n20_p0.3,20,18,9,1,11,149,100,149,100,0,-33,1.042
directed_cut,synthetic_n20_p0.3,20,19,9,1,11,149,100,149,100,0,-33,1.042
directed_cut,synthetic_n20_p0.3,20,20,9,1,11,149,100,149,100,0,-33,1.042
