n,p,k,trials,seed,edges,total_weight,opt,top_k_bound,dual_bound,dual_bound_S0,greedy,rg_mean,rg_std,rg_min,rg_max,dual_over_opt,dual_S0_over_opt,top_k_over_opt,total_over_opt,rg_over_opt,rg_over_dual,rg_over_top_k,rg_over_total,greedy_over_opt,greedy_over_dual,greedy_over_top_k,greedy_over_total,rg_ge_opt_over_e,rg_ge_dual_over_e,time_opt_ms,time_greedy_ms,time_dual_ms,time_rg_ms,lp_bound,gamma1_bound,gamma1_noprune,mu2_bound,mu3_bound,lattice_A_size,lattice_B_size,prune_rounds,f_empty,f_V,opt_unconstrained,lattice_opt_unconstrained,lattice_opt_k,time_lp_export_ms,time_lp_ms,time_gamma1_ms,time_mu_ms
20,0.30,1,2000,0,48,230.0,38.0,38.0,38.0000,38.0000,38.0,38.0000,0.0000,38.0,38.0,1.000000,1.000000,1.000000,6.052632,1.000000,1.000000,1.000000,0.165217,1.000000,1.000000,1.000000,0.165217,1,1,0.002,0.003,0.031,0.0011,38,486,486,371,376,0,20,0,0,0,199,199,38,3.517,2.213,0.007,0.021
20,0.30,2,2000,0,48,230.0,74.0,74.0,74.0000,74.0000,74.0,71.2065,3.2889,66.0,74.0,1.000000,1.000000,1.000000,3.108108,0.962250,0.962250,0.962250,0.309593,1.000000,1.000000,1.000000,0.321739,1,1,0.022,0.003,0.046,0.0015,74,486,486,371,376,0,20,0,0,0,199,199,74,3.517,0.530,0.007,0.021
20,0.30,3,2000,0,48,230.0,100.0,107.0,104.0000,104.0000,100.0,94.4630,4.8954,85.0,100.0,1.040000,1.040000,1.070000,2.300000,0.944630,0.908298,0.882832,0.410709,1.000000,0.961538,0.934579,0.434783,1,1,0.175,0.005,0.065,0.0022,105.5862069,486,486,368,376,0,20,0,0,0,199,199,100,3.517,0.470,0.007,0.021
20,0.30,4,2000,0,48,230.0,126.0,137.0,130.0000,130.0000,126.0,111.9385,5.5677,96.0,126.0,1.031746,1.031746,1.087302,1.825397,0.888401,0.861065,0.817069,0.486689,1.000000,0.969231,0.919708,0.547826,1,1,0.992,0.005,0.083,0.0028,133.0621242,486,486,360,376,0,20,0,0,0,199,199,126,3.517,0.386,0.007,0.021
20,0.30,5,2000,0,48,230.0,143.0,167.0,156.0000,156.0000,143.0,125.9695,6.8868,106.0,143.0,1.090909,1.090909,1.167832,1.608392,0.880906,0.807497,0.754308,0.547693,1.000000,0.916667,0.856287,0.621739,1,1,4.294,0.005,0.078,0.0031,159.9727096,486,486,348,376,0,20,0,0,0,199,199,143,3.517,0.351,0.007,0.021
20,0.30,6,2000,0,48,230.0,156.0,196.0,180.0000,180.0000,156.0,137.6610,7.8008,109.0,156.0,1.153846,1.153846,1.256410,1.474359,0.882442,0.764783,0.702352,0.598526,1.000000,0.866667,0.795918,0.678261,1,1,12.550,0.003,0.056,0.0034,186.0233918,486,486,348,376,0,20,0,0,0,199,199,156,3.517,1.181,0.007,0.021
20,0.30,7,2000,0,48,230.0,173.0,222.0,204.0000,204.0000,166.0,144.7470,9.4341,113.0,173.0,1.179191,1.179191,1.283237,1.329480,0.836688,0.709544,0.652014,0.629335,0.959538,0.813725,0.747748,0.721739,1,1,28.013,0.004,0.076,0.0037,209.1028155,486,486,348,376,0,20,0,0,0,199,199,173,3.517,0.443,0.007,0.021
20,0.30,8,2000,0,48,230.0,187.0,248.0,227.0000,227.0000,173.0,147.6160,10.6099,117.0,185.0,1.213904,1.213904,1.326203,1.229947,0.789390,0.650291,0.595226,0.641809,0.925134,0.762115,0.697581,0.752174,1,1,55.215,0.004,0.070,0.0039,228.9924675,486,486,348,376,0,20,0,0,0,199,199,187,3.517,1.298,0.007,0.021
20,0.30,9,2000,0,48,230.0,199.0,272.0,248.0000,248.0000,179.0,148.5135,11.4290,111.0,190.0,1.246231,1.246231,1.366834,1.155779,0.746299,0.598845,0.546006,0.645711,0.899497,0.721774,0.658088,0.778261,1,1,96.645,0.007,0.239,0.0047,244.7946083,486,486,348,376,0,20,0,0,0,199,199,199,3.517,1.235,0.007,0.021
20,0.30,10,2000,0,48,230.0,199.0,296.0,268.0000,268.0000,185.0,148.8660,12.4052,111.0,191.0,1.346734,1.346734,1.487437,1.155779,0.748070,0.555470,0.502926,0.647243,0.929648,0.690299,0.625000,0.804348,1,1,127.346,0.005,0.076,0.0047,244.9897008,486,486,348,376,0,20,0,0,0,199,199,199,3.517,1.021,0.007,0.021
20,0.30,11,2000,0,48,230.0,199.0,319.0,286.0000,286.0000,189.0,148.7665,12.6335,101.0,199.0,1.437186,1.437186,1.603015,1.155779,0.747570,0.520163,0.466353,0.646811,0.949749,0.660839,0.592476,0.821739,1,1,208.985,0.014,0.165,0.0075,235,486,486,348,376,0,20,0,0,0,199,199,199,3.517,1.013,0.007,0.021
20,0.30,12,2000,0,48,230.0,199.0,340.0,303.0000,303.0000,189.0,148.4090,13.1556,104.0,199.0,1.522613,1.522613,1.708543,1.155779,0.745774,0.489799,0.436497,0.645257,0.949749,0.623762,0.555882,0.821739,1,1,258.860,0.013,0.184,0.0114,235,486,486,348,376,0,20,0,0,0,199,199,199,3.517,0.758,0.007,0.021
20,0.30,13,2000,0,48,230.0,199.0,360.0,320.0000,320.0000,189.0,148.2810,13.1004,107.0,194.0,1.608040,1.608040,1.809045,1.155779,0.745131,0.463378,0.411892,0.644700,0.949749,0.590625,0.525000,0.821739,1,1,273.584,0.009,0.174,0.0119,235,486,486,348,376,0,20,0,0,0,199,199,199,3.517,0.696,0.007,0.021
20,0.30,14,2000,0,48,230.0,199.0,378.0,323.0000,335.0000,189.0,147.6165,13.1294,100.0,194.0,1.623116,1.683417,1.899497,1.155779,0.741791,0.457017,0.390520,0.641811,0.949749,0.585139,0.500000,0.821739,1,1,268.871,0.008,0.191,0.0112,235,486,486,348,376,0,20,0,0,0,199,199,199,3.517,0.684,0.007,0.021
20,0.30,15,2000,0,48,230.0,199.0,395.0,326.0000,349.0000,189.0,147.3325,14.0341,94.0,199.0,1.638191,1.753769,1.984925,1.155779,0.740364,0.451940,0.372994,0.640576,0.949749,0.579755,0.478481,0.821739,1,1,300.972,0.009,0.109,0.0073,235,486,486,348,376,0,20,0,0,0,199,199,199,3.517,0.680,0.007,0.021
20,0.30,16,2000,0,48,230.0,199.0,412.0,327.0000,363.0000,189.0,147.3145,14.0003,89.0,199.0,1.643216,1.824121,2.070352,1.155779,0.740274,0.450503,0.357559,0.640498,0.949749,0.577982,0.458738,0.821739,1,1,234.323,0.008,0.101,0.0104,235,486,486,348,376,0,20,0,0,0,199,199,199,3.517,0.671,0.007,0.021
20,0.30,17,2000,0,48,230.0,199.0,427.0,327.0000,368.0000,189.0,146.2160,13.6807,102.0,190.0,1.643216,1.849246,2.145729,1.155779,0.734754,0.447144,0.342426,0.635722,0.949749,0.577982,0.442623,0.821739,1,1,216.657,0.006,0.098,0.0086,235,486,486,348,376,0,20,0,0,0,199,199,199,3.517,0.670,0.007,0.021
20,0.30,18,2000,0,48,230.0,199.0,441.0,327.0000,372.0000,189.0,146.0935,13.6098,100.0,193.0,1.643216,1.869347,2.216080,1.155779,0.734138,0.446769,0.331278,0.635189,0.949749,0.577982,0.428571,0.821739,1,1,207.229,0.008,0.098,0.0099,235,486,486,348,376,0,20,0,0,0,199,199,199,3.517,0.638,0.007,0.021
20,0.30,19,2000,0,48,230.0,199.0,455.0,327.0000,372.0000,189.0,146.2840,13.8450,100.0,194.0,1.643216,1.869347,2.286432,1.155779,0.735095,0.447352,0.321503,0.636017,0.949749,0.577982,0.415385,0.821739,1,1,217.778,0.009,0.095,0.0136,235,486,486,348,376,0,20,0,0,0,199,199,199,3.517,0.407,0.007,0.021
20,0.30,20,2000,0,48,230.0,199.0,460.0,327.0000,372.0000,189.0,145.8230,13.8452,96.0,193.0,1.643216,1.869347,2.311558,1.155779,0.732779,0.445942,0.317007,0.634013,0.949749,0.577982,0.410870,0.821739,1,1,228.196,0.009,0.100,0.0102,235,486,486,348,376,0,20,0,0,0,199,199,199,3.517,0.478,0.007,0.021
20,0.30,1,2000,1,56,291.0,50.0,50.0,50.0000,50.0000,50.0,50.0000,0.0000,50.0,50.0,1.000000,1.000000,1.000000,5.820000,1.000000,1.000000,1.000000,0.171821,1.000000,1.000000,1.000000,0.171821,1,1,0.001,0.002,0.016,0.0005,50,585,585,471,468,1,20,1,0,0,221,221,0,3.783,0.433,0.011,0.043
20,0.30,2,2000,1,56,291.0,92.0,99.0,92.0000,92.0000,92.0,84.5055,4.5024,81.0,92.0,1.000000,1.000000,1.076087,3.163043,0.918538,0.918538,0.853591,0.290397,1.000000,1.000000,0.929293,0.316151,1,1,0.013,0.002,0.026,0.0007,97.90243902,585,585,471,468,1,20,1,0,0,221,221,50,3.783,0.381,0.011,0.043
20,0.30,3,2000,1,56,291.0,124.0,144.0,133.0000,133.0000,119.0,114.1565,6.0099,106.0,124.0,1.072581,1.072581,1.161290,2.346774,0.920617,0.858320,0.792753,0.392290,0.959677,0.894737,0.826389,0.408935,1,1,0.110,0.002,0.031,0.0010,141.12,585,585,466,468,1,20,1,0,0,221,221,92,3.783,0.369,0.011,0.043
20,0.30,4,2000,1,56,291.0,154.0,186.0,170.0000,170.0000,146.0,140.4555,7.4983,126.0,154.0,1.103896,1.103896,1.207792,1.889610,0.912049,0.826209,0.755137,0.482665,0.948052,0.858824,0.784946,0.501718,1,1,0.628,0.003,0.038,0.0013,181.4223108,585,585,466,468,1,20,1,0,0,221,221,124,3.783,0.363,0.011,0.043
20,0.30,5,2000,1,56,291.0,183.0,227.0,206.0000,206.0000,172.0,159.2320,8.5396,139.0,183.0,1.125683,1.125683,1.240437,1.590164,0.870120,0.772971,0.701463,0.547189,0.939891,0.834951,0.757709,0.591065,1,1,2.608,0.003,0.046,0.0018,216.9166948,585,585,456,468,1,20,1,0,0,221,221,154,3.783,0.379,0.011,0.043
20,0.30,6,2000,1,56,291.0,204.0,264.0,236.0000,236.0000,196.0,172.4255,10.1657,144.0,204.0,1.156863,1.156863,1.294118,1.426471,0.845223,0.730617,0.653127,0.592527,0.960784,0.830508,0.742424,0.673540,1,1,8.777,0.007,0.124,0.0024,249.5815972,585,585,456,468,1,20,1,0,0,221,221,183,3.783,0.371,0.011,0.043
20,0.30,7,2000,1,56,291.0,215.0,301.0,264.0000,264.0000,215.0,179.2910,11.2670,147.0,215.0,1.227907,1.227907,1.400000,1.353488,0.833912,0.679133,0.595651,0.616120,1.000000,0.814394,0.714286,0.738832,1,1,22.940,0.004,0.061,0.0032,277.3736866,585,585,456,468,1,20,1,0,0,221,221,204,3.783,0.400,0.011,0.043
20,0.30,8,2000,1,56,291.0,221.0,337.0,289.0000,289.0000,218.0,181.6365,12.5703,140.0,221.0,1.307692,1.307692,1.524887,1.316742,0.821885,0.628500,0.538981,0.624180,0.986425,0.754325,0.646884,0.749141,1,1,45.207,0.004,0.066,0.0060,300.5387197,585,585,456,468,1,20,1,0,0,221,221,215,3.783,0.403,0.011,0.043
20,0.30,9,2000,1,56,291.0,221.0,367.0,314.0000,314.0000,220.0,182.5580,13.2285,145.0,221.0,1.420814,1.420814,1.660633,1.316742,0.826054,0.581395,0.497433,0.627347,0.995475,0.700637,0.599455,0.756014,1,1,96.828,0.005,0.078,0.0041,313.2753914,585,585,456,468,1,20,1,0,0,221,221,221,3.783,0.388,0.011,0.043
20,0.30,10,2000,1,56,291.0,221.0,395.0,338.0000,338.0000,220.0,182.7590,14.1350,140.0,218.0,1.529412,1.529412,1.787330,1.316742,0.826964,0.540707,0.462681,0.628038,0.995475,0.650888,0.556962,0.756014,1,1,136.673,0.004,0.081,0.0064,320,585,585,456,468,1,20,1,0,0,221,221,221,3.783,0.374,0.011,0.043
20,0.30,11,2000,1,56,291.0,221.0,420.0,360.0000,360.0000,220.0,182.3785,14.1256,135.0,221.0,1.628959,1.628959,1.900452,1.316742,0.825242,0.506607,0.434235,0.626730,0.995475,0.611111,0.523810,0.756014,1,1,171.932,0.005,0.080,0.0065,320,585,585,456,468,1,20,1,0,0,221,221,221,3.783,0.397,0.011,0.043
20,0.30,12,2000,1,56,291.0,221.0,445.0,382.0000,382.0000,220.0,181.5580,14.6837,133.0,220.0,1.728507,1.728507,2.013575,1.316742,0.821529,0.475283,0.407996,0.623911,0.995475,0.575916,0.494382,0.756014,1,1,185.900,0.009,0.088,0.0082,320,585,585,456,468,1,20,1,0,0,221,221,221,3.783,0.376,0.011,0.043
20,0.30,13,2000,1,56,291.0,221.0,469.0,396.0000,403.0000,220.0,180.9235,14.9955,134.0,221.0,1.791855,1.823529,2.122172,1.316742,0.818658,0.456878,0.385764,0.621730,0.995475,0.555556,0.469083,0.756014,1,1,228.091,0.013,0.160,0.0065,320,585,585,456,468,1,20,1,0,0,221,221,221,3.783,0.352,0.011,0.043
20,0.30,14,2000,1,56,291.0,221.0,491.0,396.0000,423.0000,220.0,180.7020,15.4247,138.0,220.0,1.791855,1.914027,2.221719,1.316742,0.817656,0.456318,0.368029,0.620969,0.995475,0.555556,0.448065,0.756014,1,1,217.769,0.005,0.082,0.0076,320,585,585,456,468,1,20,1,0,0,221,221,221,3.783,0.341,0.011,0.043
20,0.30,15,2000,1,56,291.0,221.0,513.0,396.0000,441.0000,220.0,179.6600,15.4105,130.0,220.0,1.791855,1.995475,2.321267,1.316742,0.812941,0.453687,0.350214,0.617388,0.995475,0.555556,0.428850,0.756014,1,1,242.298,0.006,0.081,0.0082,320,585,585,456,468,1,20,1,0,0,221,221,221,3.783,0.358,0.011,0.043
20,0.30,16,2000,1,56,291.0,221.0,534.0,396.0000,455.0000,220.0,178.8310,15.5599,112.0,220.0,1.791855,2.058824,2.416290,1.316742,0.809190,0.451593,0.334890,0.614540,0.995475,0.555556,0.411985,0.756014,1,1,248.444,0.010,0.089,0.0073,320,585,585,456,468,1,20,1,0,0,221,221,221,3.783,0.336,0.011,0.043
20,0.30,17,2000,1,56,291.0,221.0,554.0,396.0000,465.0000,220.0,178.7285,16.2479,106.0,220.0,1.791855,2.104072,2.506787,1.316742,0.808726,0.451335,0.322615,0.614187,0.995475,0.555556,0.397112,0.756014,1,1,238.088,0.013,0.165,0.0089,320,585,585,456,468,1,20,1,0,0,221,221,221,3.783,0.324,0.011,0.043
20,0.30,18,2000,1,56,291.0,221.0,572.0,396.0000,465.0000,220.0,178.6515,16.1915,123.0,221.0,1.791855,2.104072,2.588235,1.316742,0.808378,0.451140,0.312328,0.613923,0.995475,0.555556,0.384615,0.756014,1,1,233.945,0.008,0.085,0.0085,320,585,585,456,468,1,20,1,0,0,221,221,221,3.783,0.319,0.011,0.043
20,0.30,19,2000,1,56,291.0,221.0,582.0,396.0000,465.0000,220.0,178.6690,15.9961,124.0,221.0,1.791855,2.104072,2.633484,1.316742,0.808457,0.451184,0.306991,0.613983,0.995475,0.555556,0.378007,0.756014,1,1,237.273,0.009,0.096,0.0099,320,585,585,456,468,1,20,1,0,0,221,221,221,3.783,0.342,0.011,0.043
20,0.30,20,2000,1,56,291.0,221.0,582.0,396.0000,465.0000,220.0,178.6535,15.9426,115.0,221.0,1.791855,2.104072,2.633484,1.316742,0.808387,0.451145,0.306965,0.613930,0.995475,0.555556,0.378007,0.756014,1,1,228.079,0.010,0.108,0.0093,320,585,585,456,468,1,20,1,0,0,221,221,221,3.783,0.334,0.011,0.043
20,0.30,1,2000,2,57,269.0,50.0,50.0,50.0000,50.0000,50.0,50.0000,0.0000,50.0,50.0,1.000000,1.000000,1.000000,5.380000,1.000000,1.000000,1.000000,0.185874,1.000000,1.000000,1.000000,0.185874,1,1,0.001,0.002,0.018,0.0014,50,525,525,434,434,0,20,0,0,0,227,227,50,3.802,0.327,0.009,0.040
20,0.30,2,2000,2,57,269.0,84.0,91.0,90.0000,90.0000,84.0,82.0325,2.1098,79.0,84.0,1.071429,1.071429,1.083333,3.202381,0.976577,0.911472,0.901456,0.304954,1.000000,0.933333,0.923077,0.312268,1,1,0.014,0.002,0.026,0.0007,89.60465116,525,525,434,434,0,20,0,0,0,227,227,84,3.802,0.283,0.009,0.040
20,0.30,3,2000,2,57,269.0,119.0,131.0,128.0000,128.0000,116.0,112.3195,3.7426,105.0,119.0,1.075630,1.075630,1.100840,2.260504,0.943861,0.877496,0.857401,0.417545,0.974790,0.906250,0.885496,0.431227,1,1,0.108,0.002,0.031,0.0010,127.75,525,525,434,434,0,20,0,0,0,227,227,119,3.802,0.279,0.009,0.040
20,0.30,4,2000,2,57,269.0,149.0,169.0,162.0000,162.0000,142.0,135.9545,6.9183,117.0,149.0,1.087248,1.087248,1.134228,1.805369,0.912446,0.839225,0.804464,0.505407,0.953020,0.876543,0.840237,0.527881,1,1,0.628,0.003,0.040,0.0019,164.212766,525,525,434,434,0,20,0,0,0,227,227,149,3.802,0.277,0.009,0.040
20,0.30,5,2000,2,57,269.0,173.0,204.0,191.0000,191.0000,167.0,152.2410,8.9919,129.0,173.0,1.104046,1.104046,1.179191,1.554913,0.880006,0.797073,0.746279,0.565952,0.965318,0.874346,0.818627,0.620818,1,1,3.247,0.003,0.047,0.0021,198.24,525,525,434,434,0,20,0,0,0,227,227,173,3.802,0.289,0.009,0.040
20,0.30,6,2000,2,57,269.0,192.0,238.0,220.0000,220.0000,189.0,162.5695,11.3929,132.0,192.0,1.145833,1.145833,1.239583,1.401042,0.846716,0.738952,0.683065,0.604348,0.984375,0.859091,0.794118,0.702602,1,1,8.985,0.003,0.054,0.0025,230.0585294,525,525,434,434,0,20,0,0,0,227,227,192,3.802,0.295,0.009,0.040
20,0.30,7,2000,2,57,269.0,207.0,270.0,246.0000,246.0000,205.0,168.5285,12.7703,133.0,207.0,1.188406,1.188406,1.304348,1.299517,0.814147,0.685075,0.624180,0.626500,0.990338,0.833333,0.759259,0.762082,1,1,20.660,0.004,0.062,0.0031,255.7033831,525,525,434,434,0,20,0,0,0,227,227,207,3.802,0.310,0.009,0.040
20,0.30,8,2000,2,57,269.0,219.0,300.0,270.0000,270.0000,217.0,170.9780,13.7281,131.0,219.0,1.232877,1.232877,1.369863,1.228311,0.780721,0.633252,0.569927,0.635606,0.990868,0.803704,0.723333,0.806691,1,1,51.391,0.008,0.143,0.0050,277.6897453,525,525,434,434,0,20,0,0,0,227,227,219,3.802,0.329,0.009,0.040
20,0.30,9,2000,2,57,269.0,227.0,329.0,292.0000,292.0000,224.0,171.4480,14.6382,132.0,221.0,1.286344,1.286344,1.449339,1.185022,0.755278,0.587151,0.521119,0.637353,0.986784,0.767123,0.680851,0.832714,1,1,92.028,0.004,0.077,0.0047,294.4158332,525,525,434,434,0,20,0,0,0,227,227,227,3.802,0.324,0.009,0.040
20,0.30,10,2000,2,57,269.0,227.0,358.0,314.0000,314.0000,226.0,171.4505,14.6401,132.0,225.0,1.383260,1.383260,1.577093,1.185022,0.755289,0.546021,0.478912,0.637362,0.995595,0.719745,0.631285,0.840149,1,1,132.380,0.008,0.149,0.0089,292,525,525,434,434,0,20,0,0,0,227,227,227,3.802,0.322,0.009,0.040
20,0.30,11,2000,2,57,269.0,227.0,384.0,334.0000,334.0000,227.0,171.1285,15.1865,131.0,225.0,1.471366,1.471366,1.691630,1.185022,0.753870,0.512361,0.445647,0.636165,1.000000,0.679641,0.591146,0.843866,1,1,169.203,0.005,0.082,0.0063,277,525,525,434,434,0,20,0,0,0,227,227,227,3.802,0.310,0.009,0.040
20,0.30,12,2000,2,57,269.0,227.0,408.0,352.0000,352.0000,227.0,170.4795,15.4131,124.0,226.0,1.550661,1.550661,1.797357,1.185022,0.751011,0.484317,0.417842,0.633753,1.000000,0.644886,0.556373,0.843866,1,1,199.037,0.004,0.094,0.0088,277,525,525,434,434,0,20,0,0,0,227,227,227,3.802,0.299,0.009,0.040
20,0.30,13,2000,2,57,269.0,227.0,430.0,370.0000,370.0000,227.0,170.1305,16.2070,125.0,226.0,1.629956,1.629956,1.894273,1.185022,0.749474,0.459812,0.395652,0.632455,1.000000,0.613514,0.527907,0.843866,1,1,225.591,0.005,0.093,0.0087,277,525,525,434,434,0,20,0,0,0,227,227,227,3.802,0.299,0.009,0.040
20,0.30,14,2000,2,57,269.0,227.0,452.0,388.0000,388.0000,227.0,169.2805,15.8119,108.0,225.0,1.709251,1.709251,1.991189,1.185022,0.745729,0.436290,0.374514,0.629296,1.000000,0.585052,0.502212,0.843866,1,1,234.499,0.009,0.190,0.0087,277,525,525,434,434,0,20,0,0,0,227,227,227,3.802,0.294,0.009,0.040
20,0.30,15,2000,2,57,269.0,227.0,472.0,394.0000,403.0000,227.0,168.3195,16.3390,116.0,226.0,1.735683,1.775330,2.079295,1.185022,0.741496,0.427207,0.356609,0.625723,1.000000,0.576142,0.480932,0.843866,1,1,233.465,0.005,0.099,0.0115,277,525,525,434,434,0,20,0,0,0,227,227,227,3.802,0.293,0.009,0.040
20,0.30,16,2000,2,57,269.0,227.0,490.0,394.0000,411.0000,227.0,168.3860,15.8484,122.0,225.0,1.735683,1.810573,2.158590,1.185022,0.741789,0.427376,0.343645,0.625970,1.000000,0.576142,0.463265,0.843866,1,1,273.402,0.008,0.099,0.0088,277,525,525,434,434,0,20,0,0,0,227,227,227,3.802,0.293,0.009,0.040
20,0.30,17,2000,2,57,269.0,227.0,508.0,394.0000,418.0000,227.0,167.5160,16.9025,117.0,227.0,1.735683,1.841410,2.237885,1.185022,0.737956,0.425168,0.329756,0.622736,1.000000,0.576142,0.446850,0.843866,1,1,257.050,0.017,0.192,0.0111,277,525,525,434,434,0,20,0,0,0,227,227,227,3.802,0.289,0.009,0.040
20,0.30,18,2000,2,57,269.0,227.0,523.0,394.0000,418.0000,227.0,167.1245,16.8532,112.0,227.0,1.735683,1.841410,2.303965,1.185022,0.736231,0.424174,0.319550,0.621281,1.000000,0.576142,0.434034,0.843866,1,1,265.272,0.005,0.094,0.0079,277,525,525,434,434,0,20,0,0,0,227,227,227,3.802,0.285,0.009,0.040
20,0.30,19,2000,2,57,269.0,227.0,531.0,394.0000,418.0000,227.0,166.9310,16.6327,112.0,224.0,1.735683,1.841410,2.339207,1.185022,0.735379,0.423683,0.314371,0.620561,1.000000,0.576142,0.427495,0.843866,1,1,259.803,0.005,0.100,0.0116,277,525,525,434,434,0,20,0,0,0,227,227,227,3.802,0.288,0.009,0.040
20,0.30,20,2000,2,57,269.0,227.0,538.0,394.0000,418.0000,227.0,166.9900,16.3682,104.0,225.0,1.735683,1.841410,2.370044,1.185022,0.735639,0.423832,0.310390,0.620781,1.000000,0.576142,0.421933,0.843866,1,1,242.200,0.009,0.179,0.0089,277,525,525,434,434,0,20,0,0,0,227,227,227,3.802,0.350,0.009,0.040
20,0.30,1,2000,3,54,289.0,58.0,58.0,58.0000,58.0000,58.0,58.0000,0.0000,58.0,58.0,1.000000,1.000000,1.000000,4.982759,1.000000,1.000000,1.000000,0.200692,1.000000,1.000000,1.000000,0.200692,1,1,0.002,0.003,0.032,0.0010,58,630,630,457,457,0,20,0,0,0,227,227,58,2.534,0.309,0.007,0.020
20,0.30,2,2000,3,54,289.0,102.0,110.0,102.0000,102.0000,102.0,96.5490,3.3034,94.0,102.0,1.000000,1.000000,1.078431,2.833333,0.946559,0.946559,0.877718,0.334080,1.000000,1.000000,0.927273,0.352941,1,1,0.023,0.004,0.056,0.0102,108.0689655,630,630,457,457,0,20,0,0,0,227,227,102,2.534,0.262,0.007,0.020
20,0.30,3,2000,3,54,289.0,131.0,154.0,144.0000,144.0000,131.0,122.6610,4.9736,113.0,131.0,1.099237,1.099237,1.175573,2.206107,0.936344,0.851812,0.796500,0.424433,1.000000,0.909722,0.850649,0.453287,1,1,0.110,0.002,0.031,0.0017,151.3836978,630,630,457,457,0,20,0,0,0,227,227,131,2.534,0.265,0.007,0.020
20,0.30,4,2000,3,54,289.0,155.0,198.0,177.0000,177.0000,153.0,144.2550,5.9947,127.0,155.0,1.141935,1.141935,1.277419,1.864516,0.930677,0.815000,0.728561,0.499152,0.987097,0.864407,0.772727,0.529412,1,1,0.948,0.005,0.073,0.0028,187.0254545,630,630,457,457,0,20,0,0,0,227,227,155,2.534,0.268,0.007,0.020
20,0.30,5,2000,3,54,289.0,177.0,234.0,209.0000,209.0000,175.0,160.6325,8.5585,136.0,177.0,1.180791,1.180791,1.322034,1.632768,0.907528,0.768577,0.686464,0.555822,0.988701,0.837321,0.747863,0.605536,1,1,2.591,0.003,0.044,0.0023,217.1488203,630,630,441,457,0,20,0,0,0,227,227,177,2.534,0.279,0.007,0.020
20,0.30,6,2000,3,54,289.0,197.0,268.0,238.0000,238.0000,195.0,172.1830,10.0954,146.0,197.0,1.208122,1.208122,1.360406,1.467005,0.874025,0.723458,0.642474,0.595789,0.989848,0.819328,0.727612,0.674740,1,1,8.228,0.003,0.050,0.0033,246.8217469,630,630,441,457,0,20,0,0,0,227,227,197,2.534,0.283,0.007,0.020
20,0.30,7,2000,3,54,289.0,213.0,301.0,263.0000,263.0000,211.0,178.6320,11.7145,143.0,213.0,1.234742,1.234742,1.413146,1.356808,0.838648,0.679209,0.593462,0.618104,0.990610,0.802281,0.700997,0.730104,1,1,22.597,0.004,0.059,0.0037,276.1363636,630,630,441,457,0,20,0,0,0,227,227,213,2.534,0.287,0.007,0.020
20,0.30,8,2000,3,54,289.0,225.0,333.0,286.0000,286.0000,218.0,181.7300,12.8416,145.0,225.0,1.271111,1.271111,1.480000,1.284444,0.807689,0.635420,0.545736,0.628824,0.968889,0.762238,0.654655,0.754325,1,1,44.843,0.004,0.073,0.0061,303.1939547,630,630,441,457,0,20,0,0,0,227,227,225,2.534,0.325,0.007,0.020
20,0.30,9,2000,3,54,289.0,227.0,362.0,308.0000,308.0000,221.0,182.4510,13.3030,142.0,227.0,1.356828,1.356828,1.594714,1.273128,0.803749,0.592373,0.504008,0.631318,0.973568,0.717532,0.610497,0.764706,1,1,85.200,0.004,0.071,0.0060,313.4747475,630,630,441,457,0,20,0,0,0,227,227,227,2.534,0.306,0.007,0.020
20,0.30,10,2000,3,54,289.0,227.0,391.0,330.0000,330.0000,221.0,183.0190,14.2405,136.0,227.0,1.453744,1.453744,1.722467,1.273128,0.806251,0.554603,0.468079,0.633284,0.973568,0.669697,0.565217,0.764706,1,1,130.680,0.005,0.079,0.0083,315,630,630,441,457,0,20,0,0,0,227,227,227,2.534,0.301,0.007,0.020
20,0.30,11,2000,3,54,289.0,227.0,416.0,350.0000,350.0000,221.0,182.5195,14.2707,140.0,227.0,1.541850,1.541850,1.832599,1.273128,0.804051,0.521484,0.438749,0.631555,0.973568,0.631429,0.531250,0.764706,1,1,171.103,0.005,0.079,0.0067,315,630,630,441,457,0,20,0,0,0,227,227,227,2.534,0.279,0.007,0.020
20,0.30,12,2000,3,54,289.0,227.0,439.0,370.0000,370.0000,221.0,181.7970,14.4663,138.0,225.0,1.629956,1.629956,1.933921,1.273128,0.800868,0.491343,0.414116,0.629055,0.973568,0.597297,0.503417,0.764706,1,1,203.302,0.005,0.081,0.0068,315,630,630,441,457,0,20,0,0,0,227,227,227,2.534,0.276,0.007,0.020
20,0.30,13,2000,3,54,289.0,227.0,461.0,389.0000,389.0000,221.0,181.8280,14.8418,131.0,227.0,1.713656,1.713656,2.030837,1.273128,0.801004,0.467424,0.394421,0.629163,0.973568,0.568123,0.479393,0.764706,1,1,227.699,0.009,0.087,0.0081,315,630,630,441,457,0,20,0,0,0,227,227,227,2.534,0.275,0.007,0.020
20,0.30,14,2000,3,54,289.0,227.0,483.0,408.0000,408.0000,221.0,180.6855,15.3303,136.0,225.0,1.797357,1.797357,2.127753,1.273128,0.795971,0.442857,0.374090,0.625209,0.973568,0.541667,0.457557,0.764706,1,1,231.326,0.004,0.087,0.0065,315,630,630,441,457,0,20,0,0,0,227,227,227,2.534,0.275,0.007,0.020
20,0.30,15,2000,3,54,289.0,227.0,503.0,417.0000,423.0000,221.0,180.1210,15.9210,126.0,227.0,1.837004,1.863436,2.215859,1.273128,0.793485,0.431945,0.358093,0.623256,0.973568,0.529976,0.439364,0.764706,1,1,270.877,0.008,0.157,0.0109,315,630,630,441,457,0,20,0,0,0,227,227,227,2.534,0.267,0.007,0.020
20,0.30,16,2000,3,54,289.0,227.0,523.0,417.0000,437.0000,221.0,180.3045,15.8020,126.0,227.0,1.837004,1.925110,2.303965,1.273128,0.794293,0.432385,0.344750,0.623891,0.973568,0.529976,0.422562,0.764706,1,1,207.988,0.006,0.085,0.0083,315,630,630,441,457,0,20,0,0,0,227,227,227,2.534,0.267,0.007,0.020
20,0.30,17,2000,3,54,289.0,227.0,542.0,417.0000,444.0000,221.0,179.0455,16.2551,111.0,227.0,1.837004,1.955947,2.387665,1.273128,0.788747,0.429366,0.330342,0.619535,0.973568,0.529976,0.407749,0.764706,1,1,222.759,0.014,0.167,0.0093,315,630,630,441,457,0,20,0,0,0,227,227,227,2.534,0.272,0.007,0.020
20,0.30,18,2000,3,54,289.0,227.0,557.0,417.0000,444.0000,221.0,179.3475,16.3027,124.0,227.0,1.837004,1.955947,2.453744,1.273128,0.790077,0.430090,0.321988,0.620580,0.973568,0.529976,0.396768,0.764706,1,1,213.480,0.010,0.093,0.0088,315,630,630,441,457,0,20,0,0,0,227,227,227,2.534,0.268,0.007,0.020
20,0.30,19,2000,3,54,289.0,227.0,571.0,417.0000,444.0000,221.0,178.6605,16.5659,122.0,227.0,1.837004,1.955947,2.515419,1.273128,0.787051,0.428442,0.312891,0.618202,0.973568,0.529976,0.387040,0.764706,1,1,226.205,0.008,0.092,0.0111,315,630,630,441,457,0,20,0,0,0,227,227,227,2.534,0.271,0.007,0.020
20,0.30,20,2000,3,54,289.0,227.0,578.0,417.0000,444.0000,221.0,179.2340,16.1180,118.0,227.0,1.837004,1.955947,2.546256,1.273128,0.789577,0.429818,0.310093,0.620187,0.973568,0.529976,0.382353,0.764706,1,1,221.006,0.011,0.206,0.0085,315,630,630,441,457,0,20,0,0,0,227,227,227,2.534,0.335,0.007,0.020
20,0.30,1,2000,4,51,233.0,46.0,46.0,46.0000,46.0000,46.0,46.0000,0.0000,46.0,46.0,1.000000,1.000000,1.000000,5.065217,1.000000,1.000000,1.000000,0.197425,1.000000,1.000000,1.000000,0.197425,1,1,0.002,0.003,0.033,0.0010,46,531,531,366,372,0,20,0,0,0,194,194,46,0.740,0.311,0.008,0.024
20,0.30,2,2000,4,51,233.0,75.0,84.0,78.0000,78.0000,75.0,72.7585,2.7780,68.0,75.0,1.040000,1.040000,1.120000,3.106667,0.970113,0.932801,0.866173,0.312268,1.000000,0.961538,0.892857,0.321888,1,1,0.013,0.002,0.024,0.0013,82.46153846,531,531,366,372,0,20,0,0,0,194,194,75,0.740,0.258,0.008,0.024
20,0.30,3,2000,4,51,233.0,100.0,118.0,107.0000,107.0000,99.0,93.6085,4.2481,85.0,100.0,1.070000,1.070000,1.180000,2.330000,0.936085,0.874846,0.793292,0.401753,0.990000,0.925234,0.838983,0.424893,1,1,0.174,0.004,0.064,0.0023,113.5652174,531,531,366,372,0,20,0,0,0,194,194,100,0.740,0.260,0.008,0.024
20,0.30,4,2000,4,51,233.0,121.0,148.0,135.0000,135.0000,118.0,112.9240,4.2111,100.0,121.0,1.115702,1.115702,1.223140,1.925620,0.933256,0.836474,0.763000,0.484652,0.975207,0.874074,0.797297,0.506438,1,1,0.627,0.003,0.038,0.0014,142.1858705,531,531,355,372,0,20,0,0,0,194,194,121,0.740,0.273,0.008,0.024
20,0.30,5,2000,4,51,233.0,141.0,177.0,163.0000,163.0000,136.0,127.8600,5.5157,106.0,141.0,1.156028,1.156028,1.255319,1.652482,0.906809,0.784417,0.722373,0.548755,0.964539,0.834356,0.768362,0.583691,1,1,2.888,0.003,0.050,0.0017,170.1513378,531,531,354,372,0,20,0,0,0,194,194,141,0.740,0.294,0.008,0.024
20,0.30,6,2000,4,51,233.0,160.0,206.0,183.0000,183.0000,148.0,138.3995,7.4441,111.0,160.0,1.143750,1.143750,1.287500,1.456250,0.864997,0.756281,0.671842,0.593989,0.925000,0.808743,0.718447,0.635193,1,1,9.184,0.004,0.059,0.0022,196.0825416,531,531,354,372,0,20,0,0,0,194,194,160,0.740,0.289,0.008,0.024
20,0.30,7,2000,4,51,233.0,174.0,234.0,203.0000,203.0000,155.0,144.6890,8.9164,113.0,174.0,1.166667,1.166667,1.344828,1.339080,0.831546,0.712754,0.618329,0.620983,0.890805,0.763547,0.662393,0.665236,1,1,23.229,0.007,0.170,0.0042,213.6944313,531,531,354,372,0,20,0,0,0,194,194,174,0.740,0.288,0.008,0.024
20,0.30,8,2000,4,51,233.0,183.0,262.0,222.0000,222.0000,162.0,147.3920,10.3017,117.0,183.0,1.213115,1.213115,1.431694,1.273224,0.805421,0.663928,0.562565,0.632584,0.885246,0.729730,0.618321,0.695279,1,1,51.337,0.007,0.148,0.0038,229.4297012,531,531,354,372,0,20,0,0,0,194,194,183,0.740,0.298,0.008,0.024
20,0.30,9,2000,4,51,233.0,189.0,283.0,241.0000,241.0000,168.0,148.9455,11.1862,112.0,187.0,1.275132,1.275132,1.497354,1.232804,0.788071,0.618031,0.526309,0.639251,0.888889,0.697095,0.593640,0.721030,1,1,81.985,0.008,0.074,0.0042,242.8860813,531,531,354,372,0,20,0,0,0,194,194,189,0.740,0.301,0.008,0.024
20,0.30,10,2000,4,51,233.0,194.0,303.0,260.0000,260.0000,168.0,148.9340,11.6827,108.0,190.0,1.340206,1.340206,1.561856,1.201031,0.767701,0.572823,0.491531,0.639202,0.865979,0.646154,0.554455,0.721030,1,1,117.480,0.005,0.079,0.0046,252.915806,531,531,354,372,0,20,0,0,0,194,194,194,0.740,0.292,0.008,0.024
20,0.30,11,2000,4,51,233.0,194.0,323.0,279.0000,279.0000,168.0,148.6350,11.9942,104.0,194.0,1.438144,1.438144,1.664948,1.201031,0.766160,0.532742,0.460170,0.637918,0.865979,0.602151,0.520124,0.721030,1,1,171.585,0.005,0.086,0.0050,258.9538719,531,531,354,372,0,20,0,0,0,194,194,194,0.740,0.278,0.008,0.024
20,0.30,12,2000,4,51,233.0,194.0,342.0,297.0000,297.0000,168.0,148.5090,12.6304,107.0,194.0,1.530928,1.530928,1.762887,1.201031,0.765510,0.500030,0.434237,0.637378,0.865979,0.565657,0.491228,0.721030,1,1,206.325,0.008,0.169,0.0088,260,531,531,354,372,0,20,0,0,0,194,194,194,0.740,0.274,0.008,0.024
20,0.30,13,2000,4,51,233.0,194.0,361.0,314.0000,314.0000,168.0,148.3345,12.4734,104.0,194.0,1.618557,1.618557,1.860825,1.201031,0.764611,0.472403,0.410899,0.636629,0.865979,0.535032,0.465374,0.721030,1,1,218.394,0.008,0.177,0.0072,260,531,531,354,372,0,20,0,0,0,194,194,194,0.740,0.267,0.008,0.024
20,0.30,14,2000,4,51,233.0,194.0,380.0,329.0000,329.0000,168.0,147.1090,12.6148,108.0,189.0,1.695876,1.695876,1.958763,1.201031,0.758294,0.447140,0.387129,0.631369,0.865979,0.510638,0.442105,0.721030,1,1,237.259,0.008,0.089,0.0094,260,531,531,354,372,0,20,0,0,0,194,194,194,0.740,0.262,0.008,0.024
20,0.30,15,2000,4,51,233.0,194.0,399.0,330.0000,340.0000,168.0,147.1650,13.1813,97.0,194.0,1.701031,1.752577,2.056701,1.201031,0.758582,0.445955,0.368835,0.631609,0.865979,0.509091,0.421053,0.721030,1,1,228.144,0.005,0.086,0.0114,260,531,531,354,372,0,20,0,0,0,194,194,194,0.740,0.264,0.008,0.024
20,0.30,16,2000,4,51,233.0,194.0,417.0,330.0000,346.0000,168.0,146.4445,13.1291,104.0,194.0,1.701031,1.783505,2.149485,1.201031,0.754869,0.443771,0.351186,0.628517,0.865979,0.509091,0.402878,0.721030,1,1,241.537,0.004,0.086,0.0092,260,531,531,354,372,0,20,0,0,0,194,194,194,0.740,0.260,0.008,0.024
20,0.30,17,2000,4,51,233.0,194.0,434.0,330.0000,346.0000,168.0,146.2960,13.8216,101.0,194.0,1.701031,1.783505,2.237113,1.201031,0.754103,0.443321,0.337088,0.627880,0.865979,0.509091,0.387097,0.721030,1,1,233.399,0.011,0.163,0.0109,260,531,531,354,372,0,20,0,0,0,194,194,194,0.740,0.259,0.008,0.024
20,0.30,18,2000,4,51,233.0,194.0,449.0,330.0000,346.0000,168.0,145.8485,13.6491,101.0,194.0,1.701031,1.783505,2.314433,1.201031,0.751796,0.441965,0.324830,0.625959,0.865979,0.509091,0.374165,0.721030,1,1,226.040,0.009,0.090,0.0121,260,531,531,354,372,0,20,0,0,0,194,194,194,0.740,0.261,0.008,0.024
20,0.30,19,2000,4,51,233.0,194.0,460.0,330.0000,346.0000,168.0,145.9165,13.6597,98.0,194.0,1.701031,1.783505,2.371134,1.201031,0.752147,0.442171,0.317210,0.626251,0.865979,0.509091,0.365217,0.721030,1,1,204.556,0.004,0.089,0.0084,260,531,531,354,372,0,20,0,0,0,194,194,194,0.740,0.263,0.008,0.024
20,0.30,20,2000,4,51,233.0,194.0,466.0,330.0000,346.0000,168.0,145.9540,13.9512,91.0,190.0,1.701031,1.783505,2.402062,1.201031,0.752340,0.442285,0.313206,0.626412,0.865979,0.509091,0.360515,0.721030,1,1,218.071,0.005,0.090,0.0102,260,531,531,354,372,0,20,0,0,0,194,194,194,0.740,0.322,0.008,0.024
20,0.30,1,2000,5,66,345.0,60.0,60.0,60.0000,60.0000,60.0,60.0000,0.0000,60.0,60.0,1.000000,1.000000,1.000000,5.750000,1.000000,1.000000,1.000000,0.173913,1.000000,1.000000,1.000000,0.173913,1,1,0.002,0.003,0.036,0.0010,60,729,729,538,548,0,20,0,0,0,257,257,60,1.236,0.251,0.007,0.023
20,0.30,2,2000,5,66,345.0,105.0,119.0,109.0000,109.0000,105.0,103.6670,1.6757,101.0,105.0,1.038095,1.038095,1.133333,3.285714,0.987305,0.951073,0.871151,0.300484,1.000000,0.963303,0.882353,0.304348,1,1,0.013,0.002,0.026,0.0007,117.4131833,729,729,538,548,0,20,0,0,0,257,257,105,1.236,0.245,0.007,0.023
20,0.30,3,2000,5,66,345.0,142.0,168.0,150.0000,150.0000,142.0,135.0510,4.8581,125.0,142.0,1.056338,1.056338,1.183099,2.429577,0.951063,0.900340,0.803875,0.391452,1.000000,0.946667,0.845238,0.411594,1,1,0.111,0.003,0.033,0.0010,162.520362,729,729,538,548,0,20,0,0,0,257,257,142,1.236,0.249,0.007,0.023
20,0.30,4,2000,5,66,345.0,176.0,213.0,189.0000,189.0000,176.0,162.8955,7.2657,142.0,176.0,1.073864,1.073864,1.210227,1.960227,0.925543,0.861881,0.764768,0.472161,1.000000,0.931217,0.826291,0.510145,1,1,0.627,0.003,0.039,0.0013,202.9198813,729,729,526,548,0,20,0,0,0,257,257,176,1.236,0.255,0.007,0.023
20,0.30,5,2000,5,66,345.0,204.0,255.0,226.0000,226.0000,203.0,182.6900,9.3566,157.0,204.0,1.107843,1.107843,1.250000,1.691176,0.895539,0.808363,0.716431,0.529536,0.995098,0.898230,0.796078,0.588406,1,1,3.218,0.005,0.105,0.0034,240.7196149,729,729,519,548,0,20,0,0,0,257,257,204,1.236,0.265,0.007,0.023
20,0.30,6,2000,5,66,345.0,226.0,296.0,259.0000,259.0000,225.0,196.4545,10.1747,168.0,226.0,1.146018,1.146018,1.309735,1.526549,0.869268,0.758512,0.663698,0.569433,0.995575,0.868726,0.760135,0.652174,1,1,9.064,0.004,0.052,0.0052,277.8253205,729,729,519,548,0,20,0,0,0,257,257,226,1.236,0.260,0.007,0.023
20,0.30,7,2000,5,66,345.0,242.0,335.0,291.0000,291.0000,242.0,204.7685,11.3451,174.0,242.0,1.202479,1.202479,1.384298,1.425620,0.846151,0.703672,0.611249,0.593532,1.000000,0.831615,0.722388,0.701449,1,1,22.840,0.003,0.059,0.0029,313.9896465,729,729,519,548,0,20,0,0,0,257,257,242,1.236,0.278,0.007,0.023
20,0.30,8,2000,5,66,345.0,248.0,372.0,323.0000,323.0000,248.0,208.9725,12.1393,172.0,247.0,1.302419,1.302419,1.500000,1.391129,0.842631,0.646974,0.561754,0.605717,1.000000,0.767802,0.666667,0.718841,1,1,49.294,0.007,0.148,0.0067,338.0549732,729,729,519,548,0,20,0,0,0,257,257,248,1.236,0.277,0.007,0.023
20,0.30,9,2000,5,66,345.0,255.0,406.0,353.0000,353.0000,249.0,210.6640,13.0673,158.0,252.0,1.384314,1.384314,1.592157,1.352941,0.826133,0.596782,0.518877,0.610620,0.976471,0.705382,0.613300,0.721739,1,1,85.648,0.007,0.139,0.0062,359.4596559,729,729,519,548,0,20,0,0,0,257,257,255,1.236,0.287,0.007,0.023
20,0.30,10,2000,5,66,345.0,257.0,439.0,383.0000,383.0000,249.0,210.7005,13.8563,160.0,254.0,1.490272,1.490272,1.708171,1.342412,0.819846,0.550132,0.479956,0.610726,0.968872,0.650131,0.567198,0.721739,1,1,120.197,0.005,0.079,0.0051,378.3674338,729,729,519,548,0,20,0,0,0,257,257,257,1.236,0.283,0.007,0.023
20,0.30,11,2000,5,66,345.0,257.0,471.0,413.0000,413.0000,249.0,210.1305,14.2631,159.0,253.0,1.607004,1.607004,1.832685,1.342412,0.817628,0.508791,0.446137,0.609074,0.968872,0.602906,0.528662,0.721739,1,1,158.619,0.012,0.163,0.0082,386.9190328,729,729,519,548,0,20,0,0,0,257,257,257,1.236,0.275,0.007,0.023
20,0.30,12,2000,5,66,345.0,257.0,503.0,440.0000,440.0000,249.0,209.8010,14.8075,158.0,254.0,1.712062,1.712062,1.957198,1.342412,0.816346,0.476820,0.417099,0.608119,0.968872,0.565909,0.495030,0.721739,1,1,208.973,0.006,0.084,0.0080,388,729,729,519,548,0,20,0,0,0,257,257,257,1.236,0.271,0.007,0.023
20,0.30,13,2000,5,66,345.0,257.0,533.0,465.0000,465.0000,249.0,208.9755,15.2130,158.0,254.0,1.809339,1.809339,2.073930,1.342412,0.813134,0.449410,0.392074,0.605726,0.968872,0.535484,0.467167,0.721739,1,1,203.474,0.004,0.079,0.0091,388,729,729,519,548,0,20,0,0,0,257,257,257,1.236,0.261,0.007,0.023
20,0.30,14,2000,5,66,345.0,257.0,563.0,489.0000,489.0000,249.0,207.7500,15.1209,159.0,254.0,1.902724,1.902724,2.190661,1.342412,0.808366,0.424847,0.369005,0.602174,0.968872,0.509202,0.442274,0.721739,1,1,242.425,0.006,0.092,0.0098,388,729,729,519,548,0,20,0,0,0,257,257,257,1.236,0.257,0.007,0.023
20,0.30,15,2000,5,66,345.0,257.0,593.0,495.0000,511.0000,249.0,207.2875,15.6233,158.0,257.0,1.926070,1.988327,2.307393,1.342412,0.806566,0.418763,0.349557,0.600833,0.968872,0.503030,0.419899,0.721739,1,1,222.143,0.005,0.090,0.0100,388,729,729,519,548,0,20,0,0,0,257,257,257,1.236,0.255,0.007,0.023
20,0.30,16,2000,5,66,345.0,257.0,620.0,495.0000,525.0000,249.0,206.7815,16.0661,138.0,257.0,1.926070,2.042802,2.412451,1.342412,0.804597,0.417740,0.333519,0.599367,0.968872,0.503030,0.401613,0.721739,1,1,226.333,0.013,0.166,0.0093,388,729,729,519,548,0,20,0,0,0,257,257,257,1.236,0.263,0.007,0.023
20,0.30,17,2000,5,66,345.0,257.0,645.0,495.0000,532.0000,249.0,206.5370,16.2099,153.0,257.0,1.926070,2.070039,2.509728,1.342412,0.803646,0.417246,0.320212,0.598658,0.968872,0.503030,0.386047,0.721739,1,1,239.867,0.004,0.084,0.0079,388,729,729,519,548,0,20,0,0,0,257,257,257,1.236,0.255,0.007,0.023
20,0.30,18,2000,5,66,345.0,257.0,669.0,495.0000,532.0000,249.0,206.6610,16.3558,151.0,252.0,1.926070,2.070039,2.603113,1.342412,0.804128,0.417497,0.308910,0.599017,0.968872,0.503030,0.372197,0.721739,1,1,222.677,0.005,0.089,0.0098,388,729,729,519,548,0,20,0,0,0,257,257,257,1.236,0.251,0.007,0.023
20,0.30,19,2000,5,66,345.0,257.0,683.0,495.0000,532.0000,249.0,206.5390,16.9594,148.0,253.0,1.926070,2.070039,2.657588,1.342412,0.803654,0.417251,0.302400,0.598664,0.968872,0.503030,0.364568,0.721739,1,1,225.337,0.009,0.094,0.0104,388,729,729,519,548,0,20,0,0,0,257,257,257,1.236,0.245,0.007,0.023
20,0.30,20,2000,5,66,345.0,257.0,690.0,495.0000,532.0000,249.0,206.4940,16.3587,148.0,253.0,1.926070,2.070039,2.684825,1.342412,0.803479,0.417160,0.299267,0.598533,0.968872,0.503030,0.360870,0.721739,1,1,218.029,0.007,0.093,0.0088,388,729,729,519,548,0,20,0,0,0,257,257,257,1.236,0.294,0.007,0.023
20,0.30,1,2000,6,66,327.0,47.0,47.0,47.0000,47.0000,47.0,47.0000,0.0000,47.0,47.0,1.000000,1.000000,1.000000,6.957447,1.000000,1.000000,1.000000,0.143731,1.000000,1.000000,1.000000,0.143731,1,1,0.001,0.002,0.016,0.0005,47,726,726,510,511,0,20,0,0,0,245,245,47,14.593,0.284,0.009,0.026
20,0.30,2,2000,6,66,327.0,87.0,92.0,91.0000,91.0000,86.0,86.0125,0.7130,85.0,87.0,1.045977,1.045977,1.057471,3.758621,0.988649,0.945192,0.934918,0.263035,0.988506,0.945055,0.934783,0.262997,1,1,0.013,0.002,0.026,0.0007,91.76315789,726,726,510,511,0,20,0,0,0,245,245,87,14.593,0.280,0.009,0.026
20,0.30,3,2000,6,66,327.0,124.0,136.0,132.0000,132.0000,124.0,118.5020,2.7254,114.0,124.0,1.064516,1.064516,1.096774,2.637097,0.955661,0.897742,0.871338,0.362391,1.000000,0.939394,0.911765,0.379205,1,1,0.110,0.002,0.031,0.0010,134.3031359,726,726,510,511,0,20,0,0,0,245,245,124,14.593,0.239,0.009,0.026
20,0.30,4,2000,6,66,327.0,154.0,178.0,170.0000,170.0000,153.0,145.6745,4.0882,135.0,154.0,1.103896,1.103896,1.155844,2.123377,0.945938,0.856909,0.818396,0.445488,0.993506,0.900000,0.859551,0.467890,1,1,0.624,0.002,0.039,0.0013,173.9659864,726,726,503,511,0,20,0,0,0,245,245,154,14.593,0.251,0.009,0.026
20,0.30,5,2000,6,66,327.0,186.0,217.0,204.0000,204.0000,175.0,167.3730,6.1045,151.0,186.0,1.096774,1.096774,1.166667,1.758065,0.899855,0.820456,0.771304,0.511844,0.940860,0.857843,0.806452,0.535168,1,1,3.236,0.003,0.054,0.0017,211.9848024,726,726,490,511,0,20,0,0,0,245,245,186,14.593,0.251,0.009,0.026
20,0.30,6,2000,6,66,327.0,212.0,255.0,238.0000,238.0000,195.0,183.3895,7.8731,157.0,212.0,1.122642,1.122642,1.202830,1.542453,0.865045,0.770544,0.719175,0.560824,0.919811,0.819328,0.764706,0.596330,1,1,8.333,0.003,0.055,0.0023,247.004353,726,726,477,511,0,20,0,0,0,245,245,212,14.593,0.251,0.009,0.026
20,0.30,7,2000,6,66,327.0,225.0,291.0,271.0000,271.0000,213.0,193.7760,9.8707,164.0,225.0,1.204444,1.204444,1.293333,1.453333,0.861227,0.715041,0.665897,0.592587,0.946667,0.785978,0.731959,0.651376,1,1,21.194,0.004,0.064,0.0030,280.258149,726,726,477,511,0,20,0,0,0,245,245,225,14.593,0.263,0.009,0.026
20,0.30,8,2000,6,66,327.0,232.0,327.0,304.0000,304.0000,222.0,198.7875,11.4432,168.0,229.0,1.310345,1.310345,1.409483,1.409483,0.856843,0.653906,0.607913,0.607913,0.956897,0.730263,0.678899,0.678899,1,1,43.178,0.004,0.065,0.0036,312.1914981,726,726,477,511,0,20,0,0,0,245,245,232,14.593,0.273,0.009,0.026
20,0.30,9,2000,6,66,327.0,242.0,361.0,335.0000,335.0000,225.0,201.6675,12.6188,165.0,236.0,1.384298,1.384298,1.491736,1.351240,0.833337,0.601993,0.558636,0.616720,0.929752,0.671642,0.623269,0.688073,1,1,75.005,0.004,0.078,0.0054,340.689148,726,726,477,511,0,20,0,0,0,245,245,242,14.593,0.289,0.009,0.026
20,0.30,10,2000,6,66,327.0,245.0,395.0,366.0000,366.0000,225.0,202.2020,13.4723,157.0,242.0,1.493878,1.493878,1.612245,1.334694,0.825314,0.552464,0.511904,0.618355,0.918367,0.614754,0.569620,0.688073,1,1,126.082,0.012,0.579,0.0067,364.4079478,726,726,477,511,0,20,0,0,0,245,245,245,14.593,0.273,0.009,0.026
20,0.30,11,2000,6,66,327.0,245.0,428.0,397.0000,397.0000,225.0,201.7150,14.0308,150.0,241.0,1.620408,1.620408,1.746939,1.334694,0.823327,0.508098,0.471297,0.616865,0.918367,0.566751,0.525701,0.688073,1,1,174.556,0.010,0.090,0.0081,377.3638575,726,726,477,511,0,20,0,0,0,245,245,245,14.593,0.268,0.009,0.026
20,0.30,12,2000,6,66,327.0,245.0,461.0,421.0000,421.0000,225.0,200.8620,14.5491,152.0,242.0,1.718367,1.718367,1.881633,1.334694,0.819845,0.477107,0.435709,0.614257,0.918367,0.534442,0.488069,0.688073,1,1,200.774,0.005,0.084,0.0062,383.9396725,726,726,477,511,0,20,0,0,0,245,245,245,14.593,0.260,0.009,0.026
20,0.30,13,2000,6,66,327.0,245.0,492.0,444.0000,444.0000,225.0,200.5160,15.1838,151.0,245.0,1.812245,1.812245,2.008163,1.334694,0.818433,0.451613,0.407553,0.613199,0.918367,0.506757,0.457317,0.688073,1,1,221.060,0.008,0.172,0.0078,384,726,726,477,511,0,20,0,0,0,245,245,245,14.593,0.248,0.009,0.026
20,0.30,14,2000,6,66,327.0,245.0,523.0,461.0000,466.0000,225.0,199.7420,15.3540,150.0,240.0,1.881633,1.902041,2.134694,1.334694,0.815273,0.433280,0.381916,0.610832,0.918367,0.488069,0.430210,0.688073,1,1,224.217,0.004,0.085,0.0065,384,726,726,477,511,0,20,0,0,0,245,245,245,14.593,0.247,0.009,0.026
20,0.30,15,2000,6,66,327.0,245.0,554.0,461.0000,482.0000,225.0,199.1595,16.0038,137.0,242.0,1.881633,1.967347,2.261224,1.334694,0.812896,0.432016,0.359494,0.609050,0.918367,0.488069,0.406137,0.688073,1,1,237.736,0.005,0.082,0.0069,384,726,726,477,511,0,20,0,0,0,245,245,245,14.593,0.244,0.009,0.026
20,0.30,16,2000,6,66,327.0,245.0,578.0,461.0000,497.0000,225.0,198.0915,15.8328,141.0,242.0,1.881633,2.028571,2.359184,1.334694,0.808537,0.429700,0.342719,0.605784,0.918367,0.488069,0.389273,0.688073,1,1,234.041,0.004,0.089,0.0072,384,726,726,477,511,0,20,0,0,0,245,245,245,14.593,0.244,0.009,0.026
20,0.30,17,2000,6,66,327.0,245.0,601.0,461.0000,499.0000,225.0,197.0975,16.1085,143.0,245.0,1.881633,2.036735,2.453061,1.334694,0.804480,0.427543,0.327949,0.602745,0.918367,0.488069,0.374376,0.688073,1,1,229.550,0.004,0.086,0.0091,384,726,726,477,511,0,20,0,0,0,245,245,245,14.593,0.242,0.009,0.026
20,0.30,18,2000,6,66,327.0,245.0,623.0,461.0000,499.0000,225.0,196.9980,16.3769,127.0,240.0,1.881633,2.036735,2.542857,1.334694,0.804073,0.427328,0.316209,0.602440,0.918367,0.488069,0.361156,0.688073,1,1,228.022,0.004,0.087,0.0080,384,726,726,477,511,0,20,0,0,0,245,245,245,14.593,0.242,0.009,0.026
20,0.30,19,2000,6,66,327.0,245.0,639.0,461.0000,499.0000,225.0,196.7990,16.2703,146.0,242.0,1.881633,2.036735,2.608163,1.334694,0.803261,0.426896,0.307980,0.601832,0.918367,0.488069,0.352113,0.688073,1,1,212.515,0.009,0.168,0.0118,384,726,726,477,511,0,20,0,0,0,245,245,245,14.593,0.245,0.009,0.026
20,0.30,20,2000,6,66,327.0,245.0,654.0,461.0000,499.0000,225.0,196.3965,16.2302,142.0,242.0,1.881633,2.036735,2.669388,1.334694,0.801618,0.426023,0.300300,0.600601,0.918367,0.488069,0.344037,0.688073,1,1,229.184,0.004,0.090,0.0097,384,726,726,477,511,0,20,0,0,0,245,245,245,14.593,0.296,0.009,0.026
20,0.30,1,2000,7,59,314.0,52.0,52.0,52.0000,52.0000,52.0,52.0000,0.0000,52.0,52.0,1.000000,1.000000,1.000000,6.038462,1.000000,1.000000,1.000000,0.165605,1.000000,1.000000,1.000000,0.165605,1,1,0.002,0.003,0.033,0.0010,52,648,648,493,501,0,20,0,0,0,241,241,52,5.076,0.282,0.005,0.020
20,0.30,2,2000,7,59,314.0,95.0,102.0,99.0000,99.0000,94.0,92.7915,2.2334,89.0,95.0,1.042105,1.042105,1.073684,3.305263,0.976753,0.937288,0.909721,0.295514,0.989474,0.949495,0.921569,0.299363,1,1,0.013,0.002,0.026,0.0007,101.1304348,648,648,493,501,0,20,0,0,0,241,241,95,5.076,0.245,0.005,0.020
20,0.30,3,2000,7,59,314.0,135.0,149.0,141.0000,141.0000,135.0,125.9570,4.4770,116.0,135.0,1.044444,1.044444,1.103704,2.325926,0.933015,0.893312,0.845349,0.401137,1.000000,0.957447,0.906040,0.429936,1,1,0.109,0.002,0.033,0.0011,146.7727273,648,648,493,501,0,20,0,0,0,241,241,135,5.076,0.243,0.005,0.020
20,0.30,4,2000,7,59,314.0,170.0,194.0,182.0000,182.0000,170.0,149.3075,7.9997,133.0,170.0,1.070588,1.070588,1.141176,1.847059,0.878279,0.820371,0.769626,0.475502,1.000000,0.934066,0.876289,0.541401,1,1,1.659,0.003,0.043,0.0013,189.7692308,648,648,490,501,0,20,0,0,0,241,241,170,5.076,0.252,0.005,0.020
20,0.30,5,2000,7,59,314.0,193.0,236.0,217.0000,217.0000,193.0,168.9770,9.2964,145.0,193.0,1.124352,1.124352,1.222798,1.626943,0.875528,0.778696,0.716004,0.538143,1.000000,0.889401,0.817797,0.614650,1,1,2.600,0.003,0.043,0.0017,230.7422991,648,648,490,501,0,20,0,0,0,241,241,193,5.076,0.251,0.005,0.020
20,0.30,6,2000,7,59,314.0,213.0,277.0,248.0000,248.0000,213.0,182.2850,9.8439,154.0,213.0,1.164319,1.164319,1.300469,1.474178,0.855798,0.735020,0.658069,0.580525,1.000000,0.858871,0.768953,0.678344,1,1,8.267,0.004,0.049,0.0032,267.0282438,648,648,490,501,0,20,0,0,0,241,241,213,5.076,0.256,0.005,0.020
20,0.30,7,2000,7,59,314.0,226.0,318.0,279.0000,279.0000,226.0,190.5075,11.7431,154.0,226.0,1.234513,1.234513,1.407080,1.389381,0.842954,0.682823,0.599080,0.606712,1.000000,0.810036,0.710692,0.719745,1,1,24.379,0.004,0.065,0.0046,298.6952769,648,648,490,501,0,20,0,0,0,241,241,226,5.076,0.283,0.005,0.020
20,0.30,8,2000,7,59,314.0,235.0,353.0,308.0000,308.0000,235.0,193.0885,12.9931,156.0,235.0,1.310638,1.310638,1.502128,1.336170,0.821653,0.626911,0.546993,0.614932,1.000000,0.762987,0.665722,0.748408,1,1,49.570,0.004,0.074,0.0034,318.1454716,648,648,490,501,0,20,0,0,0,241,241,235,5.076,0.267,0.005,0.020
20,0.30,9,2000,7,59,314.0,241.0,386.0,335.0000,335.0000,239.0,194.6880,13.8756,157.0,241.0,1.390041,1.390041,1.601660,1.302905,0.807834,0.581158,0.504373,0.620025,0.991701,0.713433,0.619171,0.761146,1,1,83.869,0.004,0.072,0.0041,332.80734,648,648,490,501,0,20,0,0,0,241,241,241,5.076,0.283,0.005,0.020
20,0.30,10,2000,7,59,314.0,241.0,417.0,362.0000,362.0000,240.0,195.2485,14.3904,151.0,241.0,1.502075,1.502075,1.730290,1.302905,0.810160,0.539360,0.468222,0.621811,0.995851,0.662983,0.575540,0.764331,1,1,124.365,0.005,0.083,0.0048,342.901074,648,648,490,501,0,20,0,0,0,241,241,241,5.076,0.278,0.005,0.020
20,0.30,11,2000,7,59,314.0,241.0,446.0,387.0000,387.0000,241.0,194.4455,14.9117,152.0,240.0,1.605809,1.605809,1.850622,1.302905,0.806828,0.502443,0.435976,0.619253,1.000000,0.622739,0.540359,0.767516,1,1,170.870,0.018,0.163,0.0074,332,648,648,490,501,0,20,0,0,0,241,241,241,5.076,0.276,0.005,0.020
20,0.30,12,2000,7,59,314.0,241.0,473.0,411.0000,411.0000,241.0,194.1970,15.5326,147.0,241.0,1.705394,1.705394,1.962656,1.302905,0.805797,0.472499,0.410564,0.618462,1.000000,0.586375,0.509514,0.767516,1,1,196.714,0.008,0.087,0.0057,332,648,648,490,501,0,20,0,0,0,241,241,241,5.076,0.264,0.005,0.020
20,0.30,13,2000,7,59,314.0,241.0,500.0,433.0000,433.0000,241.0,193.0075,15.4904,148.0,241.0,1.796680,1.796680,2.074689,1.302905,0.800861,0.445745,0.386015,0.614674,1.000000,0.556582,0.482000,0.767516,1,1,225.210,0.005,0.098,0.0100,332,648,648,490,501,0,20,0,0,0,241,241,241,5.076,0.259,0.005,0.020
20,0.30,14,2000,7,59,314.0,241.0,525.0,437.0000,453.0000,241.0,192.2965,15.5302,137.0,240.0,1.813278,1.879668,2.178423,1.302905,0.797911,0.440038,0.366279,0.612409,1.000000,0.551487,0.459048,0.767516,1,1,245.227,0.007,0.087,0.0082,332,648,648,490,501,0,20,0,0,0,241,241,241,5.076,0.257,0.005,0.020
20,0.30,15,2000,7,59,314.0,241.0,549.0,437.0000,469.0000,241.0,192.6120,16.4022,133.0,241.0,1.813278,1.946058,2.278008,1.302905,0.799220,0.440760,0.350842,0.613414,1.000000,0.551487,0.438980,0.767516,1,1,232.551,0.005,0.097,0.0073,332,648,648,490,501,0,20,0,0,0,241,241,241,5.076,0.256,0.005,0.020
20,0.30,16,2000,7,59,314.0,241.0,571.0,437.0000,485.0000,241.0,191.9080,16.2721,140.0,241.0,1.813278,2.012448,2.369295,1.302905,0.796299,0.439149,0.336091,0.611172,1.000000,0.551487,0.422067,0.767516,1,1,249.772,0.005,0.090,0.0077,332,648,648,490,501,0,20,0,0,0,241,241,241,5.076,0.259,0.005,0.020
20,0.30,17,2000,7,59,314.0,241.0,591.0,437.0000,490.0000,241.0,191.7710,16.8157,131.0,241.0,1.813278,2.033195,2.452282,1.302905,0.795730,0.438835,0.324486,0.610736,1.000000,0.551487,0.407783,0.767516,1,1,230.704,0.007,0.099,0.0089,332,648,648,490,501,0,20,0,0,0,241,241,241,5.076,0.256,0.005,0.020
20,0.30,18,2000,7,59,314.0,241.0,607.0,437.0000,490.0000,241.0,190.8315,17.0910,131.0,241.0,1.813278,2.033195,2.518672,1.302905,0.791832,0.436685,0.314385,0.607744,1.000000,0.551487,0.397035,0.767516,1,1,219.830,0.006,0.099,0.0081,332,648,648,490,501,0,20,0,0,0,241,241,241,5.076,0.257,0.005,0.020
20,0.30,19,2000,7,59,314.0,241.0,623.0,437.0000,490.0000,241.0,190.7350,17.1218,134.0,240.0,1.813278,2.033195,2.585062,1.302905,0.791432,0.436465,0.306156,0.607436,1.000000,0.551487,0.386838,0.767516,1,1,222.203,0.008,0.193,0.0088,332,648,648,490,501,0,20,0,0,0,241,241,241,5.076,0.250,0.005,0.020
20,0.30,20,2000,7,59,314.0,241.0,628.0,437.0000,490.0000,241.0,190.3670,16.5819,131.0,240.0,1.813278,2.033195,2.605809,1.302905,0.789905,0.435622,0.303132,0.606264,1.000000,0.551487,0.383758,0.767516,1,1,229.962,0.005,0.097,0.0085,332,648,648,490,501,0,20,0,0,0,241,241,241,5.076,0.312,0.005,0.020
20,0.30,1,2000,8,56,292.0,48.0,48.0,48.0000,48.0000,48.0,48.0000,0.0000,48.0,48.0,1.000000,1.000000,1.000000,6.083333,1.000000,1.000000,1.000000,0.164384,1.000000,1.000000,1.000000,0.164384,1,1,0.002,0.003,0.034,0.0010,48,636,636,438,470,0,20,0,0,0,232,232,48,0.519,0.276,0.006,0.015
20,0.30,2,2000,8,56,292.0,90.0,93.0,90.0000,90.0000,90.0,86.9155,1.8070,85.0,90.0,1.000000,1.000000,1.033333,3.244444,0.965728,0.965728,0.934575,0.297656,1.000000,1.000000,0.967742,0.308219,1,1,0.022,0.003,0.049,0.0015,92.125,636,636,438,470,0,20,0,0,0,232,232,90,0.519,0.231,0.006,0.015
20,0.30,3,2000,8,56,292.0,127.0,135.0,130.0000,130.0000,125.0,121.1700,4.2112,114.0,127.0,1.023622,1.023622,1.062992,2.299213,0.954094,0.932077,0.897556,0.414966,0.984252,0.961538,0.925926,0.428082,1,1,0.109,0.002,0.031,0.0010,133.6,636,636,438,470,0,20,0,0,0,232,232,127,0.519,0.235,0.006,0.015
20,0.30,4,2000,8,56,292.0,156.0,175.0,166.0000,166.0000,149.0,145.0610,7.3306,128.0,156.0,1.064103,1.064103,1.121795,1.871795,0.929878,0.873861,0.828920,0.496784,0.955128,0.897590,0.851429,0.510274,1,1,0.627,0.002,0.039,0.0013,171.625,636,636,438,470,0,20,0,0,0,232,232,156,0.519,0.237,0.006,0.015
20,0.30,5,2000,8,56,292.0,181.0,213.0,199.0000,199.0000,170.0,160.7575,9.5190,134.0,181.0,1.099448,1.099448,1.176796,1.613260,0.888163,0.807827,0.754730,0.550539,0.939227,0.854271,0.798122,0.582192,1,1,2.610,0.003,0.047,0.0018,208.3777778,636,636,438,470,0,20,0,0,0,232,232,181,0.519,0.256,0.006,0.015
20,0.30,6,2000,8,56,292.0,197.0,250.0,231.0000,231.0000,189.0,173.1110,10.4580,143.0,197.0,1.172589,1.172589,1.269036,1.482234,0.878736,0.749398,0.692444,0.592846,0.959391,0.818182,0.756000,0.647260,1,1,8.251,0.004,0.057,0.0026,242.6576087,636,636,438,470,0,20,0,0,0,232,232,197,0.519,0.269,0.006,0.015
20,0.30,7,2000,8,56,292.0,212.0,286.0,262.0000,262.0000,203.0,179.5170,11.8036,145.0,212.0,1.235849,1.235849,1.349057,1.377358,0.846778,0.685179,0.627682,0.614784,0.957547,0.774809,0.709790,0.695205,1,1,21.418,0.003,0.057,0.0029,273.1883202,636,636,438,470,0,20,0,0,0,232,232,212,0.519,0.258,0.006,0.015
20,0.30,8,2000,8,56,292.0,226.0,321.0,290.0000,290.0000,214.0,182.6745,13.1443,145.0,226.0,1.283186,1.283186,1.420354,1.292035,0.808294,0.629912,0.569079,0.625598,0.946903,0.737931,0.666667,0.732877,1,1,50.438,0.005,0.075,0.0057,296.734016,636,636,438,470,0,20,0,0,0,232,232,226,0.519,0.267,0.006,0.015
20,0.30,9,2000,8,56,292.0,232.0,354.0,312.0000,312.0000,217.0,183.2150,13.5975,138.0,227.0,1.344828,1.344828,1.525862,1.258621,0.789720,0.587228,0.517556,0.627449,0.935345,0.695513,0.612994,0.743151,1,1,75.523,0.004,0.073,0.0069,308.6293034,636,636,438,470,0,20,0,0,0,232,232,232,0.519,0.269,0.006,0.015
20,0.30,10,2000,8,56,292.0,232.0,386.0,334.0000,334.0000,217.0,182.9865,13.8610,136.0,228.0,1.439655,1.439655,1.663793,1.258621,0.788735,0.547864,0.474058,0.626666,0.935345,0.649701,0.562176,0.743151,1,1,123.336,0.005,0.087,0.0054,314.0918062,636,636,438,470,0,20,0,0,0,232,232,232,0.519,0.262,0.006,0.015
20,0.30,11,2000,8,56,292.0,232.0,417.0,354.0000,354.0000,217.0,182.6790,14.8632,136.0,232.0,1.525862,1.525862,1.797414,1.258621,0.787409,0.516042,0.438079,0.625613,0.935345,0.612994,0.520384,0.743151,1,1,163.550,0.013,0.153,0.0076,317.3687303,636,636,438,470,0,20,0,0,0,232,232,232,0.519,0.255,0.006,0.015
20,0.30,12,2000,8,56,292.0,232.0,445.0,373.0000,373.0000,217.0,182.3995,15.0001,134.0,228.0,1.607759,1.607759,1.918103,1.258621,0.786205,0.489007,0.409887,0.624656,0.935345,0.581769,0.487640,0.743151,1,1,195.697,0.004,0.078,0.0067,318,636,636,438,470,0,20,0,0,0,232,232,232,0.519,0.251,0.006,0.015
20,0.30,13,2000,8,56,292.0,232.0,467.0,391.0000,391.0000,217.0,181.1840,15.0444,135.0,221.0,1.685345,1.685345,2.012931,1.258621,0.780966,0.463386,0.387974,0.620493,0.935345,0.554987,0.464668,0.743151,1,1,207.928,0.007,0.181,0.0075,318,636,636,438,470,0,20,0,0,0,232,232,232,0.519,0.240,0.006,0.015
20,0.30,14,2000,8,56,292.0,232.0,489.0,407.0000,407.0000,217.0,180.9545,15.5873,131.0,231.0,1.754310,1.754310,2.107759,1.258621,0.779976,0.444606,0.370050,0.619707,0.935345,0.533170,0.443763,0.743151,1,1,215.626,0.006,0.086,0.0090,318,636,636,438,470,0,20,0,0,0,232,232,232,0.519,0.237,0.006,0.015
20,0.30,15,2000,8,56,292.0,232.0,509.0,414.0000,422.0000,217.0,180.5485,15.7427,121.0,227.0,1.784483,1.818966,2.193966,1.258621,0.778226,0.436107,0.354712,0.618317,0.935345,0.524155,0.426326,0.743151,1,1,224.767,0.004,0.080,0.0092,318,636,636,438,470,0,20,0,0,0,232,232,232,0.519,0.237,0.006,0.015
20,0.30,16,2000,8,56,292.0,232.0,528.0,414.0000,429.0000,217.0,179.8380,16.1332,111.0,228.0,1.784483,1.849138,2.275862,1.258621,0.775164,0.434391,0.340602,0.615884,0.935345,0.524155,0.410985,0.743151,1,1,238.704,0.005,0.087,0.0073,318,636,636,438,470,0,20,0,0,0,232,232,232,0.519,0.239,0.006,0.015
20,0.30,17,2000,8,56,292.0,232.0,546.0,414.0000,435.0000,217.0,178.9330,16.2642,121.0,227.0,1.784483,1.875000,2.353448,1.258621,0.771263,0.432205,0.327716,0.612784,0.935345,0.524155,0.397436,0.743151,1,1,231.442,0.008,0.158,0.0101,318,636,636,438,470,0,20,0,0,0,232,232,232,0.519,0.235,0.006,0.015
20,0.30,18,2000,8,56,292.0,232.0,562.0,414.0000,435.0000,217.0,178.8205,16.3586,120.0,231.0,1.784483,1.875000,2.422414,1.258621,0.770778,0.431934,0.318186,0.612399,0.935345,0.524155,0.386121,0.743151,1,1,225.721,0.017,0.093,0.0081,318,636,636,438,470,0,20,0,0,0,232,232,232,0.519,0.235,0.006,0.015
20,0.30,19,2000,8,56,292.0,232.0,577.0,414.0000,435.0000,217.0,178.8280,16.0381,121.0,227.0,1.784483,1.875000,2.487069,1.258621,0.770810,0.431952,0.309927,0.612425,0.935345,0.524155,0.376083,0.743151,1,1,214.909,0.005,0.086,0.0079,318,636,636,438,470,0,20,0,0,0,232,232,232,0.519,0.235,0.006,0.015
20,0.30,20,2000,8,56,292.0,232.0,584.0,414.0000,435.0000,217.0,178.2955,16.0895,130.0,226.0,1.784483,1.875000,2.517241,1.258621,0.768515,0.430665,0.305301,0.610601,0.935345,0.524155,0.371575,0.743151,1,1,198.692,0.009,0.086,0.0090,318,636,636,438,470,0,20,0,0,0,232,232,232,0.519,0.295,0.006,0.015
20,0.30,1,2000,9,58,274.0,55.0,55.0,55.0000,55.0000,55.0,55.0000,0.0000,55.0,55.0,1.000000,1.000000,1.000000,4.981818,1.000000,1.000000,1.000000,0.200730,1.000000,1.000000,1.000000,0.200730,1,1,0.002,0.002,0.032,0.0010,55,522,522,428,455,0,20,0,0,0,218,218,55,0.330,0.318,0.006,0.015
20,0.30,2,2000,9,58,274.0,104.0,104.0,104.0000,104.0000,104.0,97.8775,6.5385,89.0,104.0,1.000000,1.000000,1.000000,2.634615,0.941130,0.941130,0.941130,0.357217,1.000000,1.000000,1.000000,0.379562,1,1,0.014,0.002,0.027,0.0013,104,522,522,428,455,0,20,0,0,0,218,218,104,0.330,0.255,0.006,0.015
20,0.30,3,2000,9,58,274.0,134.0,144.0,143.0000,143.0000,134.0,123.4605,8.1693,108.0,134.0,1.067164,1.067164,1.074627,2.044776,0.921347,0.863360,0.857365,0.450586,1.000000,0.937063,0.930556,0.489051,1,1,0.111,0.003,0.033,0.0010,141.430303,522,522,428,455,0,20,0,0,0,218,218,134,0.330,0.254,0.006,0.015
20,0.30,4,2000,9,58,274.0,159.0,183.0,177.0000,177.0000,159.0,142.7375,10.9313,114.0,159.0,1.113208,1.113208,1.150943,1.723270,0.897720,0.806427,0.779986,0.520940,1.000000,0.898305,0.868852,0.580292,1,1,0.627,0.002,0.041,0.0013,178.2422727,522,522,417,455,0,20,0,0,0,218,218,159,0.330,0.264,0.006,0.015
20,0.30,5,2000,9,58,274.0,177.0,221.0,205.0000,205.0000,177.0,156.6930,11.5192,128.0,177.0,1.158192,1.158192,1.248588,1.548023,0.885271,0.764356,0.709018,0.571872,1.000000,0.863415,0.800905,0.645985,1,1,2.611,0.003,0.046,0.0017,212.4756672,522,522,415,455,0,20,0,0,0,218,218,177,0.330,0.273,0.006,0.015
20,0.30,6,2000,9,58,274.0,189.0,257.0,233.0000,233.0000,189.0,164.4055,11.6593,130.0,189.0,1.232804,1.232804,1.359788,1.449735,0.869870,0.705603,0.639710,0.600020,1.000000,0.811159,0.735409,0.689781,1,1,8.437,0.003,0.053,0.0023,243.5716069,522,522,415,455,0,20,0,0,0,218,218,189,0.330,0.265,0.006,0.015
20,0.30,7,2000,9,58,274.0,201.0,291.0,259.0000,259.0000,201.0,168.6900,12.1807,132.0,201.0,1.288557,1.288557,1.447761,1.363184,0.839254,0.651313,0.579691,0.615657,1.000000,0.776062,0.690722,0.733577,1,1,24.366,0.009,0.064,0.0030,270.7988981,522,522,415,455,0,20,0,0,0,218,218,201,0.330,0.262,0.006,0.015
20,0.30,8,2000,9,58,274.0,212.0,321.0,284.0000,284.0000,212.0,170.7825,12.2361,139.0,212.0,1.339623,1.339623,1.514151,1.292453,0.805578,0.601347,0.532033,0.623294,1.000000,0.746479,0.660436,0.773723,1,1,46.595,0.005,0.065,0.0040,288.3134694,522,522,415,455,0,20,0,0,0,218,218,212,0.330,0.269,0.006,0.015
20,0.30,9,2000,9,58,274.0,218.0,349.0,306.0000,306.0000,218.0,171.6875,12.6428,125.0,214.0,1.403670,1.403670,1.600917,1.256881,0.787557,0.561070,0.491941,0.626597,1.000000,0.712418,0.624642,0.795620,1,1,81.777,0.005,0.074,0.0051,290.8427709,522,522,415,455,0,20,0,0,0,218,218,218,0.330,0.300,0.006,0.015
20,0.30,10,2000,9,58,274.0,218.0,377.0,322.0000,322.0000,218.0,171.4405,13.2979,127.0,216.0,1.477064,1.477064,1.729358,1.256881,0.786424,0.532424,0.454749,0.625695,1.000000,0.677019,0.578249,0.795620,1,1,132.468,0.008,0.155,0.0065,294,522,522,415,455,0,20,0,0,0,218,218,218,0.330,0.291,0.006,0.015
20,0.30,11,2000,9,58,274.0,218.0,403.0,338.0000,338.0000,218.0,170.7590,13.7263,134.0,218.0,1.550459,1.550459,1.848624,1.256881,0.783298,0.505204,0.423720,0.623208,1.000000,0.644970,0.540943,0.795620,1,1,166.877,0.005,0.077,0.0063,294,522,522,415,455,0,20,0,0,0,218,218,218,0.330,0.267,0.006,0.015
20,0.30,12,2000,9,58,274.0,218.0,428.0,354.0000,354.0000,218.0,170.6670,14.2985,119.0,218.0,1.623853,1.623853,1.963303,1.256881,0.782876,0.482110,0.398755,0.622872,1.000000,0.615819,0.509346,0.795620,1,1,202.656,0.004,0.080,0.0059,294,522,522,415,455,0,20,0,0,0,218,218,218,0.330,0.257,0.006,0.015
20,0.30,13,2000,9,58,274.0,218.0,450.0,368.0000,368.0000,218.0,169.8225,14.3027,118.0,218.0,1.688073,1.688073,2.064220,1.256881,0.779002,0.461474,0.377383,0.619790,1.000000,0.592391,0.484444,0.795620,1,1,227.910,0.009,0.092,0.0078,294,522,522,415,455,0,20,0,0,0,218,218,218,0.330,0.256,0.006,0.015
20,0.30,14,2000,9,58,274.0,218.0,466.0,382.0000,382.0000,218.0,169.7735,14.5778,116.0,218.0,1.752294,1.752294,2.137615,1.256881,0.778778,0.444433,0.364321,0.619611,1.000000,0.570681,0.467811,0.795620,1,1,225.993,0.008,0.087,0.0102,294,522,522,415,455,0,20,0,0,0,218,218,218,0.330,0.252,0.006,0.015
20,0.30,15,2000,9,58,274.0,218.0,482.0,394.0000,394.0000,218.0,168.9365,14.5798,115.0,214.0,1.807339,1.807339,2.211009,1.256881,0.774938,0.428773,0.350491,0.616557,1.000000,0.553299,0.452282,0.795620,1,1,228.050,0.009,0.090,0.0077,294,522,522,415,455,0,20,0,0,0,218,218,218,0.330,0.248,0.006,0.015
20,0.30,16,2000,9,58,274.0,218.0,498.0,397.0000,404.0000,218.0,168.6795,14.7146,122.0,218.0,1.821101,1.853211,2.284404,1.256881,0.773759,0.424885,0.338714,0.615619,1.000000,0.549118,0.437751,0.795620,1,1,230.523,0.004,0.082,0.0092,294,522,522,415,455,0,20,0,0,0,218,218,218,0.330,0.249,0.006,0.015
20,0.30,17,2000,9,58,274.0,218.0,512.0,397.0000,404.0000,218.0,168.1375,14.7337,118.0,218.0,1.821101,1.853211,2.348624,1.256881,0.771273,0.423520,0.328394,0.613641,1.000000,0.549118,0.425781,0.795620,1,1,224.528,0.004,0.089,0.0075,294,522,522,415,455,0,20,0,0,0,218,218,218,0.330,0.247,0.006,0.015
20,0.30,18,2000,9,58,274.0,218.0,526.0,397.0000,404.0000,218.0,167.8465,15.2083,118.0,214.0,1.821101,1.853211,2.412844,1.256881,0.769938,0.422787,0.319100,0.612578,1.000000,0.549118,0.414449,0.795620,1,1,213.945,0.004,0.082,0.0079,294,522,522,415,455,0,20,0,0,0,218,218,218,0.330,0.247,0.006,0.015
20,0.30,19,2000,9,58,274.0,218.0,538.0,397.0000,404.0000,218.0,167.7545,15.2101,111.0,214.0,1.821101,1.853211,2.467890,1.256881,0.769516,0.422555,0.311811,0.612243,1.000000,0.549118,0.405204,0.795620,1,1,208.453,0.004,0.081,0.0081,294,522,522,415,455,0,20,0,0,0,218,218,218,0.330,0.254,0.006,0.015
20,0.30,20,2000,9,58,274.0,218.0,548.0,397.0000,404.0000,218.0,168.3150,15.1381,120.0,216.0,1.821101,1.853211,2.513761,1.256881,0.772087,0.423967,0.307144,0.614288,1.000000,0.549118,0.397810,0.795620,1,1,200.259,0.008,0.093,0.0082,294,522,522,415,455,0,20,0,0,0,218,218,218,0.330,0.298,0.006,0.015
