n,p,k,seed,opt,prefix,size,f_S,penalty_S,dual_S,bound_S
20,0.30,1,0,38.0,0,0,0.0,0.0000,38.0000,38.0000
20,0.30,1,0,38.0,1,1,38.0,38.0000,36.0000,112.0000
20,0.30,2,0,74.0,0,0,0.0,0.0000,74.0000,74.0000
20,0.30,2,0,74.0,1,1,38.0,38.0000,65.0000,141.0000
20,0.30,2,0,74.0,2,2,74.0,74.0000,52.0000,200.0000
20,0.30,3,0,100.0,0,0,0.0,0.0000,104.0000,104.0000
20,0.30,3,0,100.0,1,1,38.0,38.0000,90.0000,166.0000
20,0.30,3,0,100.0,2,2,74.0,74.0000,69.0000,217.0000
20,0.30,3,0,100.0,3,3,100.0,100.0000,56.0000,256.0000
20,0.30,4,0,126.0,0,0,0.0,0.0000,130.0000,130.0000
20,0.30,4,0,126.0,1,1,38.0,38.0000,114.0000,190.0000
20,0.30,4,0,126.0,2,2,74.0,74.0000,83.0000,231.0000
20,0.30,4,0,126.0,3,3,100.0,100.0000,68.0000,268.0000
20,0.30,4,0,126.0,4,4,126.0,126.0000,52.0000,304.0000
20,0.30,5,0,143.0,0,0,0.0,0.0000,156.0000,156.0000
20,0.30,5,0,143.0,1,1,38.0,38.0000,134.0000,210.0000
20,0.30,5,0,143.0,2,2,74.0,74.0000,97.0000,245.0000
20,0.30,5,0,143.0,3,3,100.0,100.0000,79.0000,279.0000
20,0.30,5,0,143.0,4,4,126.0,126.0000,60.0000,312.0000
20,0.30,5,0,143.0,5,5,143.0,143.0000,42.0000,328.0000
20,0.30,6,0,156.0,0,0,0.0,0.0000,180.0000,180.0000
20,0.30,6,0,156.0,1,1,38.0,38.0000,151.0000,227.0000
20,0.30,6,0,156.0,2,2,74.0,74.0000,110.0000,258.0000
20,0.30,6,0,156.0,3,3,100.0,100.0000,89.0000,289.0000
20,0.30,6,0,156.0,4,4,126.0,126.0000,67.0000,319.0000
20,0.30,6,0,156.0,5,5,143.0,143.0000,46.0000,332.0000
20,0.30,6,0,156.0,6,6,156.0,160.0000,36.0000,352.0000
20,0.30,7,0,173.0,0,0,0.0,0.0000,204.0000,204.0000
20,0.30,7,0,173.0,1,1,38.0,38.0000,168.0000,244.0000
20,0.30,7,0,173.0,2,2,74.0,74.0000,122.0000,270.0000
20,0.30,7,0,173.0,3,3,100.0,100.0000,99.0000,299.0000
20,0.30,7,0,173.0,4,4,126.0,126.0000,73.0000,325.0000
20,0.30,7,0,173.0,5,5,143.0,143.0000,49.0000,335.0000
20,0.30,7,0,173.0,6,6,156.0,160.0000,39.0000,355.0000
20,0.30,7,0,173.0,7,7,166.0,190.0000,29.0000,385.0000
20,0.30,8,0,187.0,0,0,0.0,0.0000,227.0000,227.0000
20,0.30,8,0,187.0,1,1,38.0,38.0000,184.0000,260.0000
20,0.30,8,0,187.0,2,2,74.0,74.0000,133.0000,281.0000
20,0.30,8,0,187.0,3,3,100.0,100.0000,106.0000,306.0000
20,0.30,8,0,187.0,4,4,126.0,126.0000,79.0000,331.0000
20,0.30,8,0,187.0,5,5,143.0,143.0000,52.0000,338.0000
20,0.30,8,0,187.0,6,6,156.0,160.0000,39.0000,355.0000
20,0.30,8,0,187.0,7,7,166.0,190.0000,29.0000,385.0000
20,0.30,8,0,187.0,8,8,173.0,205.0000,19.0000,397.0000
20,0.30,9,0,199.0,0,0,0.0,0.0000,248.0000,248.0000
20,0.30,9,0,199.0,1,1,38.0,38.0000,198.0000,274.0000
20,0.30,9,0,199.0,2,2,74.0,74.0000,143.0000,291.0000
20,0.30,9,0,199.0,3,3,100.0,100.0000,113.0000,313.0000
20,0.30,9,0,199.0,4,4,126.0,126.0000,83.0000,335.0000
20,0.30,9,0,199.0,5,5,143.0,143.0000,55.0000,341.0000
20,0.30,9,0,199.0,6,6,156.0,160.0000,39.0000,355.0000
20,0.30,9,0,199.0,7,7,166.0,190.0000,29.0000,385.0000
20,0.30,9,0,199.0,8,8,173.0,205.0000,19.0000,397.0000
20,0.30,9,0,199.0,9,9,179.0,219.0000,13.0000,411.0000
20,0.30,10,0,199.0,0,0,0.0,0.0000,268.0000,268.0000
20,0.30,10,0,199.0,1,1,38.0,38.0000,212.0000,288.0000
20,0.30,10,0,199.0,2,2,74.0,74.0000,153.0000,301.0000
20,0.30,10,0,199.0,3,3,100.0,100.0000,119.0000,319.0000
20,0.30,10,0,199.0,4,4,126.0,126.0000,87.0000,339.0000
20,0.30,10,0,199.0,5,5,143.0,143.0000,57.0000,343.0000
20,0.30,10,0,199.0,6,6,156.0,160.0000,39.0000,355.0000
20,0.30,10,0,199.0,7,7,166.0,190.0000,29.0000,385.0000
20,0.30,10,0,199.0,8,8,173.0,205.0000,19.0000,397.0000
20,0.30,10,0,199.0,9,9,179.0,219.0000,13.0000,411.0000
20,0.30,10,0,199.0,10,10,185.0,243.0000,7.0000,435.0000
20,0.30,11,0,199.0,0,0,0.0,0.0000,286.0000,286.0000
20,0.30,11,0,199.0,1,1,38.0,38.0000,226.0000,302.0000
20,0.30,11,0,199.0,2,2,74.0,74.0000,160.0000,308.0000
20,0.30,11,0,199.0,3,3,100.0,100.0000,125.0000,325.0000
20,0.30,11,0,199.0,4,4,126.0,126.0000,90.0000,342.0000
20,0.30,11,0,199.0,5,5,143.0,143.0000,57.0000,343.0000
20,0.30,11,0,199.0,6,6,156.0,160.0000,39.0000,355.0000
20,0.30,11,0,199.0,7,7,166.0,190.0000,29.0000,385.0000
20,0.30,11,0,199.0,8,8,173.0,205.0000,19.0000,397.0000
20,0.30,11,0,199.0,9,9,179.0,219.0000,13.0000,411.0000
20,0.30,11,0,199.0,10,10,185.0,243.0000,7.0000,435.0000
20,0.30,11,0,199.0,11,11,189.0,261.0000,0.0000,450.0000
20,0.30,12,0,199.0,0,0,0.0,0.0000,303.0000,303.0000
20,0.30,12,0,199.0,1,1,38.0,38.0000,240.0000,316.0000
20,0.30,12,0,199.0,2,2,74.0,74.0000,166.0000,314.0000
20,0.30,12,0,199.0,3,3,100.0,100.0000,129.0000,329.0000
20,0.30,12,0,199.0,4,4,126.0,126.0000,93.0000,345.0000
20,0.30,12,0,199.0,5,5,143.0,143.0000,57.0000,343.0000
20,0.30,12,0,199.0,6,6,156.0,160.0000,39.0000,355.0000
20,0.30,12,0,199.0,7,7,166.0,190.0000,29.0000,385.0000
20,0.30,12,0,199.0,8,8,173.0,205.0000,19.0000,397.0000
20,0.30,12,0,199.0,9,9,179.0,219.0000,13.0000,411.0000
20,0.30,12,0,199.0,10,10,185.0,243.0000,7.0000,435.0000
20,0.30,12,0,199.0,11,11,189.0,261.0000,0.0000,450.0000
20,0.30,12,0,199.0,12,11,189.0,261.0000,0.0000,450.0000
20,0.30,13,0,199.0,0,0,0.0,0.0000,320.0000,320.0000
20,0.30,13,0,199.0,1,1,38.0,38.0000,252.0000,328.0000
20,0.30,13,0,199.0,2,2,74.0,74.0000,172.0000,320.0000
20,0.30,13,0,199.0,3,3,100.0,100.0000,132.0000,332.0000
20,0.30,13,0,199.0,4,4,126.0,126.0000,93.0000,345.0000
20,0.30,13,0,199.0,5,5,143.0,143.0000,57.0000,343.0000
20,0.30,13,0,199.0,6,6,156.0,160.0000,39.0000,355.0000
20,0.30,13,0,199.0,7,7,166.0,190.0000,29.0000,385.0000
20,0.30,13,0,199.0,8,8,173.0,205.0000,19.0000,397.0000
20,0.30,13,0,199.0,9,9,179.0,219.0000,13.0000,411.0000
20,0.30,13,0,199.0,10,10,185.0,243.0000,7.0000,435.0000
20,0.30,13,0,199.0,11,11,189.0,261.0000,0.0000,450.0000
20,0.30,13,0,199.0,12,11,189.0,261.0000,0.0000,450.0000
20,0.30,14,0,199.0,0,0,0.0,0.0000,335.0000,335.0000
20,0.30,14,0,199.0,1,1,38.0,38.0000,262.0000,338.0000
20,0.30,14,0,199.0,2,2,74.0,74.0000,175.0000,323.0000
20,0.30,14,0,199.0,3,3,100.0,100.0000,135.0000,335.0000
20,0.30,14,0,199.0,4,4,126.0,126.0000,93.0000,345.0000
20,0.30,14,0,199.0,5,5,143.0,143.0000,57.0000,343.0000
20,0.30,14,0,199.0,6,6,156.0,160.0000,39.0000,355.0000
20,0.30,14,0,199.0,7,7,166.0,190.0000,29.0000,385.0000
20,0.30,14,0,199.0,8,8,173.0,205.0000,19.0000,397.0000
20,0.30,14,0,199.0,9,9,179.0,219.0000,13.0000,411.0000
20,0.30,14,0,199.0,10,10,185.0,243.0000,7.0000,435.0000
20,0.30,14,0,199.0,11,11,189.0,261.0000,0.0000,450.0000
20,0.30,14,0,199.0,12,11,189.0,261.0000,0.0000,450.0000
20,0.30,15,0,199.0,0,0,0.0,0.0000,349.0000,349.0000
20,0.30,15,0,199.0,1,1,38.0,38.0000,269.0000,345.0000
20,0.30,15,0,199.0,2,2,74.0,74.0000,178.0000,326.0000
20,0.30,15,0,199.0,3,3,100.0,100.0000,135.0000,335.0000
20,0.30,15,0,199.0,4,4,126.0,126.0000,93.0000,345.0000
20,0.30,15,0,199.0,5,5,143.0,143.0000,57.0000,343.0000
20,0.30,15,0,199.0,6,6,156.0,160.0000,39.0000,355.0000
20,0.30,15,0,199.0,7,7,166.0,190.0000,29.0000,385.0000
20,0.30,15,0,199.0,8,8,173.0,205.0000,19.0000,397.0000
20,0.30,15,0,199.0,9,9,179.0,219.0000,13.0000,411.0000
20,0.30,15,0,199.0,10,10,185.0,243.0000,7.0000,435.0000
20,0.30,15,0,199.0,11,11,189.0,261.0000,0.0000,450.0000
20,0.30,15,0,199.0,12,11,189.0,261.0000,0.0000,450.0000
20,0.30,16,0,199.0,0,0,0.0,0.0000,363.0000,363.0000
20,0.30,16,0,199.0,1,1,38.0,38.0000,274.0000,350.0000
20,0.30,16,0,199.0,2,2,74.0,74.0000,179.0000,327.0000
20,0.30,16,0,199.0,3,3,100.0,100.0000,135.0000,335.0000
20,0.30,16,0,199.0,4,4,126.0,126.0000,93.0000,345.0000
20,0.30,16,0,199.0,5,5,143.0,143.0000,57.0000,343.0000
20,0.30,16,0,199.0,6,6,156.0,160.0000,39.0000,355.0000
20,0.30,16,0,199.0,7,7,166.0,190.0000,29.0000,385.0000
20,0.30,16,0,199.0,8,8,173.0,205.0000,19.0000,397.0000
20,0.30,16,0,199.0,9,9,179.0,219.0000,13.0000,411.0000
20,0.30,16,0,199.0,10,10,185.0,243.0000,7.0000,435.0000
20,0.30,16,0,199.0,11,11,189.0,261.0000,0.0000,450.0000
20,0.30,16,0,199.0,12,11,189.0,261.0000,0.0000,450.0000
20,0.30,17,0,199.0,0,0,0.0,0.0000,368.0000,368.0000
20,0.30,17,0,199.0,1,1,38.0,38.0000,277.0000,353.0000
20,0.30,17,0,199.0,2,2,74.0,74.0000,179.0000,327.0000
20,0.30,17,0,199.0,3,3,100.0,100.0000,135.0000,335.0000
20,0.30,17,0,199.0,4,4,126.0,126.0000,93.0000,345.0000
20,0.30,17,0,199.0,5,5,143.0,143.0000,57.0000,343.0000
20,0.30,17,0,199.0,6,6,156.0,160.0000,39.0000,355.0000
20,0.30,17,0,199.0,7,7,166.0,190.0000,29.0000,385.0000
20,0.30,17,0,199.0,8,8,173.0,205.0000,19.0000,397.0000
20,0.30,17,0,199.0,9,9,179.0,219.0000,13.0000,411.0000
20,0.30,17,0,199.0,10,10,185.0,243.0000,7.0000,435.0000
20,0.30,17,0,199.0,11,11,189.0,261.0000,0.0000,450.0000
20,0.30,17,0,199.0,12,11,189.0,261.0000,0.0000,450.0000
20,0.30,18,0,199.0,0,0,0.0,0.0000,372.0000,372.0000
20,0.30,18,0,199.0,1,1,38.0,38.0000,277.0000,353.0000
20,0.30,18,0,199.0,2,2,74.0,74.0000,179.0000,327.0000
20,0.30,18,0,199.0,3,3,100.0,100.0000,135.0000,335.0000
20,0.30,18,0,199.0,4,4,126.0,126.0000,93.0000,345.0000
20,0.30,18,0,199.0,5,5,143.0,143.0000,57.0000,343.0000
20,0.30,18,0,199.0,6,6,156.0,160.0000,39.0000,355.0000
20,0.30,18,0,199.0,7,7,166.0,190.0000,29.0000,385.0000
20,0.30,18,0,199.0,8,8,173.0,205.0000,19.0000,397.0000
20,0.30,18,0,199.0,9,9,179.0,219.0000,13.0000,411.0000
20,0.30,18,0,199.0,10,10,185.0,243.0000,7.0000,435.0000
20,0.30,18,0,199.0,11,11,189.0,261.0000,0.0000,450.0000
20,0.30,18,0,199.0,12,11,189.0,261.0000,0.0000,450.0000
20,0.30,19,0,199.0,0,0,0.0,0.0000,372.0000,372.0000
20,0.30,19,0,199.0,1,1,38.0,38.0000,277.0000,353.0000
20,0.30,19,0,199.0,2,2,74.0,74.0000,179.0000,327.0000
20,0.30,19,0,199.0,3,3,100.0,100.0000,135.0000,335.0000
20,0.30,19,0,199.0,4,4,126.0,126.0000,93.0000,345.0000
20,0.30,19,0,199.0,5,5,143.0,143.0000,57.0000,343.0000
20,0.30,19,0,199.0,6,6,156.0,160.0000,39.0000,355.0000
20,0.30,19,0,199.0,7,7,166.0,190.0000,29.0000,385.0000
20,0.30,19,0,199.0,8,8,173.0,205.0000,19.0000,397.0000
20,0.30,19,0,199.0,9,9,179.0,219.0000,13.0000,411.0000
20,0.30,19,0,199.0,10,10,185.0,243.0000,7.0000,435.0000
20,0.30,19,0,199.0,11,11,189.0,261.0000,0.0000,450.0000
20,0.30,19,0,199.0,12,11,189.0,261.0000,0.0000,450.0000
20,0.30,20,0,199.0,0,0,0.0,0.0000,372.0000,372.0000
20,0.30,20,0,199.0,1,1,38.0,38.0000,277.0000,353.0000
20,0.30,20,0,199.0,2,2,74.0,74.0000,179.0000,327.0000
20,0.30,20,0,199.0,3,3,100.0,100.0000,135.0000,335.0000
20,0.30,20,0,199.0,4,4,126.0,126.0000,93.0000,345.0000
20,0.30,20,0,199.0,5,5,143.0,143.0000,57.0000,343.0000
20,0.30,20,0,199.0,6,6,156.0,160.0000,39.0000,355.0000
20,0.30,20,0,199.0,7,7,166.0,190.0000,29.0000,385.0000
20,0.30,20,0,199.0,8,8,173.0,205.0000,19.0000,397.0000
20,0.30,20,0,199.0,9,9,179.0,219.0000,13.0000,411.0000
20,0.30,20,0,199.0,10,10,185.0,243.0000,7.0000,435.0000
20,0.30,20,0,199.0,11,11,189.0,261.0000,0.0000,450.0000
20,0.30,20,0,199.0,12,11,189.0,261.0000,0.0000,450.0000
20,0.30,1,1,50.0,0,0,0.0,0.0000,50.0000,50.0000
20,0.30,1,1,50.0,1,1,50.0,50.0000,42.0000,142.0000
20,0.30,2,1,92.0,0,0,0.0,0.0000,92.0000,92.0000
20,0.30,2,1,92.0,1,1,50.0,50.0000,69.0000,169.0000
20,0.30,2,1,92.0,2,2,92.0,92.0000,54.0000,238.0000
20,0.30,3,1,124.0,0,0,0.0,0.0000,133.0000,133.0000
20,0.30,3,1,124.0,1,1,50.0,50.0000,96.0000,196.0000
20,0.30,3,1,124.0,2,2,92.0,92.0000,80.0000,264.0000
20,0.30,3,1,124.0,3,3,119.0,129.0000,77.0000,325.0000
20,0.30,4,1,154.0,0,0,0.0,0.0000,170.0000,170.0000
20,0.30,4,1,154.0,1,1,50.0,50.0000,122.0000,222.0000
20,0.30,4,1,154.0,2,2,92.0,92.0000,105.0000,289.0000
20,0.30,4,1,154.0,3,3,119.0,129.0000,98.0000,346.0000
20,0.30,4,1,154.0,4,4,146.0,174.0000,85.0000,405.0000
20,0.30,5,1,183.0,0,0,0.0,0.0000,206.0000,206.0000
20,0.30,5,1,183.0,1,1,50.0,50.0000,147.0000,247.0000
20,0.30,5,1,183.0,2,2,92.0,92.0000,127.0000,311.0000
20,0.30,5,1,183.0,3,3,119.0,129.0000,112.0000,360.0000
20,0.30,5,1,183.0,4,4,146.0,174.0000,93.0000,413.0000
20,0.30,5,1,183.0,5,5,172.0,204.0000,62.0000,438.0000
20,0.30,6,1,204.0,0,0,0.0,0.0000,236.0000,236.0000
20,0.30,6,1,204.0,1,1,50.0,50.0000,172.0000,272.0000
20,0.30,6,1,204.0,2,2,92.0,92.0000,147.0000,331.0000
20,0.30,6,1,204.0,3,3,119.0,129.0000,126.0000,374.0000
20,0.30,6,1,204.0,4,4,146.0,174.0000,100.0000,420.0000
20,0.30,6,1,204.0,5,5,172.0,204.0000,63.0000,439.0000
20,0.30,6,1,204.0,6,6,196.0,232.0000,24.0000,452.0000
20,0.30,7,1,215.0,0,0,0.0,0.0000,264.0000,264.0000
20,0.30,7,1,215.0,1,1,50.0,50.0000,196.0000,296.0000
20,0.30,7,1,215.0,2,2,92.0,92.0000,165.0000,349.0000
20,0.30,7,1,215.0,3,3,119.0,129.0000,133.0000,381.0000
20,0.30,7,1,215.0,4,4,146.0,174.0000,106.0000,426.0000
20,0.30,7,1,215.0,5,5,172.0,204.0000,63.0000,439.0000
20,0.30,7,1,215.0,6,6,196.0,232.0000,24.0000,452.0000
20,0.30,7,1,215.0,7,7,215.0,257.0000,5.0000,477.0000
20,0.30,8,1,221.0,0,0,0.0,0.0000,289.0000,289.0000
20,0.30,8,1,221.0,1,1,50.0,50.0000,220.0000,320.0000
20,0.30,8,1,221.0,2,2,92.0,92.0000,181.0000,365.0000
20,0.30,8,1,221.0,3,3,119.0,129.0000,140.0000,388.0000
20,0.30,8,1,221.0,4,4,146.0,174.0000,110.0000,430.0000
20,0.30,8,1,221.0,5,5,172.0,204.0000,63.0000,439.0000
20,0.30,8,1,221.0,6,6,196.0,232.0000,24.0000,452.0000
20,0.30,8,1,221.0,7,7,215.0,257.0000,5.0000,477.0000
20,0.30,8,1,221.0,8,8,218.0,282.0000,2.0000,502.0000
20,0.30,9,1,221.0,0,0,0.0,0.0000,314.0000,314.0000
20,0.30,9,1,221.0,1,1,50.0,50.0000,242.0000,342.0000
20,0.30,9,1,221.0,2,2,92.0,92.0000,196.0000,380.0000
20,0.30,9,1,221.0,3,3,119.0,129.0000,144.0000,392.0000
20,0.30,9,1,221.0,4,4,146.0,174.0000,113.0000,433.0000
20,0.30,9,1,221.0,5,5,172.0,204.0000,63.0000,439.0000
20,0.30,9,1,221.0,6,6,196.0,232.0000,24.0000,452.0000
20,0.30,9,1,221.0,7,7,215.0,257.0000,5.0000,477.0000
20,0.30,9,1,221.0,8,8,218.0,282.0000,2.0000,502.0000
20,0.30,9,1,221.0,9,9,220.0,304.0000,0.0000,524.0000
20,0.30,10,1,221.0,0,0,0.0,0.0000,338.0000,338.0000
20,0.30,10,1,221.0,1,1,50.0,50.0000,264.0000,364.0000
20,0.30,10,1,221.0,2,2,92.0,92.0000,211.0000,395.0000
20,0.30,10,1,221.0,3,3,119.0,129.0000,147.0000,395.0000
20,0.30,10,1,221.0,4,4,146.0,174.0000,113.0000,433.0000
20,0.30,10,1,221.0,5,5,172.0,204.0000,63.0000,439.0000
20,0.30,10,1,221.0,6,6,196.0,232.0000,24.0000,452.0000
20,0.30,10,1,221.0,7,7,215.0,257.0000,5.0000,477.0000
20,0.30,10,1,221.0,8,8,218.0,282.0000,2.0000,502.0000
20,0.30,10,1,221.0,9,9,220.0,304.0000,0.0000,524.0000
20,0.30,10,1,221.0,10,9,220.0,304.0000,0.0000,524.0000
20,0.30,11,1,221.0,0,0,0.0,0.0000,360.0000,360.0000
20,0.30,11,1,221.0,1,1,50.0,50.0000,286.0000,386.0000
20,0.30,11,1,221.0,2,2,92.0,92.0000,224.0000,408.0000
20,0.30,11,1,221.0,3,3,119.0,129.0000,148.0000,396.0000
20,0.30,11,1,221.0,4,4,146.0,174.0000,113.0000,433.0000
20,0.30,11,1,221.0,5,5,172.0,204.0000,63.0000,439.0000
20,0.30,11,1,221.0,6,6,196.0,232.0000,24.0000,452.0000
20,0.30,11,1,221.0,7,7,215.0,257.0000,5.0000,477.0000
20,0.30,11,1,221.0,8,8,218.0,282.0000,2.0000,502.0000
20,0.30,11,1,221.0,9,9,220.0,304.0000,0.0000,524.0000
20,0.30,11,1,221.0,10,9,220.0,304.0000,0.0000,524.0000
20,0.30,12,1,221.0,0,0,0.0,0.0000,382.0000,382.0000
20,0.30,12,1,221.0,1,1,50.0,50.0000,308.0000,408.0000
20,0.30,12,1,221.0,2,2,92.0,92.0000,228.0000,412.0000
20,0.30,12,1,221.0,3,3,119.0,129.0000,148.0000,396.0000
20,0.30,12,1,221.0,4,4,146.0,174.0000,113.0000,433.0000
20,0.30,12,1,221.0,5,5,172.0,204.0000,63.0000,439.0000
20,0.30,12,1,221.0,6,6,196.0,232.0000,24.0000,452.0000
20,0.30,12,1,221.0,7,7,215.0,257.0000,5.0000,477.0000
20,0.30,12,1,221.0,8,8,218.0,282.0000,2.0000,502.0000
20,0.30,12,1,221.0,9,9,220.0,304.0000,0.0000,524.0000
20,0.30,12,1,221.0,10,9,220.0,304.0000,0.0000,524.0000
20,0.30,13,1,221.0,0,0,0.0,0.0000,403.0000,403.0000
20,0.30,13,1,221.0,1,1,50.0,50.0000,329.0000,429.0000
20,0.30,13,1,221.0,2,2,92.0,92.0000,231.0000,415.0000
20,0.30,13,1,221.0,3,3,119.0,129.0000,148.0000,396.0000
20,0.30,13,1,221.0,4,4,146.0,174.0000,113.0000,433.0000
20,0.30,13,1,221.0,5,5,172.0,204.0000,63.0000,439.0000
20,0.30,13,1,221.0,6,6,196.0,232.0000,24.0000,452.0000
20,0.30,13,1,221.0,7,7,215.0,257.0000,5.0000,477.0000
20,0.30,13,1,221.0,8,8,218.0,282.0000,2.0000,502.0000
20,0.30,13,1,221.0,9,9,220.0,304.0000,0.0000,524.0000
20,0.30,13,1,221.0,10,9,220.0,304.0000,0.0000,524.0000
20,0.30,14,1,221.0,0,0,0.0,0.0000,423.0000,423.0000
20,0.30,14,1,221.0,1,1,50.0,50.0000,349.0000,449.0000
20,0.30,14,1,221.0,2,2,92.0,92.0000,231.0000,415.0000
20,0.30,14,1,221.0,3,3,119.0,129.0000,148.0000,396.0000
20,0.30,14,1,221.0,4,4,146.0,174.0000,113.0000,433.0000
20,0.30,14,1,221.0,5,5,172.0,204.0000,63.0000,439.0000
20,0.30,14,1,221.0,6,6,196.0,232.0000,24.0000,452.0000
20,0.30,14,1,221.0,7,7,215.0,257.0000,5.0000,477.0000
20,0.30,14,1,221.0,8,8,218.0,282.0000,2.0000,502.0000
20,0.30,14,1,221.0,9,9,220.0,304.0000,0.0000,524.0000
20,0.30,14,1,221.0,10,9,220.0,304.0000,0.0000,524.0000
20,0.30,15,1,221.0,0,0,0.0,0.0000,441.0000,441.0000
20,0.30,15,1,221.0,1,1,50.0,50.0000,367.0000,467.0000
20,0.30,15,1,221.0,2,2,92.0,92.0000,231.0000,415.0000
20,0.30,15,1,221.0,3,3,119.0,129.0000,148.0000,396.0000
20,0.30,15,1,221.0,4,4,146.0,174.0000,113.0000,433.0000
20,0.30,15,1,221.0,5,5,172.0,204.0000,63.0000,439.0000
20,0.30,15,1,221.0,6,6,196.0,232.0000,24.0000,452.0000
20,0.30,15,1,221.0,7,7,215.0,257.0000,5.0000,477.0000
20,0.30,15,1,221.0,8,8,218.0,282.0000,2.0000,502.0000
20,0.30,15,1,221.0,9,9,220.0,304.0000,0.0000,524.0000
20,0.30,15,1,221.0,10,9,220.0,304.0000,0.0000,524.0000
20,0.30,16,1,221.0,0,0,0.0,0.0000,455.0000,455.0000
20,0.30,16,1,221.0,1,1,50.0,50.0000,367.0000,467.0000
20,0.30,16,1,221.0,2,2,92.0,92.0000,231.0000,415.0000
20,0.30,16,1,221.0,3,3,119.0,129.0000,148.0000,396.0000
20,0.30,16,1,221.0,4,4,146.0,174.0000,113.0000,433.0000
20,0.30,16,1,221.0,5,5,172.0,204.0000,63.0000,439.0000
20,0.30,16,1,221.0,6,6,196.0,232.0000,24.0000,452.0000
20,0.30,16,1,221.0,7,7,215.0,257.0000,5.0000,477.0000
20,0.30,16,1,221.0,8,8,218.0,282.0000,2.0000,502.0000
20,0.30,16,1,221.0,9,9,220.0,304.0000,0.0000,524.0000
20,0.30,16,1,221.0,10,9,220.0,304.0000,0.0000,524.0000
20,0.30,17,1,221.0,0,0,0.0,0.0000,465.0000,465.0000
20,0.30,17,1,221.0,1,1,50.0,50.0000,367.0000,467.0000
20,0.30,17,1,221.0,2,2,92.0,92.0000,231.0000,415.0000
20,0.30,17,1,221.0,3,3,119.0,129.0000,148.0000,396.0000
20,0.30,17,1,221.0,4,4,146.0,174.0000,113.0000,433.0000
20,0.30,17,1,221.0,5,5,172.0,204.0000,63.0000,439.0000
20,0.30,17,1,221.0,6,6,196.0,232.0000,24.0000,452.0000
20,0.30,17,1,221.0,7,7,215.0,257.0000,5.0000,477.0000
20,0.30,17,1,221.0,8,8,218.0,282.0000,2.0000,502.0000
20,0.30,17,1,221.0,9,9,220.0,304.0000,0.0000,524.0000
20,0.30,17,1,221.0,10,9,220.0,304.0000,0.0000,524.0000
20,0.30,18,1,221.0,0,0,0.0,0.0000,465.0000,465.0000
20,0.30,18,1,221.0,1,1,50.0,50.0000,367.0000,467.0000
20,0.30,18,1,221.0,2,2,92.0,92.0000,231.0000,415.0000
20,0.30,18,1,221.0,3,3,119.0,129.0000,148.0000,396.0000
20,0.30,18,1,221.0,4,4,146.0,174.0000,113.0000,433.0000
20,0.30,18,1,221.0,5,5,172.0,204.0000,63.0000,439.0000
20,0.30,18,1,221.0,6,6,196.0,232.0000,24.0000,452.0000
20,0.30,18,1,221.0,7,7,215.0,257.0000,5.0000,477.0000
20,0.30,18,1,221.0,8,8,218.0,282.0000,2.0000,502.0000
20,0.30,18,1,221.0,9,9,220.0,304.0000,0.0000,524.0000
20,0.30,18,1,221.0,10,9,220.0,304.0000,0.0000,524.0000
20,0.30,19,1,221.0,0,0,0.0,0.0000,465.0000,465.0000
20,0.30,19,1,221.0,1,1,50.0,50.0000,367.0000,467.0000
20,0.30,19,1,221.0,2,2,92.0,92.0000,231.0000,415.0000
20,0.30,19,1,221.0,3,3,119.0,129.0000,148.0000,396.0000
20,0.30,19,1,221.0,4,4,146.0,174.0000,113.0000,433.0000
20,0.30,19,1,221.0,5,5,172.0,204.0000,63.0000,439.0000
20,0.30,19,1,221.0,6,6,196.0,232.0000,24.0000,452.0000
20,0.30,19,1,221.0,7,7,215.0,257.0000,5.0000,477.0000
20,0.30,19,1,221.0,8,8,218.0,282.0000,2.0000,502.0000
20,0.30,19,1,221.0,9,9,220.0,304.0000,0.0000,524.0000
20,0.30,19,1,221.0,10,9,220.0,304.0000,0.0000,524.0000
20,0.30,20,1,221.0,0,0,0.0,0.0000,465.0000,465.0000
20,0.30,20,1,221.0,1,1,50.0,50.0000,367.0000,467.0000
20,0.30,20,1,221.0,2,2,92.0,92.0000,231.0000,415.0000
20,0.30,20,1,221.0,3,3,119.0,129.0000,148.0000,396.0000
20,0.30,20,1,221.0,4,4,146.0,174.0000,113.0000,433.0000
20,0.30,20,1,221.0,5,5,172.0,204.0000,63.0000,439.0000
20,0.30,20,1,221.0,6,6,196.0,232.0000,24.0000,452.0000
20,0.30,20,1,221.0,7,7,215.0,257.0000,5.0000,477.0000
20,0.30,20,1,221.0,8,8,218.0,282.0000,2.0000,502.0000
20,0.30,20,1,221.0,9,9,220.0,304.0000,0.0000,524.0000
20,0.30,20,1,221.0,10,9,220.0,304.0000,0.0000,524.0000
20,0.30,1,2,50.0,0,0,0.0,0.0000,50.0000,50.0000
20,0.30,1,2,50.0,1,1,50.0,50.0000,34.0000,134.0000
20,0.30,2,2,84.0,0,0,0.0,0.0000,90.0000,90.0000
20,0.30,2,2,84.0,1,1,50.0,50.0000,66.0000,166.0000
20,0.30,2,2,84.0,2,2,84.0,84.0000,58.0000,226.0000
20,0.30,3,2,119.0,0,0,0.0,0.0000,128.0000,128.0000
20,0.30,3,2,119.0,1,1,50.0,50.0000,95.0000,195.0000
20,0.30,3,2,119.0,2,2,84.0,84.0000,83.0000,251.0000
20,0.30,3,2,119.0,3,3,116.0,116.0000,73.0000,305.0000
20,0.30,4,2,149.0,0,0,0.0,0.0000,162.0000,162.0000
20,0.30,4,2,149.0,1,1,50.0,50.0000,121.0000,221.0000
20,0.30,4,2,149.0,2,2,84.0,84.0000,108.0000,276.0000
20,0.30,4,2,149.0,3,3,116.0,116.0000,91.0000,323.0000
20,0.30,4,2,149.0,4,4,142.0,142.0000,80.0000,364.0000
20,0.30,5,2,173.0,0,0,0.0,0.0000,191.0000,191.0000
20,0.30,5,2,173.0,1,1,50.0,50.0000,147.0000,247.0000
20,0.30,5,2,173.0,2,2,84.0,84.0000,130.0000,298.0000
20,0.30,5,2,173.0,3,3,116.0,116.0000,106.0000,338.0000
20,0.30,5,2,173.0,4,4,142.0,142.0000,95.0000,379.0000
20,0.30,5,2,173.0,5,5,167.0,177.0000,73.0000,417.0000
20,0.30,6,2,192.0,0,0,0.0,0.0000,220.0000,220.0000
20,0.30,6,2,192.0,1,1,50.0,50.0000,169.0000,269.0000
20,0.30,6,2,192.0,2,2,84.0,84.0000,148.0000,316.0000
20,0.30,6,2,192.0,3,3,116.0,116.0000,121.0000,353.0000
20,0.30,6,2,192.0,4,4,142.0,142.0000,109.0000,393.0000
20,0.30,6,2,192.0,5,5,167.0,177.0000,80.0000,424.0000
20,0.30,6,2,192.0,6,6,189.0,199.0000,56.0000,444.0000
20,0.30,7,2,207.0,0,0,0.0,0.0000,246.0000,246.0000
20,0.30,7,2,207.0,1,1,50.0,50.0000,189.0000,289.0000
20,0.30,7,2,207.0,2,2,84.0,84.0000,163.0000,331.0000
20,0.30,7,2,207.0,3,3,116.0,116.0000,135.0000,367.0000
20,0.30,7,2,207.0,4,4,142.0,142.0000,121.0000,405.0000
20,0.30,7,2,207.0,5,5,167.0,177.0000,85.0000,429.0000
20,0.30,7,2,207.0,6,6,189.0,199.0000,57.0000,445.0000
20,0.30,7,2,207.0,7,7,205.0,217.0000,26.0000,448.0000
20,0.30,8,2,219.0,0,0,0.0,0.0000,270.0000,270.0000
20,0.30,8,2,219.0,1,1,50.0,50.0000,208.0000,308.0000
20,0.30,8,2,219.0,2,2,84.0,84.0000,178.0000,346.0000
20,0.30,8,2,219.0,3,3,116.0,116.0000,149.0000,381.0000
20,0.30,8,2,219.0,4,4,142.0,142.0000,130.0000,414.0000
20,0.30,8,2,219.0,5,5,167.0,177.0000,87.0000,431.0000
20,0.30,8,2,219.0,6,6,189.0,199.0000,57.0000,445.0000
20,0.30,8,2,219.0,7,7,205.0,217.0000,26.0000,448.0000
20,0.30,8,2,219.0,8,8,217.0,239.0000,13.0000,469.0000
20,0.30,9,2,227.0,0,0,0.0,0.0000,292.0000,292.0000
20,0.30,9,2,227.0,1,1,50.0,50.0000,226.0000,326.0000
20,0.30,9,2,227.0,2,2,84.0,84.0000,192.0000,360.0000
20,0.30,9,2,227.0,3,3,116.0,116.0000,159.0000,391.0000
20,0.30,9,2,227.0,4,4,142.0,142.0000,137.0000,421.0000
20,0.30,9,2,227.0,5,5,167.0,177.0000,88.0000,432.0000
20,0.30,9,2,227.0,6,6,189.0,199.0000,57.0000,445.0000
20,0.30,9,2,227.0,7,7,205.0,217.0000,26.0000,448.0000
20,0.30,9,2,227.0,8,8,217.0,239.0000,13.0000,469.0000
20,0.30,9,2,227.0,9,9,224.0,246.0000,3.0000,473.0000
20,0.30,10,2,227.0,0,0,0.0,0.0000,314.0000,314.0000
20,0.30,10,2,227.0,1,1,50.0,50.0000,242.0000,342.0000
20,0.30,10,2,227.0,2,2,84.0,84.0000,202.0000,370.0000
20,0.30,10,2,227.0,3,3,116.0,116.0000,168.0000,400.0000
20,0.30,10,2,227.0,4,4,142.0,142.0000,138.0000,422.0000
20,0.30,10,2,227.0,5,5,167.0,177.0000,88.0000,432.0000
20,0.30,10,2,227.0,6,6,189.0,199.0000,57.0000,445.0000
20,0.30,10,2,227.0,7,7,205.0,217.0000,26.0000,448.0000
20,0.30,10,2,227.0,8,8,217.0,239.0000,13.0000,469.0000
20,0.30,10,2,227.0,9,9,224.0,246.0000,3.0000,473.0000
20,0.30,10,2,227.0,10,10,226.0,266.0000,1.0000,493.0000
20,0.30,11,2,227.0,0,0,0.0,0.0000,334.0000,334.0000
20,0.30,11,2,227.0,1,1,50.0,50.0000,257.0000,357.0000
20,0.30,11,2,227.0,2,2,84.0,84.0000,210.0000,378.0000
20,0.30,11,2,227.0,3,3,116.0,116.0000,176.0000,408.0000
20,0.30,11,2,227.0,4,4,142.0,142.0000,138.0000,422.0000
20,0.30,11,2,227.0,5,5,167.0,177.0000,88.0000,432.0000
20,0.30,11,2,227.0,6,6,189.0,199.0000,57.0000,445.0000
20,0.30,11,2,227.0,7,7,205.0,217.0000,26.0000,448.0000
20,0.30,11,2,227.0,8,8,217.0,239.0000,13.0000,469.0000
20,0.30,11,2,227.0,9,9,224.0,246.0000,3.0000,473.0000
20,0.30,11,2,227.0,10,10,226.0,266.0000,1.0000,493.0000
20,0.30,11,2,227.0,11,11,227.0,295.0000,0.0000,522.0000
20,0.30,12,2,227.0,0,0,0.0,0.0000,352.0000,352.0000
20,0.30,12,2,227.0,1,1,50.0,50.0000,272.0000,372.0000
20,0.30,12,2,227.0,2,2,84.0,84.0000,217.0000,385.0000
20,0.30,12,2,227.0,3,3,116.0,116.0000,183.0000,415.0000
20,0.30,12,2,227.0,4,4,142.0,142.0000,138.0000,422.0000
20,0.30,12,2,227.0,5,5,167.0,177.0000,88.0000,432.0000
20,0.30,12,2,227.0,6,6,189.0,199.0000,57.0000,445.0000
20,0.30,12,2,227.0,7,7,205.0,217.0000,26.0000,448.0000
20,0.30,12,2,227.0,8,8,217.0,239.0000,13.0000,469.0000
20,0.30,12,2,227.0,9,9,224.0,246.0000,3.0000,473.0000
20,0.30,12,2,227.0,10,10,226.0,266.0000,1.0000,493.0000
20,0.30,12,2,227.0,11,11,227.0,295.0000,0.0000,522.0000
20,0.30,12,2,227.0,12,11,227.0,295.0000,0.0000,522.0000
20,0.30,13,2,227.0,0,0,0.0,0.0000,370.0000,370.0000
20,0.30,13,2,227.0,1,1,50.0,50.0000,284.0000,384.0000
20,0.30,13,2,227.0,2,2,84.0,84.0000,221.0000,389.0000
20,0.30,13,2,227.0,3,3,116.0,116.0000,187.0000,419.0000
20,0.30,13,2,227.0,4,4,142.0,142.0000,138.0000,422.0000
20,0.30,13,2,227.0,5,5,167.0,177.0000,88.0000,432.0000
20,0.30,13,2,227.0,6,6,189.0,199.0000,57.0000,445.0000
20,0.30,13,2,227.0,7,7,205.0,217.0000,26.0000,448.0000
20,0.30,13,2,227.0,8,8,217.0,239.0000,13.0000,469.0000
20,0.30,13,2,227.0,9,9,224.0,246.0000,3.0000,473.0000
20,0.30,13,2,227.0,10,10,226.0,266.0000,1.0000,493.0000
20,0.30,13,2,227.0,11,11,227.0,295.0000,0.0000,522.0000
20,0.30,13,2,227.0,12,11,227.0,295.0000,0.0000,522.0000
20,0.30,14,2,227.0,0,0,0.0,0.0000,388.0000,388.0000
20,0.30,14,2,227.0,1,1,50.0,50.0000,295.0000,395.0000
20,0.30,14,2,227.0,2,2,84.0,84.0000,225.0000,393.0000
20,0.30,14,2,227.0,3,3,116.0,116.0000,188.0000,420.0000
20,0.30,14,2,227.0,4,4,142.0,142.0000,138.0000,422.0000
20,0.30,14,2,227.0,5,5,167.0,177.0000,88.0000,432.0000
20,0.30,14,2,227.0,6,6,189.0,199.0000,57.0000,445.0000
20,0.30,14,2,227.0,7,7,205.0,217.0000,26.0000,448.0000
20,0.30,14,2,227.0,8,8,217.0,239.0000,13.0000,469.0000
20,0.30,14,2,227.0,9,9,224.0,246.0000,3.0000,473.0000
20,0.30,14,2,227.0,10,10,226.0,266.0000,1.0000,493.0000
20,0.30,14,2,227.0,11,11,227.0,295.0000,0.0000,522.0000
20,0.30,14,2,227.0,12,11,227.0,295.0000,0.0000,522.0000
20,0.30,15,2,227.0,0,0,0.0,0.0000,403.0000,403.0000
20,0.30,15,2,227.0,1,1,50.0,50.0000,303.0000,403.0000
20,0.30,15,2,227.0,2,2,84.0,84.0000,226.0000,394.0000
20,0.30,15,2,227.0,3,3,116.0,116.0000,188.0000,420.0000
20,0.30,15,2,227.0,4,4,142.0,142.0000,138.0000,422.0000
20,0.30,15,2,227.0,5,5,167.0,177.0000,88.0000,432.0000
20,0.30,15,2,227.0,6,6,189.0,199.0000,57.0000,445.0000
20,0.30,15,2,227.0,7,7,205.0,217.0000,26.0000,448.0000
20,0.30,15,2,227.0,8,8,217.0,239.0000,13.0000,469.0000
20,0.30,15,2,227.0,9,9,224.0,246.0000,3.0000,473.0000
20,0.30,15,2,227.0,10,10,226.0,266.0000,1.0000,493.0000
20,0.30,15,2,227.0,11,11,227.0,295.0000,0.0000,522.0000
20,0.30,15,2,227.0,12,11,227.0,295.0000,0.0000,522.0000
20,0.30,16,2,227.0,0,0,0.0,0.0000,411.0000,411.0000
20,0.30,16,2,227.0,1,1,50.0,50.0000,310.0000,410.0000
20,0.30,16,2,227.0,2,2,84.0,84.0000,226.0000,394.0000
20,0.30,16,2,227.0,3,3,116.0,116.0000,188.0000,420.0000
20,0.30,16,2,227.0,4,4,142.0,142.0000,138.0000,422.0000
20,0.30,16,2,227.0,5,5,167.0,177.0000,88.0000,432.0000
20,0.30,16,2,227.0,6,6,189.0,199.0000,57.0000,445.0000
20,0.30,16,2,227.0,7,7,205.0,217.0000,26.0000,448.0000
20,0.30,16,2,227.0,8,8,217.0,239.0000,13.0000,469.0000
20,0.30,16,2,227.0,9,9,224.0,246.0000,3.0000,473.0000
20,0.30,16,2,227.0,10,10,226.0,266.0000,1.0000,493.0000
20,0.30,16,2,227.0,11,11,227.0,295.0000,0.0000,522.0000
20,0.30,16,2,227.0,12,11,227.0,295.0000,0.0000,522.0000
20,0.30,17,2,227.0,0,0,0.0,0.0000,418.0000,418.0000
20,0.30,17,2,227.0,1,1,50.0,50.0000,314.0000,414.0000
20,0.30,17,2,227.0,2,2,84.0,84.0000,226.0000,394.0000
20,0.30,17,2,227.0,3,3,116.0,116.0000,188.0000,420.0000
20,0.30,17,2,227.0,4,4,142.0,142.0000,138.0000,422.0000
20,0.30,17,2,227.0,5,5,167.0,177.0000,88.0000,432.0000
20,0.30,17,2,227.0,6,6,189.0,199.0000,57.0000,445.0000
20,0.30,17,2,227.0,7,7,205.0,217.0000,26.0000,448.0000
20,0.30,17,2,227.0,8,8,217.0,239.0000,13.0000,469.0000
20,0.30,17,2,227.0,9,9,224.0,246.0000,3.0000,473.0000
20,0.30,17,2,227.0,10,10,226.0,266.0000,1.0000,493.0000
20,0.30,17,2,227.0,11,11,227.0,295.0000,0.0000,522.0000
20,0.30,17,2,227.0,12,11,227.0,295.0000,0.0000,522.0000
20,0.30,18,2,227.0,0,0,0.0,0.0000,418.0000,418.0000
20,0.30,18,2,227.0,1,1,50.0,50.0000,314.0000,414.0000
20,0.30,18,2,227.0,2,2,84.0,84.0000,226.0000,394.0000
20,0.30,18,2,227.0,3,3,116.0,116.0000,188.0000,420.0000
20,0.30,18,2,227.0,4,4,142.0,142.0000,138.0000,422.0000
20,0.30,18,2,227.0,5,5,167.0,177.0000,88.0000,432.0000
20,0.30,18,2,227.0,6,6,189.0,199.0000,57.0000,445.0000
20,0.30,18,2,227.0,7,7,205.0,217.0000,26.0000,448.0000
20,0.30,18,2,227.0,8,8,217.0,239.0000,13.0000,469.0000
20,0.30,18,2,227.0,9,9,224.0,246.0000,3.0000,473.0000
20,0.30,18,2,227.0,10,10,226.0,266.0000,1.0000,493.0000
20,0.30,18,2,227.0,11,11,227.0,295.0000,0.0000,522.0000
20,0.30,18,2,227.0,12,11,227.0,295.0000,0.0000,522.0000
20,0.30,19,2,227.0,0,0,0.0,0.0000,418.0000,418.0000
20,0.30,19,2,227.0,1,1,50.0,50.0000,314.0000,414.0000
20,0.30,19,2,227.0,2,2,84.0,84.0000,226.0000,394.0000
20,0.30,19,2,227.0,3,3,116.0,116.0000,188.0000,420.0000
20,0.30,19,2,227.0,4,4,142.0,142.0000,138.0000,422.0000
20,0.30,19,2,227.0,5,5,167.0,177.0000,88.0000,432.0000
20,0.30,19,2,227.0,6,6,189.0,199.0000,57.0000,445.0000
20,0.30,19,2,227.0,7,7,205.0,217.0000,26.0000,448.0000
20,0.30,19,2,227.0,8,8,217.0,239.0000,13.0000,469.0000
20,0.30,19,2,227.0,9,9,224.0,246.0000,3.0000,473.0000
20,0.30,19,2,227.0,10,10,226.0,266.0000,1.0000,493.0000
20,0.30,19,2,227.0,11,11,227.0,295.0000,0.0000,522.0000
20,0.30,19,2,227.0,12,11,227.0,295.0000,0.0000,522.0000
20,0.30,20,2,227.0,0,0,0.0,0.0000,418.0000,418.0000
20,0.30,20,2,227.0,1,1,50.0,50.0000,314.0000,414.0000
20,0.30,20,2,227.0,2,2,84.0,84.0000,226.0000,394.0000
20,0.30,20,2,227.0,3,3,116.0,116.0000,188.0000,420.0000
20,0.30,20,2,227.0,4,4,142.0,142.0000,138.0000,422.0000
20,0.30,20,2,227.0,5,5,167.0,177.0000,88.0000,432.0000
20,0.30,20,2,227.0,6,6,189.0,199.0000,57.0000,445.0000
20,0.30,20,2,227.0,7,7,205.0,217.0000,26.0000,448.0000
20,0.30,20,2,227.0,8,8,217.0,239.0000,13.0000,469.0000
20,0.30,20,2,227.0,9,9,224.0,246.0000,3.0000,473.0000
20,0.30,20,2,227.0,10,10,226.0,266.0000,1.0000,493.0000
20,0.30,20,2,227.0,11,11,227.0,295.0000,0.0000,522.0000
20,0.30,20,2,227.0,12,11,227.0,295.0000,0.0000,522.0000
20,0.30,1,3,58.0,0,0,0.0,0.0000,58.0000,58.0000
20,0.30,1,3,58.0,1,1,58.0,58.0000,44.0000,160.0000
20,0.30,2,3,102.0,0,0,0.0,0.0000,102.0000,102.0000
20,0.30,2,3,102.0,1,1,58.0,58.0000,76.0000,192.0000
20,0.30,2,3,102.0,2,2,102.0,102.0000,51.0000,255.0000
20,0.30,3,3,131.0,0,0,0.0,0.0000,144.0000,144.0000
20,0.30,3,3,131.0,1,1,58.0,58.0000,105.0000,221.0000
20,0.30,3,3,131.0,2,2,102.0,102.0000,73.0000,277.0000
20,0.30,3,3,131.0,3,3,131.0,131.0000,64.0000,326.0000
20,0.30,4,3,155.0,0,0,0.0,0.0000,177.0000,177.0000
20,0.30,4,3,155.0,1,1,58.0,58.0000,127.0000,243.0000
20,0.30,4,3,155.0,2,2,102.0,102.0000,93.0000,297.0000
20,0.30,4,3,155.0,3,3,131.0,131.0000,80.0000,342.0000
20,0.30,4,3,155.0,4,4,153.0,153.0000,72.0000,378.0000
20,0.30,5,3,177.0,0,0,0.0,0.0000,209.0000,209.0000
20,0.30,5,3,177.0,1,1,58.0,58.0000,147.0000,263.0000
20,0.30,5,3,177.0,2,2,102.0,102.0000,112.0000,316.0000
20,0.30,5,3,177.0,3,3,131.0,131.0000,94.0000,356.0000
20,0.30,5,3,177.0,4,4,153.0,153.0000,86.0000,392.0000
20,0.30,5,3,177.0,5,5,175.0,197.0000,51.0000,423.0000
20,0.30,6,3,197.0,0,0,0.0,0.0000,238.0000,238.0000
20,0.30,6,3,197.0,1,1,58.0,58.0000,167.0000,283.0000
20,0.30,6,3,197.0,2,2,102.0,102.0000,130.0000,334.0000
20,0.30,6,3,197.0,3,3,131.0,131.0000,108.0000,370.0000
20,0.30,6,3,197.0,4,4,153.0,153.0000,95.0000,401.0000
20,0.30,6,3,197.0,5,5,175.0,197.0000,54.0000,426.0000
20,0.30,6,3,197.0,6,6,195.0,217.0000,32.0000,444.0000
20,0.30,7,3,213.0,0,0,0.0,0.0000,263.0000,263.0000
20,0.30,7,3,213.0,1,1,58.0,58.0000,187.0000,303.0000
20,0.30,7,3,213.0,2,2,102.0,102.0000,147.0000,351.0000
20,0.30,7,3,213.0,3,3,131.0,131.0000,119.0000,381.0000
20,0.30,7,3,213.0,4,4,153.0,153.0000,102.0000,408.0000
20,0.30,7,3,213.0,5,5,175.0,197.0000,55.0000,427.0000
20,0.30,7,3,213.0,6,6,195.0,217.0000,32.0000,444.0000
20,0.30,7,3,213.0,7,7,211.0,269.0000,12.0000,492.0000
20,0.30,8,3,225.0,0,0,0.0,0.0000,286.0000,286.0000
20,0.30,8,3,225.0,1,1,58.0,58.0000,206.0000,322.0000
20,0.30,8,3,225.0,2,2,102.0,102.0000,161.0000,365.0000
20,0.30,8,3,225.0,3,3,131.0,131.0000,128.0000,390.0000
20,0.30,8,3,225.0,4,4,153.0,153.0000,109.0000,415.0000
20,0.30,8,3,225.0,5,5,175.0,197.0000,55.0000,427.0000
20,0.30,8,3,225.0,6,6,195.0,217.0000,32.0000,444.0000
20,0.30,8,3,225.0,7,7,211.0,269.0000,12.0000,492.0000
20,0.30,8,3,225.0,8,8,218.0,276.0000,3.0000,497.0000
20,0.30,9,3,227.0,0,0,0.0,0.0000,308.0000,308.0000
20,0.30,9,3,227.0,1,1,58.0,58.0000,225.0000,341.0000
20,0.30,9,3,227.0,2,2,102.0,102.0000,175.0000,379.0000
20,0.30,9,3,227.0,3,3,131.0,131.0000,135.0000,397.0000
20,0.30,9,3,227.0,4,4,153.0,153.0000,115.0000,421.0000
20,0.30,9,3,227.0,5,5,175.0,197.0000,55.0000,427.0000
20,0.30,9,3,227.0,6,6,195.0,217.0000,32.0000,444.0000
20,0.30,9,3,227.0,7,7,211.0,269.0000,12.0000,492.0000
20,0.30,9,3,227.0,8,8,218.0,276.0000,3.0000,497.0000
20,0.30,9,3,227.0,9,9,221.0,305.0000,0.0000,526.0000
20,0.30,10,3,227.0,0,0,0.0,0.0000,330.0000,330.0000
20,0.30,10,3,227.0,1,1,58.0,58.0000,244.0000,360.0000
20,0.30,10,3,227.0,2,2,102.0,102.0000,186.0000,390.0000
20,0.30,10,3,227.0,3,3,131.0,131.0000,142.0000,404.0000
20,0.30,10,3,227.0,4,4,153.0,153.0000,119.0000,425.0000
20,0.30,10,3,227.0,5,5,175.0,197.0000,55.0000,427.0000
20,0.30,10,3,227.0,6,6,195.0,217.0000,32.0000,444.0000
20,0.30,10,3,227.0,7,7,211.0,269.0000,12.0000,492.0000
20,0.30,10,3,227.0,8,8,218.0,276.0000,3.0000,497.0000
20,0.30,10,3,227.0,9,9,221.0,305.0000,0.0000,526.0000
20,0.30,10,3,227.0,10,9,221.0,305.0000,0.0000,526.0000
20,0.30,11,3,227.0,0,0,0.0,0.0000,350.0000,350.0000
20,0.30,11,3,227.0,1,1,58.0,58.0000,262.0000,378.0000
20,0.30,11,3,227.0,2,2,102.0,102.0000,193.0000,397.0000
20,0.30,11,3,227.0,3,3,131.0,131.0000,148.0000,410.0000
20,0.30,11,3,227.0,4,4,153.0,153.0000,122.0000,428.0000
20,0.30,11,3,227.0,5,5,175.0,197.0000,55.0000,427.0000
20,0.30,11,3,227.0,6,6,195.0,217.0000,32.0000,444.0000
20,0.30,11,3,227.0,7,7,211.0,269.0000,12.0000,492.0000
20,0.30,11,3,227.0,8,8,218.0,276.0000,3.0000,497.0000
20,0.30,11,3,227.0,9,9,221.0,305.0000,0.0000,526.0000
20,0.30,11,3,227.0,10,9,221.0,305.0000,0.0000,526.0000
20,0.30,12,3,227.0,0,0,0.0,0.0000,370.0000,370.0000
20,0.30,12,3,227.0,1,1,58.0,58.0000,277.0000,393.0000
20,0.30,12,3,227.0,2,2,102.0,102.0000,200.0000,404.0000
20,0.30,12,3,227.0,3,3,131.0,131.0000,152.0000,414.0000
20,0.30,12,3,227.0,4,4,153.0,153.0000,122.0000,428.0000
20,0.30,12,3,227.0,5,5,175.0,197.0000,55.0000,427.0000
20,0.30,12,3,227.0,6,6,195.0,217.0000,32.0000,444.0000
20,0.30,12,3,227.0,7,7,211.0,269.0000,12.0000,492.0000
20,0.30,12,3,227.0,8,8,218.0,276.0000,3.0000,497.0000
20,0.30,12,3,227.0,9,9,221.0,305.0000,0.0000,526.0000
20,0.30,12,3,227.0,10,9,221.0,305.0000,0.0000,526.0000
20,0.30,13,3,227.0,0,0,0.0,0.0000,389.0000,389.0000
20,0.30,13,3,227.0,1,1,58.0,58.0000,291.0000,407.0000
20,0.30,13,3,227.0,2,2,102.0,102.0000,205.0000,409.0000
20,0.30,13,3,227.0,3,3,131.0,131.0000,155.0000,417.0000
20,0.30,13,3,227.0,4,4,153.0,153.0000,122.0000,428.0000
20,0.30,13,3,227.0,5,5,175.0,197.0000,55.0000,427.0000
20,0.30,13,3,227.0,6,6,195.0,217.0000,32.0000,444.0000
20,0.30,13,3,227.0,7,7,211.0,269.0000,12.0000,492.0000
20,0.30,13,3,227.0,8,8,218.0,276.0000,3.0000,497.0000
20,0.30,13,3,227.0,9,9,221.0,305.0000,0.0000,526.0000
20,0.30,13,3,227.0,10,9,221.0,305.0000,0.0000,526.0000
20,0.30,14,3,227.0,0,0,0.0,0.0000,408.0000,408.0000
20,0.30,14,3,227.0,1,1,58.0,58.0000,298.0000,414.0000
20,0.30,14,3,227.0,2,2,102.0,102.0000,209.0000,413.0000
20,0.30,14,3,227.0,3,3,131.0,131.0000,155.0000,417.0000
20,0.30,14,3,227.0,4,4,153.0,153.0000,122.0000,428.0000
20,0.30,14,3,227.0,5,5,175.0,197.0000,55.0000,427.0000
20,0.30,14,3,227.0,6,6,195.0,217.0000,32.0000,444.0000
20,0.30,14,3,227.0,7,7,211.0,269.0000,12.0000,492.0000
20,0.30,14,3,227.0,8,8,218.0,276.0000,3.0000,497.0000
20,0.30,14,3,227.0,9,9,221.0,305.0000,0.0000,526.0000
20,0.30,14,3,227.0,10,9,221.0,305.0000,0.0000,526.0000
20,0.30,15,3,227.0,0,0,0.0,0.0000,423.0000,423.0000
20,0.30,15,3,227.0,1,1,58.0,58.0000,305.0000,421.0000
20,0.30,15,3,227.0,2,2,102.0,102.0000,213.0000,417.0000
20,0.30,15,3,227.0,3,3,131.0,131.0000,155.0000,417.0000
20,0.30,15,3,227.0,4,4,153.0,153.0000,122.0000,428.0000
20,0.30,15,3,227.0,5,5,175.0,197.0000,55.0000,427.0000
20,0.30,15,3,227.0,6,6,195.0,217.0000,32.0000,444.0000
20,0.30,15,3,227.0,7,7,211.0,269.0000,12.0000,492.0000
20,0.30,15,3,227.0,8,8,218.0,276.0000,3.0000,497.0000
20,0.30,15,3,227.0,9,9,221.0,305.0000,0.0000,526.0000
20,0.30,15,3,227.0,10,9,221.0,305.0000,0.0000,526.0000
20,0.30,16,3,227.0,0,0,0.0,0.0000,437.0000,437.0000
20,0.30,16,3,227.0,1,1,58.0,58.0000,309.0000,425.0000
20,0.30,16,3,227.0,2,2,102.0,102.0000,214.0000,418.0000
20,0.30,16,3,227.0,3,3,131.0,131.0000,155.0000,417.0000
20,0.30,16,3,227.0,4,4,153.0,153.0000,122.0000,428.0000
20,0.30,16,3,227.0,5,5,175.0,197.0000,55.0000,427.0000
20,0.30,16,3,227.0,6,6,195.0,217.0000,32.0000,444.0000
20,0.30,16,3,227.0,7,7,211.0,269.0000,12.0000,492.0000
20,0.30,16,3,227.0,8,8,218.0,276.0000,3.0000,497.0000
20,0.30,16,3,227.0,9,9,221.0,305.0000,0.0000,526.0000
20,0.30,16,3,227.0,10,9,221.0,305.0000,0.0000,526.0000
20,0.30,17,3,227.0,0,0,0.0,0.0000,444.0000,444.0000
20,0.30,17,3,227.0,1,1,58.0,58.0000,310.0000,426.0000
20,0.30,17,3,227.0,2,2,102.0,102.0000,214.0000,418.0000
20,0.30,17,3,227.0,3,3,131.0,131.0000,155.0000,417.0000
20,0.30,17,3,227.0,4,4,153.0,153.0000,122.0000,428.0000
20,0.30,17,3,227.0,5,5,175.0,197.0000,55.0000,427.0000
20,0.30,17,3,227.0,6,6,195.0,217.0000,32.0000,444.0000
20,0.30,17,3,227.0,7,7,211.0,269.0000,12.0000,492.0000
20,0.30,17,3,227.0,8,8,218.0,276.0000,3.0000,497.0000
20,0.30,17,3,227.0,9,9,221.0,305.0000,0.0000,526.0000
20,0.30,17,3,227.0,10,9,221.0,305.0000,0.0000,526.0000
20,0.30,18,3,227.0,0,0,0.0,0.0000,444.0000,444.0000
20,0.30,18,3,227.0,1,1,58.0,58.0000,310.0000,426.0000
20,0.30,18,3,227.0,2,2,102.0,102.0000,214.0000,418.0000
20,0.30,18,3,227.0,3,3,131.0,131.0000,155.0000,417.0000
20,0.30,18,3,227.0,4,4,153.0,153.0000,122.0000,428.0000
20,0.30,18,3,227.0,5,5,175.0,197.0000,55.0000,427.0000
20,0.30,18,3,227.0,6,6,195.0,217.0000,32.0000,444.0000
20,0.30,18,3,227.0,7,7,211.0,269.0000,12.0000,492.0000
20,0.30,18,3,227.0,8,8,218.0,276.0000,3.0000,497.0000
20,0.30,18,3,227.0,9,9,221.0,305.0000,0.0000,526.0000
20,0.30,18,3,227.0,10,9,221.0,305.0000,0.0000,526.0000
20,0.30,19,3,227.0,0,0,0.0,0.0000,444.0000,444.0000
20,0.30,19,3,227.0,1,1,58.0,58.0000,310.0000,426.0000
20,0.30,19,3,227.0,2,2,102.0,102.0000,214.0000,418.0000
20,0.30,19,3,227.0,3,3,131.0,131.0000,155.0000,417.0000
20,0.30,19,3,227.0,4,4,153.0,153.0000,122.0000,428.0000
20,0.30,19,3,227.0,5,5,175.0,197.0000,55.0000,427.0000
20,0.30,19,3,227.0,6,6,195.0,217.0000,32.0000,444.0000
20,0.30,19,3,227.0,7,7,211.0,269.0000,12.0000,492.0000
20,0.30,19,3,227.0,8,8,218.0,276.0000,3.0000,497.0000
20,0.30,19,3,227.0,9,9,221.0,305.0000,0.0000,526.0000
20,0.30,19,3,227.0,10,9,221.0,305.0000,0.0000,526.0000
20,0.30,20,3,227.0,0,0,0.0,0.0000,444.0000,444.0000
20,0.30,20,3,227.0,1,1,58.0,58.0000,310.0000,426.0000
20,0.30,20,3,227.0,2,2,102.0,102.0000,214.0000,418.0000
20,0.30,20,3,227.0,3,3,131.0,131.0000,155.0000,417.0000
20,0.30,20,3,227.0,4,4,153.0,153.0000,122.0000,428.0000
20,0.30,20,3,227.0,5,5,175.0,197.0000,55.0000,427.0000
20,0.30,20,3,227.0,6,6,195.0,217.0000,32.0000,444.0000
20,0.30,20,3,227.0,7,7,211.0,269.0000,12.0000,492.0000
20,0.30,20,3,227.0,8,8,218.0,276.0000,3.0000,497.0000
20,0.30,20,3,227.0,9,9,221.0,305.0000,0.0000,526.0000
20,0.30,20,3,227.0,10,9,221.0,305.0000,0.0000,526.0000
20,0.30,1,4,46.0,0,0,0.0,0.0000,46.0000,46.0000
20,0.30,1,4,46.0,1,1,46.0,46.0000,29.0000,121.0000
20,0.30,2,4,75.0,0,0,0.0,0.0000,78.0000,78.0000
20,0.30,2,4,75.0,1,1,46.0,46.0000,57.0000,149.0000
20,0.30,2,4,75.0,2,2,75.0,75.0000,44.0000,194.0000
20,0.30,3,4,100.0,0,0,0.0,0.0000,107.0000,107.0000
20,0.30,3,4,100.0,1,1,46.0,46.0000,81.0000,173.0000
20,0.30,3,4,100.0,2,2,75.0,75.0000,64.0000,214.0000
20,0.30,3,4,100.0,3,3,99.0,103.0000,51.0000,253.0000
20,0.30,4,4,121.0,0,0,0.0,0.0000,135.0000,135.0000
20,0.30,4,4,121.0,1,1,46.0,46.0000,101.0000,193.0000
20,0.30,4,4,121.0,2,2,75.0,75.0000,83.0000,233.0000
20,0.30,4,4,121.0,3,3,99.0,103.0000,64.0000,266.0000
20,0.30,4,4,121.0,4,4,118.0,132.0000,51.0000,301.0000
20,0.30,5,4,141.0,0,0,0.0,0.0000,163.0000,163.0000
20,0.30,5,4,141.0,1,1,46.0,46.0000,121.0000,213.0000
20,0.30,5,4,141.0,2,2,75.0,75.0000,102.0000,252.0000
20,0.30,5,4,141.0,3,3,99.0,103.0000,76.0000,278.0000
20,0.30,5,4,141.0,4,4,118.0,132.0000,58.0000,308.0000
20,0.30,5,4,141.0,5,5,136.0,170.0000,38.0000,344.0000
20,0.30,6,4,160.0,0,0,0.0,0.0000,183.0000,183.0000
20,0.30,6,4,160.0,1,1,46.0,46.0000,140.0000,232.0000
20,0.30,6,4,160.0,2,2,75.0,75.0000,119.0000,269.0000
20,0.30,6,4,160.0,3,3,99.0,103.0000,87.0000,289.0000
20,0.30,6,4,160.0,4,4,118.0,132.0000,65.0000,315.0000
20,0.30,6,4,160.0,5,5,136.0,170.0000,41.0000,347.0000
20,0.30,6,4,160.0,6,6,148.0,198.0000,23.0000,369.0000
20,0.30,7,4,174.0,0,0,0.0,0.0000,203.0000,203.0000
20,0.30,7,4,174.0,1,1,46.0,46.0000,159.0000,251.0000
20,0.30,7,4,174.0,2,2,75.0,75.0000,132.0000,282.0000
20,0.30,7,4,174.0,3,3,99.0,103.0000,94.0000,296.0000
20,0.30,7,4,174.0,4,4,118.0,132.0000,72.0000,322.0000
20,0.30,7,4,174.0,5,5,136.0,170.0000,43.0000,349.0000
20,0.30,7,4,174.0,6,6,148.0,198.0000,23.0000,369.0000
20,0.30,7,4,174.0,7,7,155.0,219.0000,16.0000,390.0000
20,0.30,8,4,183.0,0,0,0.0,0.0000,222.0000,222.0000
20,0.30,8,4,183.0,1,1,46.0,46.0000,178.0000,270.0000
20,0.30,8,4,183.0,2,2,75.0,75.0000,145.0000,295.0000
20,0.30,8,4,183.0,3,3,99.0,103.0000,101.0000,303.0000
20,0.30,8,4,183.0,4,4,118.0,132.0000,78.0000,328.0000
20,0.30,8,4,183.0,5,5,136.0,170.0000,44.0000,350.0000
20,0.30,8,4,183.0,6,6,148.0,198.0000,23.0000,369.0000
20,0.30,8,4,183.0,7,7,155.0,219.0000,16.0000,390.0000
20,0.30,8,4,183.0,8,8,162.0,238.0000,8.0000,408.0000
20,0.30,9,4,189.0,0,0,0.0,0.0000,241.0000,241.0000
20,0.30,9,4,189.0,1,1,46.0,46.0000,195.0000,287.0000
20,0.30,9,4,189.0,2,2,75.0,75.0000,157.0000,307.0000
20,0.30,9,4,189.0,3,3,99.0,103.0000,108.0000,310.0000
20,0.30,9,4,189.0,4,4,118.0,132.0000,82.0000,332.0000
20,0.30,9,4,189.0,5,5,136.0,170.0000,45.0000,351.0000
20,0.30,9,4,189.0,6,6,148.0,198.0000,23.0000,369.0000
20,0.30,9,4,189.0,7,7,155.0,219.0000,16.0000,390.0000
20,0.30,9,4,189.0,8,8,162.0,238.0000,8.0000,408.0000
20,0.30,9,4,189.0,9,9,168.0,244.0000,0.0000,412.0000
20,0.30,10,4,194.0,0,0,0.0,0.0000,260.0000,260.0000
20,0.30,10,4,194.0,1,1,46.0,46.0000,209.0000,301.0000
20,0.30,10,4,194.0,2,2,75.0,75.0000,168.0000,318.0000
20,0.30,10,4,194.0,3,3,99.0,103.0000,114.0000,316.0000
20,0.30,10,4,194.0,4,4,118.0,132.0000,85.0000,335.0000
20,0.30,10,4,194.0,5,5,136.0,170.0000,45.0000,351.0000
20,0.30,10,4,194.0,6,6,148.0,198.0000,23.0000,369.0000
20,0.30,10,4,194.0,7,7,155.0,219.0000,16.0000,390.0000
20,0.30,10,4,194.0,8,8,162.0,238.0000,8.0000,408.0000
20,0.30,10,4,194.0,9,9,168.0,244.0000,0.0000,412.0000
20,0.30,10,4,194.0,10,9,168.0,244.0000,0.0000,412.0000
20,0.30,11,4,194.0,0,0,0.0,0.0000,279.0000,279.0000
20,0.30,11,4,194.0,1,1,46.0,46.0000,222.0000,314.0000
20,0.30,11,4,194.0,2,2,75.0,75.0000,175.0000,325.0000
20,0.30,11,4,194.0,3,3,99.0,103.0000,118.0000,320.0000
20,0.30,11,4,194.0,4,4,118.0,132.0000,87.0000,337.0000
20,0.30,11,4,194.0,5,5,136.0,170.0000,45.0000,351.0000
20,0.30,11,4,194.0,6,6,148.0,198.0000,23.0000,369.0000
20,0.30,11,4,194.0,7,7,155.0,219.0000,16.0000,390.0000
20,0.30,11,4,194.0,8,8,162.0,238.0000,8.0000,408.0000
20,0.30,11,4,194.0,9,9,168.0,244.0000,0.0000,412.0000
20,0.30,11,4,194.0,10,9,168.0,244.0000,0.0000,412.0000
20,0.30,12,4,194.0,0,0,0.0,0.0000,297.0000,297.0000
20,0.30,12,4,194.0,1,1,46.0,46.0000,233.0000,325.0000
20,0.30,12,4,194.0,2,2,75.0,75.0000,182.0000,332.0000
20,0.30,12,4,194.0,3,3,99.0,103.0000,122.0000,324.0000
20,0.30,12,4,194.0,4,4,118.0,132.0000,87.0000,337.0000
20,0.30,12,4,194.0,5,5,136.0,170.0000,45.0000,351.0000
20,0.30,12,4,194.0,6,6,148.0,198.0000,23.0000,369.0000
20,0.30,12,4,194.0,7,7,155.0,219.0000,16.0000,390.0000
20,0.30,12,4,194.0,8,8,162.0,238.0000,8.0000,408.0000
20,0.30,12,4,194.0,9,9,168.0,244.0000,0.0000,412.0000
20,0.30,12,4,194.0,10,9,168.0,244.0000,0.0000,412.0000
20,0.30,13,4,194.0,0,0,0.0,0.0000,314.0000,314.0000
20,0.30,13,4,194.0,1,1,46.0,46.0000,244.0000,336.0000
20,0.30,13,4,194.0,2,2,75.0,75.0000,189.0000,339.0000
20,0.30,13,4,194.0,3,3,99.0,103.0000,126.0000,328.0000
20,0.30,13,4,194.0,4,4,118.0,132.0000,87.0000,337.0000
20,0.30,13,4,194.0,5,5,136.0,170.0000,45.0000,351.0000
20,0.30,13,4,194.0,6,6,148.0,198.0000,23.0000,369.0000
20,0.30,13,4,194.0,7,7,155.0,219.0000,16.0000,390.0000
20,0.30,13,4,194.0,8,8,162.0,238.0000,8.0000,408.0000
20,0.30,13,4,194.0,9,9,168.0,244.0000,0.0000,412.0000
20,0.30,13,4,194.0,10,9,168.0,244.0000,0.0000,412.0000
20,0.30,14,4,194.0,0,0,0.0,0.0000,329.0000,329.0000
20,0.30,14,4,194.0,1,1,46.0,46.0000,250.0000,342.0000
20,0.30,14,4,194.0,2,2,75.0,75.0000,195.0000,345.0000
20,0.30,14,4,194.0,3,3,99.0,103.0000,128.0000,330.0000
20,0.30,14,4,194.0,4,4,118.0,132.0000,87.0000,337.0000
20,0.30,14,4,194.0,5,5,136.0,170.0000,45.0000,351.0000
20,0.30,14,4,194.0,6,6,148.0,198.0000,23.0000,369.0000
20,0.30,14,4,194.0,7,7,155.0,219.0000,16.0000,390.0000
20,0.30,14,4,194.0,8,8,162.0,238.0000,8.0000,408.0000
20,0.30,14,4,194.0,9,9,168.0,244.0000,0.0000,412.0000
20,0.30,14,4,194.0,10,9,168.0,244.0000,0.0000,412.0000
20,0.30,15,4,194.0,0,0,0.0,0.0000,340.0000,340.0000
20,0.30,15,4,194.0,1,1,46.0,46.0000,252.0000,344.0000
20,0.30,15,4,194.0,2,2,75.0,75.0000,197.0000,347.0000
20,0.30,15,4,194.0,3,3,99.0,103.0000,128.0000,330.0000
20,0.30,15,4,194.0,4,4,118.0,132.0000,87.0000,337.0000
20,0.30,15,4,194.0,5,5,136.0,170.0000,45.0000,351.0000
20,0.30,15,4,194.0,6,6,148.0,198.0000,23.0000,369.0000
20,0.30,15,4,194.0,7,7,155.0,219.0000,16.0000,390.0000
20,0.30,15,4,194.0,8,8,162.0,238.0000,8.0000,408.0000
20,0.30,15,4,194.0,9,9,168.0,244.0000,0.0000,412.0000
20,0.30,15,4,194.0,10,9,168.0,244.0000,0.0000,412.0000
20,0.30,16,4,194.0,0,0,0.0,0.0000,346.0000,346.0000
20,0.30,16,4,194.0,1,1,46.0,46.0000,254.0000,346.0000
20,0.30,16,4,194.0,2,2,75.0,75.0000,199.0000,349.0000
20,0.30,16,4,194.0,3,3,99.0,103.0000,128.0000,330.0000
20,0.30,16,4,194.0,4,4,118.0,132.0000,87.0000,337.0000
20,0.30,16,4,194.0,5,5,136.0,170.0000,45.0000,351.0000
20,0.30,16,4,194.0,6,6,148.0,198.0000,23.0000,369.0000
20,0.30,16,4,194.0,7,7,155.0,219.0000,16.0000,390.0000
20,0.30,16,4,194.0,8,8,162.0,238.0000,8.0000,408.0000
20,0.30,16,4,194.0,9,9,168.0,244.0000,0.0000,412.0000
20,0.30,16,4,194.0,10,9,168.0,244.0000,0.0000,412.0000
20,0.30,17,4,194.0,0,0,0.0,0.0000,346.0000,346.0000
20,0.30,17,4,194.0,1,1,46.0,46.0000,254.0000,346.0000
20,0.30,17,4,194.0,2,2,75.0,75.0000,201.0000,351.0000
20,0.30,17,4,194.0,3,3,99.0,103.0000,128.0000,330.0000
20,0.30,17,4,194.0,4,4,118.0,132.0000,87.0000,337.0000
20,0.30,17,4,194.0,5,5,136.0,170.0000,45.0000,351.0000
20,0.30,17,4,194.0,6,6,148.0,198.0000,23.0000,369.0000
20,0.30,17,4,194.0,7,7,155.0,219.0000,16.0000,390.0000
20,0.30,17,4,194.0,8,8,162.0,238.0000,8.0000,408.0000
20,0.30,17,4,194.0,9,9,168.0,244.0000,0.0000,412.0000
20,0.30,17,4,194.0,10,9,168.0,244.0000,0.0000,412.0000
20,0.30,18,4,194.0,0,0,0.0,0.0000,346.0000,346.0000
20,0.30,18,4,194.0,1,1,46.0,46.0000,254.0000,346.0000
20,0.30,18,4,194.0,2,2,75.0,75.0000,201.0000,351.0000
20,0.30,18,4,194.0,3,3,99.0,103.0000,128.0000,330.0000
20,0.30,18,4,194.0,4,4,118.0,132.0000,87.0000,337.0000
20,0.30,18,4,194.0,5,5,136.0,170.0000,45.0000,351.0000
20,0.30,18,4,194.0,6,6,148.0,198.0000,23.0000,369.0000
20,0.30,18,4,194.0,7,7,155.0,219.0000,16.0000,390.0000
20,0.30,18,4,194.0,8,8,162.0,238.0000,8.0000,408.0000
20,0.30,18,4,194.0,9,9,168.0,244.0000,0.0000,412.0000
20,0.30,18,4,194.0,10,9,168.0,244.0000,0.0000,412.0000
20,0.30,19,4,194.0,0,0,0.0,0.0000,346.0000,346.0000
20,0.30,19,4,194.0,1,1,46.0,46.0000,254.0000,346.0000
20,0.30,19,4,194.0,2,2,75.0,75.0000,201.0000,351.0000
20,0.30,19,4,194.0,3,3,99.0,103.0000,128.0000,330.0000
20,0.30,19,4,194.0,4,4,118.0,132.0000,87.0000,337.0000
20,0.30,19,4,194.0,5,5,136.0,170.0000,45.0000,351.0000
20,0.30,19,4,194.0,6,6,148.0,198.0000,23.0000,369.0000
20,0.30,19,4,194.0,7,7,155.0,219.0000,16.0000,390.0000
20,0.30,19,4,194.0,8,8,162.0,238.0000,8.0000,408.0000
20,0.30,19,4,194.0,9,9,168.0,244.0000,0.0000,412.0000
20,0.30,19,4,194.0,10,9,168.0,244.0000,0.0000,412.0000
20,0.30,20,4,194.0,0,0,0.0,0.0000,346.0000,346.0000
20,0.30,20,4,194.0,1,1,46.0,46.0000,254.0000,346.0000
20,0.30,20,4,194.0,2,2,75.0,75.0000,201.0000,351.0000
20,0.30,20,4,194.0,3,3,99.0,103.0000,128.0000,330.0000
20,0.30,20,4,194.0,4,4,118.0,132.0000,87.0000,337.0000
20,0.30,20,4,194.0,5,5,136.0,170.0000,45.0000,351.0000
20,0.30,20,4,194.0,6,6,148.0,198.0000,23.0000,369.0000
20,0.30,20,4,194.0,7,7,155.0,219.0000,16.0000,390.0000
20,0.30,20,4,194.0,8,8,162.0,238.0000,8.0000,408.0000
20,0.30,20,4,194.0,9,9,168.0,244.0000,0.0000,412.0000
20,0.30,20,4,194.0,10,9,168.0,244.0000,0.0000,412.0000
20,0.30,1,5,60.0,0,0,0.0,0.0000,60.0000,60.0000
20,0.30,1,5,60.0,1,1,60.0,60.0000,45.0000,165.0000
20,0.30,2,5,105.0,0,0,0.0,0.0000,109.0000,109.0000
20,0.30,2,5,105.0,1,1,60.0,60.0000,86.0000,206.0000
20,0.30,2,5,105.0,2,2,105.0,119.0000,71.0000,295.0000
20,0.30,3,5,142.0,0,0,0.0,0.0000,150.0000,150.0000
20,0.30,3,5,142.0,1,1,60.0,60.0000,123.0000,243.0000
20,0.30,3,5,142.0,2,2,105.0,119.0000,98.0000,322.0000
20,0.30,3,5,142.0,3,3,142.0,156.0000,83.0000,381.0000
20,0.30,4,5,176.0,0,0,0.0,0.0000,189.0000,189.0000
20,0.30,4,5,176.0,1,1,60.0,60.0000,153.0000,273.0000
20,0.30,4,5,176.0,2,2,105.0,119.0000,125.0000,349.0000
20,0.30,4,5,176.0,3,3,142.0,156.0000,102.0000,400.0000
20,0.30,4,5,176.0,4,4,176.0,190.0000,77.0000,443.0000
20,0.30,5,5,204.0,0,0,0.0,0.0000,226.0000,226.0000
20,0.30,5,5,204.0,1,1,60.0,60.0000,180.0000,300.0000
20,0.30,5,5,204.0,2,2,105.0,119.0000,150.0000,374.0000
20,0.30,5,5,204.0,3,3,142.0,156.0000,119.0000,417.0000
20,0.30,5,5,204.0,4,4,176.0,190.0000,88.0000,454.0000
20,0.30,5,5,204.0,5,5,203.0,235.0000,55.0000,493.0000
20,0.30,6,5,226.0,0,0,0.0,0.0000,259.0000,259.0000
20,0.30,6,5,226.0,1,1,60.0,60.0000,207.0000,327.0000
20,0.30,6,5,226.0,2,2,105.0,119.0000,170.0000,394.0000
20,0.30,6,5,226.0,3,3,142.0,156.0000,131.0000,429.0000
20,0.30,6,5,226.0,4,4,176.0,190.0000,97.0000,463.0000
20,0.30,6,5,226.0,5,5,203.0,235.0000,60.0000,498.0000
20,0.30,6,5,226.0,6,6,225.0,265.0000,41.0000,531.0000
20,0.30,7,5,242.0,0,0,0.0,0.0000,291.0000,291.0000
20,0.30,7,5,242.0,1,1,60.0,60.0000,232.0000,352.0000
20,0.30,7,5,242.0,2,2,105.0,119.0000,188.0000,412.0000
20,0.30,7,5,242.0,3,3,142.0,156.0000,142.0000,440.0000
20,0.30,7,5,242.0,4,4,176.0,190.0000,105.0000,471.0000
20,0.30,7,5,242.0,5,5,203.0,235.0000,63.0000,501.0000
20,0.30,7,5,242.0,6,6,225.0,265.0000,41.0000,531.0000
20,0.30,7,5,242.0,7,7,242.0,304.0000,21.0000,567.0000
20,0.30,8,5,248.0,0,0,0.0,0.0000,323.0000,323.0000
20,0.30,8,5,248.0,1,1,60.0,60.0000,257.0000,377.0000
20,0.30,8,5,248.0,2,2,105.0,119.0000,206.0000,430.0000
20,0.30,8,5,248.0,3,3,142.0,156.0000,152.0000,450.0000
20,0.30,8,5,248.0,4,4,176.0,190.0000,112.0000,478.0000
20,0.30,8,5,248.0,5,5,203.0,235.0000,63.0000,501.0000
20,0.30,8,5,248.0,6,6,225.0,265.0000,41.0000,531.0000
20,0.30,8,5,248.0,7,7,242.0,304.0000,21.0000,567.0000
20,0.30,8,5,248.0,8,8,248.0,328.0000,1.0000,577.0000
20,0.30,9,5,255.0,0,0,0.0,0.0000,353.0000,353.0000
20,0.30,9,5,255.0,1,1,60.0,60.0000,281.0000,401.0000
20,0.30,9,5,255.0,2,2,105.0,119.0000,221.0000,445.0000
20,0.30,9,5,255.0,3,3,142.0,156.0000,162.0000,460.0000
20,0.30,9,5,255.0,4,4,176.0,190.0000,118.0000,484.0000
20,0.30,9,5,255.0,5,5,203.0,235.0000,63.0000,501.0000
20,0.30,9,5,255.0,6,6,225.0,265.0000,41.0000,531.0000
20,0.30,9,5,255.0,7,7,242.0,304.0000,21.0000,567.0000
20,0.30,9,5,255.0,8,8,248.0,328.0000,1.0000,577.0000
20,0.30,9,5,255.0,9,9,249.0,355.0000,0.0000,604.0000
20,0.30,10,5,257.0,0,0,0.0,0.0000,383.0000,383.0000
20,0.30,10,5,257.0,1,1,60.0,60.0000,305.0000,425.0000
20,0.30,10,5,257.0,2,2,105.0,119.0000,235.0000,459.0000
20,0.30,10,5,257.0,3,3,142.0,156.0000,171.0000,469.0000
20,0.30,10,5,257.0,4,4,176.0,190.0000,123.0000,489.0000
20,0.30,10,5,257.0,5,5,203.0,235.0000,63.0000,501.0000
20,0.30,10,5,257.0,6,6,225.0,265.0000,41.0000,531.0000
20,0.30,10,5,257.0,7,7,242.0,304.0000,21.0000,567.0000
20,0.30,10,5,257.0,8,8,248.0,328.0000,1.0000,577.0000
20,0.30,10,5,257.0,9,9,249.0,355.0000,0.0000,604.0000
20,0.30,10,5,257.0,10,9,249.0,355.0000,0.0000,604.0000
20,0.30,11,5,257.0,0,0,0.0,0.0000,413.0000,413.0000
20,0.30,11,5,257.0,1,1,60.0,60.0000,327.0000,447.0000
20,0.30,11,5,257.0,2,2,105.0,119.0000,246.0000,470.0000
20,0.30,11,5,257.0,3,3,142.0,156.0000,179.0000,477.0000
20,0.30,11,5,257.0,4,4,176.0,190.0000,128.0000,494.0000
20,0.30,11,5,257.0,5,5,203.0,235.0000,63.0000,501.0000
20,0.30,11,5,257.0,6,6,225.0,265.0000,41.0000,531.0000
20,0.30,11,5,257.0,7,7,242.0,304.0000,21.0000,567.0000
20,0.30,11,5,257.0,8,8,248.0,328.0000,1.0000,577.0000
20,0.30,11,5,257.0,9,9,249.0,355.0000,0.0000,604.0000
20,0.30,11,5,257.0,10,9,249.0,355.0000,0.0000,604.0000
20,0.30,12,5,257.0,0,0,0.0,0.0000,440.0000,440.0000
20,0.30,12,5,257.0,1,1,60.0,60.0000,345.0000,465.0000
20,0.30,12,5,257.0,2,2,105.0,119.0000,256.0000,480.0000
20,0.30,12,5,257.0,3,3,142.0,156.0000,186.0000,484.0000
20,0.30,12,5,257.0,4,4,176.0,190.0000,133.0000,499.0000
20,0.30,12,5,257.0,5,5,203.0,235.0000,63.0000,501.0000
20,0.30,12,5,257.0,6,6,225.0,265.0000,41.0000,531.0000
20,0.30,12,5,257.0,7,7,242.0,304.0000,21.0000,567.0000
20,0.30,12,5,257.0,8,8,248.0,328.0000,1.0000,577.0000
20,0.30,12,5,257.0,9,9,249.0,355.0000,0.0000,604.0000
20,0.30,12,5,257.0,10,9,249.0,355.0000,0.0000,604.0000
20,0.30,13,5,257.0,0,0,0.0,0.0000,465.0000,465.0000
20,0.30,13,5,257.0,1,1,60.0,60.0000,359.0000,479.0000
20,0.30,13,5,257.0,2,2,105.0,119.0000,266.0000,490.0000
20,0.30,13,5,257.0,3,3,142.0,156.0000,192.0000,490.0000
20,0.30,13,5,257.0,4,4,176.0,190.0000,133.0000,499.0000
20,0.30,13,5,257.0,5,5,203.0,235.0000,63.0000,501.0000
20,0.30,13,5,257.0,6,6,225.0,265.0000,41.0000,531.0000
20,0.30,13,5,257.0,7,7,242.0,304.0000,21.0000,567.0000
20,0.30,13,5,257.0,8,8,248.0,328.0000,1.0000,577.0000
20,0.30,13,5,257.0,9,9,249.0,355.0000,0.0000,604.0000
20,0.30,13,5,257.0,10,9,249.0,355.0000,0.0000,604.0000
20,0.30,14,5,257.0,0,0,0.0,0.0000,489.0000,489.0000
20,0.30,14,5,257.0,1,1,60.0,60.0000,371.0000,491.0000
20,0.30,14,5,257.0,2,2,105.0,119.0000,273.0000,497.0000
20,0.30,14,5,257.0,3,3,142.0,156.0000,197.0000,495.0000
20,0.30,14,5,257.0,4,4,176.0,190.0000,133.0000,499.0000
20,0.30,14,5,257.0,5,5,203.0,235.0000,63.0000,501.0000
20,0.30,14,5,257.0,6,6,225.0,265.0000,41.0000,531.0000
20,0.30,14,5,257.0,7,7,242.0,304.0000,21.0000,567.0000
20,0.30,14,5,257.0,8,8,248.0,328.0000,1.0000,577.0000
20,0.30,14,5,257.0,9,9,249.0,355.0000,0.0000,604.0000
20,0.30,14,5,257.0,10,9,249.0,355.0000,0.0000,604.0000
20,0.30,15,5,257.0,0,0,0.0,0.0000,511.0000,511.0000
20,0.30,15,5,257.0,1,1,60.0,60.0000,381.0000,501.0000
20,0.30,15,5,257.0,2,2,105.0,119.0000,279.0000,503.0000
20,0.30,15,5,257.0,3,3,142.0,156.0000,197.0000,495.0000
20,0.30,15,5,257.0,4,4,176.0,190.0000,133.0000,499.0000
20,0.30,15,5,257.0,5,5,203.0,235.0000,63.0000,501.0000
20,0.30,15,5,257.0,6,6,225.0,265.0000,41.0000,531.0000
20,0.30,15,5,257.0,7,7,242.0,304.0000,21.0000,567.0000
20,0.30,15,5,257.0,8,8,248.0,328.0000,1.0000,577.0000
20,0.30,15,5,257.0,9,9,249.0,355.0000,0.0000,604.0000
20,0.30,15,5,257.0,10,9,249.0,355.0000,0.0000,604.0000
20,0.30,16,5,257.0,0,0,0.0,0.0000,525.0000,525.0000
20,0.30,16,5,257.0,1,1,60.0,60.0000,388.0000,508.0000
20,0.30,16,5,257.0,2,2,105.0,119.0000,281.0000,505.0000
20,0.30,16,5,257.0,3,3,142.0,156.0000,197.0000,495.0000
20,0.30,16,5,257.0,4,4,176.0,190.0000,133.0000,499.0000
20,0.30,16,5,257.0,5,5,203.0,235.0000,63.0000,501.0000
20,0.30,16,5,257.0,6,6,225.0,265.0000,41.0000,531.0000
20,0.30,16,5,257.0,7,7,242.0,304.0000,21.0000,567.0000
20,0.30,16,5,257.0,8,8,248.0,328.0000,1.0000,577.0000
20,0.30,16,5,257.0,9,9,249.0,355.0000,0.0000,604.0000
20,0.30,16,5,257.0,10,9,249.0,355.0000,0.0000,604.0000
20,0.30,17,5,257.0,0,0,0.0,0.0000,532.0000,532.0000
20,0.30,17,5,257.0,1,1,60.0,60.0000,388.0000,508.0000
20,0.30,17,5,257.0,2,2,105.0,119.0000,281.0000,505.0000
20,0.30,17,5,257.0,3,3,142.0,156.0000,197.0000,495.0000
20,0.30,17,5,257.0,4,4,176.0,190.0000,133.0000,499.0000
20,0.30,17,5,257.0,5,5,203.0,235.0000,63.0000,501.0000
20,0.30,17,5,257.0,6,6,225.0,265.0000,41.0000,531.0000
20,0.30,17,5,257.0,7,7,242.0,304.0000,21.0000,567.0000
20,0.30,17,5,257.0,8,8,248.0,328.0000,1.0000,577.0000
20,0.30,17,5,257.0,9,9,249.0,355.0000,0.0000,604.0000
20,0.30,17,5,257.0,10,9,249.0,355.0000,0.0000,604.0000
20,0.30,18,5,257.0,0,0,0.0,0.0000,532.0000,532.0000
20,0.30,18,5,257.0,1,1,60.0,60.0000,388.0000,508.0000
20,0.30,18,5,257.0,2,2,105.0,119.0000,281.0000,505.0000
20,0.30,18,5,257.0,3,3,142.0,156.0000,197.0000,495.0000
20,0.30,18,5,257.0,4,4,176.0,190.0000,133.0000,499.0000
20,0.30,18,5,257.0,5,5,203.0,235.0000,63.0000,501.0000
20,0.30,18,5,257.0,6,6,225.0,265.0000,41.0000,531.0000
20,0.30,18,5,257.0,7,7,242.0,304.0000,21.0000,567.0000
20,0.30,18,5,257.0,8,8,248.0,328.0000,1.0000,577.0000
20,0.30,18,5,257.0,9,9,249.0,355.0000,0.0000,604.0000
20,0.30,18,5,257.0,10,9,249.0,355.0000,0.0000,604.0000
20,0.30,19,5,257.0,0,0,0.0,0.0000,532.0000,532.0000
20,0.30,19,5,257.0,1,1,60.0,60.0000,388.0000,508.0000
20,0.30,19,5,257.0,2,2,105.0,119.0000,281.0000,505.0000
20,0.30,19,5,257.0,3,3,142.0,156.0000,197.0000,495.0000
20,0.30,19,5,257.0,4,4,176.0,190.0000,133.0000,499.0000
20,0.30,19,5,257.0,5,5,203.0,235.0000,63.0000,501.0000
20,0.30,19,5,257.0,6,6,225.0,265.0000,41.0000,531.0000
20,0.30,19,5,257.0,7,7,242.0,304.0000,21.0000,567.0000
20,0.30,19,5,257.0,8,8,248.0,328.0000,1.0000,577.0000
20,0.30,19,5,257.0,9,9,249.0,355.0000,0.0000,604.0000
20,0.30,19,5,257.0,10,9,249.0,355.0000,0.0000,604.0000
20,0.30,20,5,257.0,0,0,0.0,0.0000,532.0000,532.0000
20,0.30,20,5,257.0,1,1,60.0,60.0000,388.0000,508.0000
20,0.30,20,5,257.0,2,2,105.0,119.0000,281.0000,505.0000
20,0.30,20,5,257.0,3,3,142.0,156.0000,197.0000,495.0000
20,0.30,20,5,257.0,4,4,176.0,190.0000,133.0000,499.0000
20,0.30,20,5,257.0,5,5,203.0,235.0000,63.0000,501.0000
20,0.30,20,5,257.0,6,6,225.0,265.0000,41.0000,531.0000
20,0.30,20,5,257.0,7,7,242.0,304.0000,21.0000,567.0000
20,0.30,20,5,257.0,8,8,248.0,328.0000,1.0000,577.0000
20,0.30,20,5,257.0,9,9,249.0,355.0000,0.0000,604.0000
20,0.30,20,5,257.0,10,9,249.0,355.0000,0.0000,604.0000
20,0.30,1,6,47.0,0,0,0.0,0.0000,47.0000,47.0000
20,0.30,1,6,47.0,1,1,47.0,47.0000,39.0000,133.0000
20,0.30,2,6,87.0,0,0,0.0,0.0000,91.0000,91.0000
20,0.30,2,6,87.0,1,1,47.0,47.0000,77.0000,171.0000
20,0.30,2,6,87.0,2,2,86.0,92.0000,69.0000,247.0000
20,0.30,3,6,124.0,0,0,0.0,0.0000,132.0000,132.0000
20,0.30,3,6,124.0,1,1,47.0,47.0000,110.0000,204.0000
20,0.30,3,6,124.0,2,2,86.0,92.0000,98.0000,276.0000
20,0.30,3,6,124.0,3,3,124.0,130.0000,76.0000,330.0000
20,0.30,4,6,154.0,0,0,0.0,0.0000,170.0000,170.0000
20,0.30,4,6,154.0,1,1,47.0,47.0000,142.0000,236.0000
20,0.30,4,6,154.0,2,2,86.0,92.0000,125.0000,303.0000
20,0.30,4,6,154.0,3,3,124.0,130.0000,94.0000,348.0000
20,0.30,4,6,154.0,4,4,153.0,161.0000,74.0000,388.0000
20,0.30,5,6,186.0,0,0,0.0,0.0000,204.0000,204.0000
20,0.30,5,6,186.0,1,1,47.0,47.0000,173.0000,267.0000
20,0.30,5,6,186.0,2,2,86.0,92.0000,151.0000,329.0000
20,0.30,5,6,186.0,3,3,124.0,130.0000,110.0000,364.0000
20,0.30,5,6,186.0,4,4,153.0,161.0000,87.0000,401.0000
20,0.30,5,6,186.0,5,5,175.0,183.0000,78.0000,436.0000
20,0.30,6,6,212.0,0,0,0.0,0.0000,238.0000,238.0000
20,0.30,6,6,212.0,1,1,47.0,47.0000,204.0000,298.0000
20,0.30,6,6,212.0,2,2,86.0,92.0000,176.0000,354.0000
20,0.30,6,6,212.0,3,3,124.0,130.0000,126.0000,380.0000
20,0.30,6,6,212.0,4,4,153.0,161.0000,100.0000,414.0000
20,0.30,6,6,212.0,5,5,175.0,183.0000,87.0000,445.0000
20,0.30,6,6,212.0,6,6,195.0,225.0000,40.0000,460.0000
20,0.30,7,6,225.0,0,0,0.0,0.0000,271.0000,271.0000
20,0.30,7,6,225.0,1,1,47.0,47.0000,234.0000,328.0000
20,0.30,7,6,225.0,2,2,86.0,92.0000,198.0000,376.0000
20,0.30,7,6,225.0,3,3,124.0,130.0000,141.0000,395.0000
20,0.30,7,6,225.0,4,4,153.0,161.0000,110.0000,424.0000
20,0.30,7,6,225.0,5,5,175.0,183.0000,95.0000,453.0000
20,0.30,7,6,225.0,6,6,195.0,225.0000,41.0000,461.0000
20,0.30,7,6,225.0,7,7,213.0,261.0000,17.0000,491.0000
20,0.30,8,6,232.0,0,0,0.0,0.0000,304.0000,304.0000
20,0.30,8,6,232.0,1,1,47.0,47.0000,263.0000,357.0000
20,0.30,8,6,232.0,2,2,86.0,92.0000,216.0000,394.0000
20,0.30,8,6,232.0,3,3,124.0,130.0000,156.0000,410.0000
20,0.30,8,6,232.0,4,4,153.0,161.0000,119.0000,433.0000
20,0.30,8,6,232.0,5,5,175.0,183.0000,103.0000,461.0000
20,0.30,8,6,232.0,6,6,195.0,225.0000,41.0000,461.0000
20,0.30,8,6,232.0,7,7,213.0,261.0000,17.0000,491.0000
20,0.30,8,6,232.0,8,8,222.0,284.0000,3.0000,509.0000
20,0.30,9,6,242.0,0,0,0.0,0.0000,335.0000,335.0000
20,0.30,9,6,242.0,1,1,47.0,47.0000,286.0000,380.0000
20,0.30,9,6,242.0,2,2,86.0,92.0000,232.0000,410.0000
20,0.30,9,6,242.0,3,3,124.0,130.0000,170.0000,424.0000
20,0.30,9,6,242.0,4,4,153.0,161.0000,128.0000,442.0000
20,0.30,9,6,242.0,5,5,175.0,183.0000,107.0000,465.0000
20,0.30,9,6,242.0,6,6,195.0,225.0000,41.0000,461.0000
20,0.30,9,6,242.0,7,7,213.0,261.0000,17.0000,491.0000
20,0.30,9,6,242.0,8,8,222.0,284.0000,3.0000,509.0000
20,0.30,9,6,242.0,9,9,225.0,315.0000,0.0000,540.0000
20,0.30,10,6,245.0,0,0,0.0,0.0000,366.0000,366.0000
20,0.30,10,6,245.0,1,1,47.0,47.0000,308.0000,402.0000
20,0.30,10,6,245.0,2,2,86.0,92.0000,247.0000,425.0000
20,0.30,10,6,245.0,3,3,124.0,130.0000,183.0000,437.0000
20,0.30,10,6,245.0,4,4,153.0,161.0000,136.0000,450.0000
20,0.30,10,6,245.0,5,5,175.0,183.0000,108.0000,466.0000
20,0.30,10,6,245.0,6,6,195.0,225.0000,41.0000,461.0000
20,0.30,10,6,245.0,7,7,213.0,261.0000,17.0000,491.0000
20,0.30,10,6,245.0,8,8,222.0,284.0000,3.0000,509.0000
20,0.30,10,6,245.0,9,9,225.0,315.0000,0.0000,540.0000
20,0.30,10,6,245.0,10,9,225.0,315.0000,0.0000,540.0000
20,0.30,11,6,245.0,0,0,0.0,0.0000,397.0000,397.0000
20,0.30,11,6,245.0,1,1,47.0,47.0000,330.0000,424.0000
20,0.30,11,6,245.0,2,2,86.0,92.0000,262.0000,440.0000
20,0.30,11,6,245.0,3,3,124.0,130.0000,196.0000,450.0000
20,0.30,11,6,245.0,4,4,153.0,161.0000,143.0000,457.0000
20,0.30,11,6,245.0,5,5,175.0,183.0000,109.0000,467.0000
20,0.30,11,6,245.0,6,6,195.0,225.0000,41.0000,461.0000
20,0.30,11,6,245.0,7,7,213.0,261.0000,17.0000,491.0000
20,0.30,11,6,245.0,8,8,222.0,284.0000,3.0000,509.0000
20,0.30,11,6,245.0,9,9,225.0,315.0000,0.0000,540.0000
20,0.30,11,6,245.0,10,9,225.0,315.0000,0.0000,540.0000
20,0.30,12,6,245.0,0,0,0.0,0.0000,421.0000,421.0000
20,0.30,12,6,245.0,1,1,47.0,47.0000,351.0000,445.0000
20,0.30,12,6,245.0,2,2,86.0,92.0000,275.0000,453.0000
20,0.30,12,6,245.0,3,3,124.0,130.0000,206.0000,460.0000
20,0.30,12,6,245.0,4,4,153.0,161.0000,149.0000,463.0000
20,0.30,12,6,245.0,5,5,175.0,183.0000,109.0000,467.0000
20,0.30,12,6,245.0,6,6,195.0,225.0000,41.0000,461.0000
20,0.30,12,6,245.0,7,7,213.0,261.0000,17.0000,491.0000
20,0.30,12,6,245.0,8,8,222.0,284.0000,3.0000,509.0000
20,0.30,12,6,245.0,9,9,225.0,315.0000,0.0000,540.0000
20,0.30,12,6,245.0,10,9,225.0,315.0000,0.0000,540.0000
20,0.30,13,6,245.0,0,0,0.0,0.0000,444.0000,444.0000
20,0.30,13,6,245.0,1,1,47.0,47.0000,369.0000,463.0000
20,0.30,13,6,245.0,2,2,86.0,92.0000,285.0000,463.0000
20,0.30,13,6,245.0,3,3,124.0,130.0000,215.0000,469.0000
20,0.30,13,6,245.0,4,4,153.0,161.0000,153.0000,467.0000
20,0.30,13,6,245.0,5,5,175.0,183.0000,109.0000,467.0000
20,0.30,13,6,245.0,6,6,195.0,225.0000,41.0000,461.0000
20,0.30,13,6,245.0,7,7,213.0,261.0000,17.0000,491.0000
20,0.30,13,6,245.0,8,8,222.0,284.0000,3.0000,509.0000
20,0.30,13,6,245.0,9,9,225.0,315.0000,0.0000,540.0000
20,0.30,13,6,245.0,10,9,225.0,315.0000,0.0000,540.0000
20,0.30,14,6,245.0,0,0,0.0,0.0000,466.0000,466.0000
20,0.30,14,6,245.0,1,1,47.0,47.0000,384.0000,478.0000
20,0.30,14,6,245.0,2,2,86.0,92.0000,293.0000,471.0000
20,0.30,14,6,245.0,3,3,124.0,130.0000,223.0000,477.0000
20,0.30,14,6,245.0,4,4,153.0,161.0000,153.0000,467.0000
20,0.30,14,6,245.0,5,5,175.0,183.0000,109.0000,467.0000
20,0.30,14,6,245.0,6,6,195.0,225.0000,41.0000,461.0000
20,0.30,14,6,245.0,7,7,213.0,261.0000,17.0000,491.0000
20,0.30,14,6,245.0,8,8,222.0,284.0000,3.0000,509.0000
20,0.30,14,6,245.0,9,9,225.0,315.0000,0.0000,540.0000
20,0.30,14,6,245.0,10,9,225.0,315.0000,0.0000,540.0000
20,0.30,15,6,245.0,0,0,0.0,0.0000,482.0000,482.0000
20,0.30,15,6,245.0,1,1,47.0,47.0000,394.0000,488.0000
20,0.30,15,6,245.0,2,2,86.0,92.0000,299.0000,477.0000
20,0.30,15,6,245.0,3,3,124.0,130.0000,229.0000,483.0000
20,0.30,15,6,245.0,4,4,153.0,161.0000,153.0000,467.0000
20,0.30,15,6,245.0,5,5,175.0,183.0000,109.0000,467.0000
20,0.30,15,6,245.0,6,6,195.0,225.0000,41.0000,461.0000
20,0.30,15,6,245.0,7,7,213.0,261.0000,17.0000,491.0000
20,0.30,15,6,245.0,8,8,222.0,284.0000,3.0000,509.0000
20,0.30,15,6,245.0,9,9,225.0,315.0000,0.0000,540.0000
20,0.30,15,6,245.0,10,9,225.0,315.0000,0.0000,540.0000
20,0.30,16,6,245.0,0,0,0.0,0.0000,497.0000,497.0000
20,0.30,16,6,245.0,1,1,47.0,47.0000,402.0000,496.0000
20,0.30,16,6,245.0,2,2,86.0,92.0000,303.0000,481.0000
20,0.30,16,6,245.0,3,3,124.0,130.0000,232.0000,486.0000
20,0.30,16,6,245.0,4,4,153.0,161.0000,153.0000,467.0000
20,0.30,16,6,245.0,5,5,175.0,183.0000,109.0000,467.0000
20,0.30,16,6,245.0,6,6,195.0,225.0000,41.0000,461.0000
20,0.30,16,6,245.0,7,7,213.0,261.0000,17.0000,491.0000
20,0.30,16,6,245.0,8,8,222.0,284.0000,3.0000,509.0000
20,0.30,16,6,245.0,9,9,225.0,315.0000,0.0000,540.0000
20,0.30,16,6,245.0,10,9,225.0,315.0000,0.0000,540.0000
20,0.30,17,6,245.0,0,0,0.0,0.0000,499.0000,499.0000
20,0.30,17,6,245.0,1,1,47.0,47.0000,402.0000,496.0000
20,0.30,17,6,245.0,2,2,86.0,92.0000,303.0000,481.0000
20,0.30,17,6,245.0,3,3,124.0,130.0000,232.0000,486.0000
20,0.30,17,6,245.0,4,4,153.0,161.0000,153.0000,467.0000
20,0.30,17,6,245.0,5,5,175.0,183.0000,109.0000,467.0000
20,0.30,17,6,245.0,6,6,195.0,225.0000,41.0000,461.0000
20,0.30,17,6,245.0,7,7,213.0,261.0000,17.0000,491.0000
20,0.30,17,6,245.0,8,8,222.0,284.0000,3.0000,509.0000
20,0.30,17,6,245.0,9,9,225.0,315.0000,0.0000,540.0000
20,0.30,17,6,245.0,10,9,225.0,315.0000,0.0000,540.0000
20,0.30,18,6,245.0,0,0,0.0,0.0000,499.0000,499.0000
20,0.30,18,6,245.0,1,1,47.0,47.0000,402.0000,496.0000
20,0.30,18,6,245.0,2,2,86.0,92.0000,303.0000,481.0000
20,0.30,18,6,245.0,3,3,124.0,130.0000,232.0000,486.0000
20,0.30,18,6,245.0,4,4,153.0,161.0000,153.0000,467.0000
20,0.30,18,6,245.0,5,5,175.0,183.0000,109.0000,467.0000
20,0.30,18,6,245.0,6,6,195.0,225.0000,41.0000,461.0000
20,0.30,18,6,245.0,7,7,213.0,261.0000,17.0000,491.0000
20,0.30,18,6,245.0,8,8,222.0,284.0000,3.0000,509.0000
20,0.30,18,6,245.0,9,9,225.0,315.0000,0.0000,540.0000
20,0.30,18,6,245.0,10,9,225.0,315.0000,0.0000,540.0000
20,0.30,19,6,245.0,0,0,0.0,0.0000,499.0000,499.0000
20,0.30,19,6,245.0,1,1,47.0,47.0000,402.0000,496.0000
20,0.30,19,6,245.0,2,2,86.0,92.0000,303.0000,481.0000
20,0.30,19,6,245.0,3,3,124.0,130.0000,232.0000,486.0000
20,0.30,19,6,245.0,4,4,153.0,161.0000,153.0000,467.0000
20,0.30,19,6,245.0,5,5,175.0,183.0000,109.0000,467.0000
20,0.30,19,6,245.0,6,6,195.0,225.0000,41.0000,461.0000
20,0.30,19,6,245.0,7,7,213.0,261.0000,17.0000,491.0000
20,0.30,19,6,245.0,8,8,222.0,284.0000,3.0000,509.0000
20,0.30,19,6,245.0,9,9,225.0,315.0000,0.0000,540.0000
20,0.30,19,6,245.0,10,9,225.0,315.0000,0.0000,540.0000
20,0.30,20,6,245.0,0,0,0.0,0.0000,499.0000,499.0000
20,0.30,20,6,245.0,1,1,47.0,47.0000,402.0000,496.0000
20,0.30,20,6,245.0,2,2,86.0,92.0000,303.0000,481.0000
20,0.30,20,6,245.0,3,3,124.0,130.0000,232.0000,486.0000
20,0.30,20,6,245.0,4,4,153.0,161.0000,153.0000,467.0000
20,0.30,20,6,245.0,5,5,175.0,183.0000,109.0000,467.0000
20,0.30,20,6,245.0,6,6,195.0,225.0000,41.0000,461.0000
20,0.30,20,6,245.0,7,7,213.0,261.0000,17.0000,491.0000
20,0.30,20,6,245.0,8,8,222.0,284.0000,3.0000,509.0000
20,0.30,20,6,245.0,9,9,225.0,315.0000,0.0000,540.0000
20,0.30,20,6,245.0,10,9,225.0,315.0000,0.0000,540.0000
20,0.30,1,7,52.0,0,0,0.0,0.0000,52.0000,52.0000
20,0.30,1,7,52.0,1,1,52.0,52.0000,42.0000,146.0000
20,0.30,2,7,95.0,0,0,0.0,0.0000,99.0000,99.0000
20,0.30,2,7,95.0,1,1,52.0,52.0000,83.0000,187.0000
20,0.30,2,7,95.0,2,2,94.0,94.0000,76.0000,264.0000
20,0.30,3,7,135.0,0,0,0.0,0.0000,141.0000,141.0000
20,0.30,3,7,135.0,1,1,52.0,52.0000,118.0000,222.0000
20,0.30,3,7,135.0,2,2,94.0,94.0000,107.0000,295.0000
20,0.30,3,7,135.0,3,3,135.0,135.0000,78.0000,348.0000
20,0.30,4,7,170.0,0,0,0.0,0.0000,182.0000,182.0000
20,0.30,4,7,170.0,1,1,52.0,52.0000,149.0000,253.0000
20,0.30,4,7,170.0,2,2,94.0,94.0000,127.0000,315.0000
20,0.30,4,7,170.0,3,3,135.0,135.0000,95.0000,365.0000
20,0.30,4,7,170.0,4,4,170.0,182.0000,73.0000,425.0000
20,0.30,5,7,193.0,0,0,0.0,0.0000,217.0000,217.0000
20,0.30,5,7,193.0,1,1,52.0,52.0000,178.0000,282.0000
20,0.30,5,7,193.0,2,2,94.0,94.0000,147.0000,335.0000
20,0.30,5,7,193.0,3,3,135.0,135.0000,110.0000,380.0000
20,0.30,5,7,193.0,4,4,170.0,182.0000,80.0000,432.0000
20,0.30,5,7,193.0,5,5,193.0,209.0000,56.0000,458.0000
20,0.30,6,7,213.0,0,0,0.0,0.0000,248.0000,248.0000
20,0.30,6,7,213.0,1,1,52.0,52.0000,205.0000,309.0000
20,0.30,6,7,213.0,2,2,94.0,94.0000,167.0000,355.0000
20,0.30,6,7,213.0,3,3,135.0,135.0000,123.0000,393.0000
20,0.30,6,7,213.0,4,4,170.0,182.0000,86.0000,438.0000
20,0.30,6,7,213.0,5,5,193.0,209.0000,62.0000,464.0000
20,0.30,6,7,213.0,6,6,213.0,229.0000,44.0000,486.0000
20,0.30,7,7,226.0,0,0,0.0,0.0000,279.0000,279.0000
20,0.30,7,7,226.0,1,1,52.0,52.0000,232.0000,336.0000
20,0.30,7,7,226.0,2,2,94.0,94.0000,184.0000,372.0000
20,0.30,7,7,226.0,3,3,135.0,135.0000,132.0000,402.0000
20,0.30,7,7,226.0,4,4,170.0,182.0000,91.0000,443.0000
20,0.30,7,7,226.0,5,5,193.0,209.0000,67.0000,469.0000
20,0.30,7,7,226.0,6,6,213.0,229.0000,45.0000,487.0000
20,0.30,7,7,226.0,7,7,226.0,270.0000,16.0000,512.0000
20,0.30,8,7,235.0,0,0,0.0,0.0000,308.0000,308.0000
20,0.30,8,7,235.0,1,1,52.0,52.0000,256.0000,360.0000
20,0.30,8,7,235.0,2,2,94.0,94.0000,200.0000,388.0000
20,0.30,8,7,235.0,3,3,135.0,135.0000,139.0000,409.0000
20,0.30,8,7,235.0,4,4,170.0,182.0000,96.0000,448.0000
20,0.30,8,7,235.0,5,5,193.0,209.0000,71.0000,473.0000
20,0.30,8,7,235.0,6,6,213.0,229.0000,45.0000,487.0000
20,0.30,8,7,235.0,7,7,226.0,270.0000,16.0000,512.0000
20,0.30,8,7,235.0,8,8,235.0,303.0000,6.0000,544.0000
20,0.30,9,7,241.0,0,0,0.0,0.0000,335.0000,335.0000
20,0.30,9,7,241.0,1,1,52.0,52.0000,278.0000,382.0000
20,0.30,9,7,241.0,2,2,94.0,94.0000,215.0000,403.0000
20,0.30,9,7,241.0,3,3,135.0,135.0000,145.0000,415.0000
20,0.30,9,7,241.0,4,4,170.0,182.0000,100.0000,452.0000
20,0.30,9,7,241.0,5,5,193.0,209.0000,72.0000,474.0000
20,0.30,9,7,241.0,6,6,213.0,229.0000,45.0000,487.0000
20,0.30,9,7,241.0,7,7,226.0,270.0000,16.0000,512.0000
20,0.30,9,7,241.0,8,8,235.0,303.0000,6.0000,544.0000
20,0.30,9,7,241.0,9,9,239.0,319.0000,2.0000,560.0000
20,0.30,10,7,241.0,0,0,0.0,0.0000,362.0000,362.0000
20,0.30,10,7,241.0,1,1,52.0,52.0000,298.0000,402.0000
20,0.30,10,7,241.0,2,2,94.0,94.0000,228.0000,416.0000
20,0.30,10,7,241.0,3,3,135.0,135.0000,151.0000,421.0000
20,0.30,10,7,241.0,4,4,170.0,182.0000,104.0000,456.0000
20,0.30,10,7,241.0,5,5,193.0,209.0000,72.0000,474.0000
20,0.30,10,7,241.0,6,6,213.0,229.0000,45.0000,487.0000
20,0.30,10,7,241.0,7,7,226.0,270.0000,16.0000,512.0000
20,0.30,10,7,241.0,8,8,235.0,303.0000,6.0000,544.0000
20,0.30,10,7,241.0,9,9,239.0,319.0000,2.0000,560.0000
20,0.30,10,7,241.0,10,10,240.0,324.0000,1.0000,565.0000
20,0.30,11,7,241.0,0,0,0.0,0.0000,387.0000,387.0000
20,0.30,11,7,241.0,1,1,52.0,52.0000,314.0000,418.0000
20,0.30,11,7,241.0,2,2,94.0,94.0000,241.0000,429.0000
20,0.30,11,7,241.0,3,3,135.0,135.0000,157.0000,427.0000
20,0.30,11,7,241.0,4,4,170.0,182.0000,108.0000,460.0000
20,0.30,11,7,241.0,5,5,193.0,209.0000,72.0000,474.0000
20,0.30,11,7,241.0,6,6,213.0,229.0000,45.0000,487.0000
20,0.30,11,7,241.0,7,7,226.0,270.0000,16.0000,512.0000
20,0.30,11,7,241.0,8,8,235.0,303.0000,6.0000,544.0000
20,0.30,11,7,241.0,9,9,239.0,319.0000,2.0000,560.0000
20,0.30,11,7,241.0,10,10,240.0,324.0000,1.0000,565.0000
20,0.30,11,7,241.0,11,11,241.0,351.0000,0.0000,592.0000
20,0.30,12,7,241.0,0,0,0.0,0.0000,411.0000,411.0000
20,0.30,12,7,241.0,1,1,52.0,52.0000,330.0000,434.0000
20,0.30,12,7,241.0,2,2,94.0,94.0000,252.0000,440.0000
20,0.30,12,7,241.0,3,3,135.0,135.0000,162.0000,432.0000
20,0.30,12,7,241.0,4,4,170.0,182.0000,108.0000,460.0000
20,0.30,12,7,241.0,5,5,193.0,209.0000,72.0000,474.0000
20,0.30,12,7,241.0,6,6,213.0,229.0000,45.0000,487.0000
20,0.30,12,7,241.0,7,7,226.0,270.0000,16.0000,512.0000
20,0.30,12,7,241.0,8,8,235.0,303.0000,6.0000,544.0000
20,0.30,12,7,241.0,9,9,239.0,319.0000,2.0000,560.0000
20,0.30,12,7,241.0,10,10,240.0,324.0000,1.0000,565.0000
20,0.30,12,7,241.0,11,11,241.0,351.0000,0.0000,592.0000
20,0.30,12,7,241.0,12,11,241.0,351.0000,0.0000,592.0000
20,0.30,13,7,241.0,0,0,0.0,0.0000,433.0000,433.0000
20,0.30,13,7,241.0,1,1,52.0,52.0000,345.0000,449.0000
20,0.30,13,7,241.0,2,2,94.0,94.0000,257.0000,445.0000
20,0.30,13,7,241.0,3,3,135.0,135.0000,167.0000,437.0000
20,0.30,13,7,241.0,4,4,170.0,182.0000,108.0000,460.0000
20,0.30,13,7,241.0,5,5,193.0,209.0000,72.0000,474.0000
20,0.30,13,7,241.0,6,6,213.0,229.0000,45.0000,487.0000
20,0.30,13,7,241.0,7,7,226.0,270.0000,16.0000,512.0000
20,0.30,13,7,241.0,8,8,235.0,303.0000,6.0000,544.0000
20,0.30,13,7,241.0,9,9,239.0,319.0000,2.0000,560.0000
20,0.30,13,7,241.0,10,10,240.0,324.0000,1.0000,565.0000
20,0.30,13,7,241.0,11,11,241.0,351.0000,0.0000,592.0000
20,0.30,13,7,241.0,12,11,241.0,351.0000,0.0000,592.0000
20,0.30,14,7,241.0,0,0,0.0,0.0000,453.0000,453.0000
20,0.30,14,7,241.0,1,1,52.0,52.0000,358.0000,462.0000
20,0.30,14,7,241.0,2,2,94.0,94.0000,262.0000,450.0000
20,0.30,14,7,241.0,3,3,135.0,135.0000,167.0000,437.0000
20,0.30,14,7,241.0,4,4,170.0,182.0000,108.0000,460.0000
20,0.30,14,7,241.0,5,5,193.0,209.0000,72.0000,474.0000
20,0.30,14,7,241.0,6,6,213.0,229.0000,45.0000,487.0000
20,0.30,14,7,241.0,7,7,226.0,270.0000,16.0000,512.0000
20,0.30,14,7,241.0,8,8,235.0,303.0000,6.0000,544.0000
20,0.30,14,7,241.0,9,9,239.0,319.0000,2.0000,560.0000
20,0.30,14,7,241.0,10,10,240.0,324.0000,1.0000,565.0000
20,0.30,14,7,241.0,11,11,241.0,351.0000,0.0000,592.0000
20,0.30,14,7,241.0,12,11,241.0,351.0000,0.0000,592.0000
20,0.30,15,7,241.0,0,0,0.0,0.0000,469.0000,469.0000
20,0.30,15,7,241.0,1,1,52.0,52.0000,369.0000,473.0000
20,0.30,15,7,241.0,2,2,94.0,94.0000,264.0000,452.0000
20,0.30,15,7,241.0,3,3,135.0,135.0000,167.0000,437.0000
20,0.30,15,7,241.0,4,4,170.0,182.0000,108.0000,460.0000
20,0.30,15,7,241.0,5,5,193.0,209.0000,72.0000,474.0000
20,0.30,15,7,241.0,6,6,213.0,229.0000,45.0000,487.0000
20,0.30,15,7,241.0,7,7,226.0,270.0000,16.0000,512.0000
20,0.30,15,7,241.0,8,8,235.0,303.0000,6.0000,544.0000
20,0.30,15,7,241.0,9,9,239.0,319.0000,2.0000,560.0000
20,0.30,15,7,241.0,10,10,240.0,324.0000,1.0000,565.0000
20,0.30,15,7,241.0,11,11,241.0,351.0000,0.0000,592.0000
20,0.30,15,7,241.0,12,11,241.0,351.0000,0.0000,592.0000
20,0.30,16,7,241.0,0,0,0.0,0.0000,485.0000,485.0000
20,0.30,16,7,241.0,1,1,52.0,52.0000,380.0000,484.0000
20,0.30,16,7,241.0,2,2,94.0,94.0000,264.0000,452.0000
20,0.30,16,7,241.0,3,3,135.0,135.0000,167.0000,437.0000
20,0.30,16,7,241.0,4,4,170.0,182.0000,108.0000,460.0000
20,0.30,16,7,241.0,5,5,193.0,209.0000,72.0000,474.0000
20,0.30,16,7,241.0,6,6,213.0,229.0000,45.0000,487.0000
20,0.30,16,7,241.0,7,7,226.0,270.0000,16.0000,512.0000
20,0.30,16,7,241.0,8,8,235.0,303.0000,6.0000,544.0000
20,0.30,16,7,241.0,9,9,239.0,319.0000,2.0000,560.0000
20,0.30,16,7,241.0,10,10,240.0,324.0000,1.0000,565.0000
20,0.30,16,7,241.0,11,11,241.0,351.0000,0.0000,592.0000
20,0.30,16,7,241.0,12,11,241.0,351.0000,0.0000,592.0000
20,0.30,17,7,241.0,0,0,0.0,0.0000,490.0000,490.0000
20,0.30,17,7,241.0,1,1,52.0,52.0000,385.0000,489.0000
20,0.30,17,7,241.0,2,2,94.0,94.0000,264.0000,452.0000
20,0.30,17,7,241.0,3,3,135.0,135.0000,167.0000,437.0000
20,0.30,17,7,241.0,4,4,170.0,182.0000,108.0000,460.0000
20,0.30,17,7,241.0,5,5,193.0,209.0000,72.0000,474.0000
20,0.30,17,7,241.0,6,6,213.0,229.0000,45.0000,487.0000
20,0.30,17,7,241.0,7,7,226.0,270.0000,16.0000,512.0000
20,0.30,17,7,241.0,8,8,235.0,303.0000,6.0000,544.0000
20,0.30,17,7,241.0,9,9,239.0,319.0000,2.0000,560.0000
20,0.30,17,7,241.0,10,10,240.0,324.0000,1.0000,565.0000
20,0.30,17,7,241.0,11,11,241.0,351.0000,0.0000,592.0000
20,0.30,17,7,241.0,12,11,241.0,351.0000,0.0000,592.0000
20,0.30,18,7,241.0,0,0,0.0,0.0000,490.0000,490.0000
20,0.30,18,7,241.0,1,1,52.0,52.0000,385.0000,489.0000
20,0.30,18,7,241.0,2,2,94.0,94.0000,264.0000,452.0000
20,0.30,18,7,241.0,3,3,135.0,135.0000,167.0000,437.0000
20,0.30,18,7,241.0,4,4,170.0,182.0000,108.0000,460.0000
20,0.30,18,7,241.0,5,5,193.0,209.0000,72.0000,474.0000
20,0.30,18,7,241.0,6,6,213.0,229.0000,45.0000,487.0000
20,0.30,18,7,241.0,7,7,226.0,270.0000,16.0000,512.0000
20,0.30,18,7,241.0,8,8,235.0,303.0000,6.0000,544.0000
20,0.30,18,7,241.0,9,9,239.0,319.0000,2.0000,560.0000
20,0.30,18,7,241.0,10,10,240.0,324.0000,1.0000,565.0000
20,0.30,18,7,241.0,11,11,241.0,351.0000,0.0000,592.0000
20,0.30,18,7,241.0,12,11,241.0,351.0000,0.0000,592.0000
20,0.30,19,7,241.0,0,0,0.0,0.0000,490.0000,490.0000
20,0.30,19,7,241.0,1,1,52.0,52.0000,385.0000,489.0000
20,0.30,19,7,241.0,2,2,94.0,94.0000,264.0000,452.0000
20,0.30,19,7,241.0,3,3,135.0,135.0000,167.0000,437.0000
20,0.30,19,7,241.0,4,4,170.0,182.0000,108.0000,460.0000
20,0.30,19,7,241.0,5,5,193.0,209.0000,72.0000,474.0000
20,0.30,19,7,241.0,6,6,213.0,229.0000,45.0000,487.0000
20,0.30,19,7,241.0,7,7,226.0,270.0000,16.0000,512.0000
20,0.30,19,7,241.0,8,8,235.0,303.0000,6.0000,544.0000
20,0.30,19,7,241.0,9,9,239.0,319.0000,2.0000,560.0000
20,0.30,19,7,241.0,10,10,240.0,324.0000,1.0000,565.0000
20,0.30,19,7,241.0,11,11,241.0,351.0000,0.0000,592.0000
20,0.30,19,7,241.0,12,11,241.0,351.0000,0.0000,592.0000
20,0.30,20,7,241.0,0,0,0.0,0.0000,490.0000,490.0000
20,0.30,20,7,241.0,1,1,52.0,52.0000,385.0000,489.0000
20,0.30,20,7,241.0,2,2,94.0,94.0000,264.0000,452.0000
20,0.30,20,7,241.0,3,3,135.0,135.0000,167.0000,437.0000
20,0.30,20,7,241.0,4,4,170.0,182.0000,108.0000,460.0000
20,0.30,20,7,241.0,5,5,193.0,209.0000,72.0000,474.0000
20,0.30,20,7,241.0,6,6,213.0,229.0000,45.0000,487.0000
20,0.30,20,7,241.0,7,7,226.0,270.0000,16.0000,512.0000
20,0.30,20,7,241.0,8,8,235.0,303.0000,6.0000,544.0000
20,0.30,20,7,241.0,9,9,239.0,319.0000,2.0000,560.0000
20,0.30,20,7,241.0,10,10,240.0,324.0000,1.0000,565.0000
20,0.30,20,7,241.0,11,11,241.0,351.0000,0.0000,592.0000
20,0.30,20,7,241.0,12,11,241.0,351.0000,0.0000,592.0000
20,0.30,1,8,48.0,0,0,0.0,0.0000,48.0000,48.0000
20,0.30,1,8,48.0,1,1,48.0,48.0000,42.0000,138.0000
20,0.30,2,8,90.0,0,0,0.0,0.0000,90.0000,90.0000
20,0.30,2,8,90.0,1,1,48.0,48.0000,77.0000,173.0000
20,0.30,2,8,90.0,2,2,90.0,90.0000,66.0000,246.0000
20,0.30,3,8,127.0,0,0,0.0,0.0000,130.0000,130.0000
20,0.30,3,8,127.0,1,1,48.0,48.0000,108.0000,204.0000
20,0.30,3,8,127.0,2,2,90.0,90.0000,90.0000,270.0000
20,0.30,3,8,127.0,3,3,125.0,125.0000,67.0000,317.0000
20,0.30,4,8,156.0,0,0,0.0,0.0000,166.0000,166.0000
20,0.30,4,8,156.0,1,1,48.0,48.0000,138.0000,234.0000
20,0.30,4,8,156.0,2,2,90.0,90.0000,112.0000,292.0000
20,0.30,4,8,156.0,3,3,125.0,125.0000,87.0000,337.0000
20,0.30,4,8,156.0,4,4,149.0,165.0000,71.0000,385.0000
20,0.30,5,8,181.0,0,0,0.0,0.0000,199.0000,199.0000
20,0.30,5,8,181.0,1,1,48.0,48.0000,162.0000,258.0000
20,0.30,5,8,181.0,2,2,90.0,90.0000,133.0000,313.0000
20,0.30,5,8,181.0,3,3,125.0,125.0000,106.0000,356.0000
20,0.30,5,8,181.0,4,4,149.0,165.0000,82.0000,396.0000
20,0.30,5,8,181.0,5,5,170.0,210.0000,55.0000,435.0000
20,0.30,6,8,197.0,0,0,0.0,0.0000,231.0000,231.0000
20,0.30,6,8,197.0,1,1,48.0,48.0000,184.0000,280.0000
20,0.30,6,8,197.0,2,2,90.0,90.0000,153.0000,333.0000
20,0.30,6,8,197.0,3,3,125.0,125.0000,122.0000,372.0000
20,0.30,6,8,197.0,4,4,149.0,165.0000,92.0000,406.0000
20,0.30,6,8,197.0,5,5,170.0,210.0000,58.0000,438.0000
20,0.30,6,8,197.0,6,6,189.0,243.0000,39.0000,471.0000
20,0.30,7,8,212.0,0,0,0.0,0.0000,262.0000,262.0000
20,0.30,7,8,212.0,1,1,48.0,48.0000,206.0000,302.0000
20,0.30,7,8,212.0,2,2,90.0,90.0000,173.0000,353.0000
20,0.30,7,8,212.0,3,3,125.0,125.0000,136.0000,386.0000
20,0.30,7,8,212.0,4,4,149.0,165.0000,100.0000,414.0000
20,0.30,7,8,212.0,5,5,170.0,210.0000,60.0000,440.0000
20,0.30,7,8,212.0,6,6,189.0,243.0000,39.0000,471.0000
20,0.30,7,8,212.0,7,7,203.0,259.0000,25.0000,487.0000
20,0.30,8,8,226.0,0,0,0.0,0.0000,290.0000,290.0000
20,0.30,8,8,226.0,1,1,48.0,48.0000,227.0000,323.0000
20,0.30,8,8,226.0,2,2,90.0,90.0000,189.0000,369.0000
20,0.30,8,8,226.0,3,3,125.0,125.0000,143.0000,393.0000
20,0.30,8,8,226.0,4,4,149.0,165.0000,107.0000,421.0000
20,0.30,8,8,226.0,5,5,170.0,210.0000,60.0000,440.0000
20,0.30,8,8,226.0,6,6,189.0,243.0000,39.0000,471.0000
20,0.30,8,8,226.0,7,7,203.0,259.0000,25.0000,487.0000
20,0.30,8,8,226.0,8,8,214.0,296.0000,3.0000,513.0000
20,0.30,9,8,232.0,0,0,0.0,0.0000,312.0000,312.0000
20,0.30,9,8,232.0,1,1,48.0,48.0000,247.0000,343.0000
20,0.30,9,8,232.0,2,2,90.0,90.0000,199.0000,379.0000
20,0.30,9,8,232.0,3,3,125.0,125.0000,150.0000,400.0000
20,0.30,9,8,232.0,4,4,149.0,165.0000,113.0000,427.0000
20,0.30,9,8,232.0,5,5,170.0,210.0000,60.0000,440.0000
20,0.30,9,8,232.0,6,6,189.0,243.0000,39.0000,471.0000
20,0.30,9,8,232.0,7,7,203.0,259.0000,25.0000,487.0000
20,0.30,9,8,232.0,8,8,214.0,296.0000,3.0000,513.0000
20,0.30,9,8,232.0,9,9,217.0,315.0000,0.0000,532.0000
20,0.30,10,8,232.0,0,0,0.0,0.0000,334.0000,334.0000
20,0.30,10,8,232.0,1,1,48.0,48.0000,267.0000,363.0000
20,0.30,10,8,232.0,2,2,90.0,90.0000,209.0000,389.0000
20,0.30,10,8,232.0,3,3,125.0,125.0000,156.0000,406.0000
20,0.30,10,8,232.0,4,4,149.0,165.0000,118.0000,432.0000
20,0.30,10,8,232.0,5,5,170.0,210.0000,60.0000,440.0000
20,0.30,10,8,232.0,6,6,189.0,243.0000,39.0000,471.0000
20,0.30,10,8,232.0,7,7,203.0,259.0000,25.0000,487.0000
20,0.30,10,8,232.0,8,8,214.0,296.0000,3.0000,513.0000
20,0.30,10,8,232.0,9,9,217.0,315.0000,0.0000,532.0000
20,0.30,10,8,232.0,10,9,217.0,315.0000,0.0000,532.0000
20,0.30,11,8,232.0,0,0,0.0,0.0000,354.0000,354.0000
20,0.30,11,8,232.0,1,1,48.0,48.0000,287.0000,383.0000
20,0.30,11,8,232.0,2,2,90.0,90.0000,216.0000,396.0000
20,0.30,11,8,232.0,3,3,125.0,125.0000,162.0000,412.0000
20,0.30,11,8,232.0,4,4,149.0,165.0000,121.0000,435.0000
20,0.30,11,8,232.0,5,5,170.0,210.0000,60.0000,440.0000
20,0.30,11,8,232.0,6,6,189.0,243.0000,39.0000,471.0000
20,0.30,11,8,232.0,7,7,203.0,259.0000,25.0000,487.0000
20,0.30,11,8,232.0,8,8,214.0,296.0000,3.0000,513.0000
20,0.30,11,8,232.0,9,9,217.0,315.0000,0.0000,532.0000
20,0.30,11,8,232.0,10,9,217.0,315.0000,0.0000,532.0000
20,0.30,12,8,232.0,0,0,0.0,0.0000,373.0000,373.0000
20,0.30,12,8,232.0,1,1,48.0,48.0000,303.0000,399.0000
20,0.30,12,8,232.0,2,2,90.0,90.0000,223.0000,403.0000
20,0.30,12,8,232.0,3,3,125.0,125.0000,167.0000,417.0000
20,0.30,12,8,232.0,4,4,149.0,165.0000,121.0000,435.0000
20,0.30,12,8,232.0,5,5,170.0,210.0000,60.0000,440.0000
20,0.30,12,8,232.0,6,6,189.0,243.0000,39.0000,471.0000
20,0.30,12,8,232.0,7,7,203.0,259.0000,25.0000,487.0000
20,0.30,12,8,232.0,8,8,214.0,296.0000,3.0000,513.0000
20,0.30,12,8,232.0,9,9,217.0,315.0000,0.0000,532.0000
20,0.30,12,8,232.0,10,9,217.0,315.0000,0.0000,532.0000
20,0.30,13,8,232.0,0,0,0.0,0.0000,391.0000,391.0000
20,0.30,13,8,232.0,1,1,48.0,48.0000,318.0000,414.0000
20,0.30,13,8,232.0,2,2,90.0,90.0000,228.0000,408.0000
20,0.30,13,8,232.0,3,3,125.0,125.0000,171.0000,421.0000
20,0.30,13,8,232.0,4,4,149.0,165.0000,121.0000,435.0000
20,0.30,13,8,232.0,5,5,170.0,210.0000,60.0000,440.0000
20,0.30,13,8,232.0,6,6,189.0,243.0000,39.0000,471.0000
20,0.30,13,8,232.0,7,7,203.0,259.0000,25.0000,487.0000
20,0.30,13,8,232.0,8,8,214.0,296.0000,3.0000,513.0000
20,0.30,13,8,232.0,9,9,217.0,315.0000,0.0000,532.0000
20,0.30,13,8,232.0,10,9,217.0,315.0000,0.0000,532.0000
20,0.30,14,8,232.0,0,0,0.0,0.0000,407.0000,407.0000
20,0.30,14,8,232.0,1,1,48.0,48.0000,330.0000,426.0000
20,0.30,14,8,232.0,2,2,90.0,90.0000,231.0000,411.0000
20,0.30,14,8,232.0,3,3,125.0,125.0000,174.0000,424.0000
20,0.30,14,8,232.0,4,4,149.0,165.0000,121.0000,435.0000
20,0.30,14,8,232.0,5,5,170.0,210.0000,60.0000,440.0000
20,0.30,14,8,232.0,6,6,189.0,243.0000,39.0000,471.0000
20,0.30,14,8,232.0,7,7,203.0,259.0000,25.0000,487.0000
20,0.30,14,8,232.0,8,8,214.0,296.0000,3.0000,513.0000
20,0.30,14,8,232.0,9,9,217.0,315.0000,0.0000,532.0000
20,0.30,14,8,232.0,10,9,217.0,315.0000,0.0000,532.0000
20,0.30,15,8,232.0,0,0,0.0,0.0000,422.0000,422.0000
20,0.30,15,8,232.0,1,1,48.0,48.0000,337.0000,433.0000
20,0.30,15,8,232.0,2,2,90.0,90.0000,234.0000,414.0000
20,0.30,15,8,232.0,3,3,125.0,125.0000,176.0000,426.0000
20,0.30,15,8,232.0,4,4,149.0,165.0000,121.0000,435.0000
20,0.30,15,8,232.0,5,5,170.0,210.0000,60.0000,440.0000
20,0.30,15,8,232.0,6,6,189.0,243.0000,39.0000,471.0000
20,0.30,15,8,232.0,7,7,203.0,259.0000,25.0000,487.0000
20,0.30,15,8,232.0,8,8,214.0,296.0000,3.0000,513.0000
20,0.30,15,8,232.0,9,9,217.0,315.0000,0.0000,532.0000
20,0.30,15,8,232.0,10,9,217.0,315.0000,0.0000,532.0000
20,0.30,16,8,232.0,0,0,0.0,0.0000,429.0000,429.0000
20,0.30,16,8,232.0,1,1,48.0,48.0000,343.0000,439.0000
20,0.30,16,8,232.0,2,2,90.0,90.0000,234.0000,414.0000
20,0.30,16,8,232.0,3,3,125.0,125.0000,176.0000,426.0000
20,0.30,16,8,232.0,4,4,149.0,165.0000,121.0000,435.0000
20,0.30,16,8,232.0,5,5,170.0,210.0000,60.0000,440.0000
20,0.30,16,8,232.0,6,6,189.0,243.0000,39.0000,471.0000
20,0.30,16,8,232.0,7,7,203.0,259.0000,25.0000,487.0000
20,0.30,16,8,232.0,8,8,214.0,296.0000,3.0000,513.0000
20,0.30,16,8,232.0,9,9,217.0,315.0000,0.0000,532.0000
20,0.30,16,8,232.0,10,9,217.0,315.0000,0.0000,532.0000
20,0.30,17,8,232.0,0,0,0.0,0.0000,435.0000,435.0000
20,0.30,17,8,232.0,1,1,48.0,48.0000,346.0000,442.0000
20,0.30,17,8,232.0,2,2,90.0,90.0000,234.0000,414.0000
20,0.30,17,8,232.0,3,3,125.0,125.0000,176.0000,426.0000
20,0.30,17,8,232.0,4,4,149.0,165.0000,121.0000,435.0000
20,0.30,17,8,232.0,5,5,170.0,210.0000,60.0000,440.0000
20,0.30,17,8,232.0,6,6,189.0,243.0000,39.0000,471.0000
20,0.30,17,8,232.0,7,7,203.0,259.0000,25.0000,487.0000
20,0.30,17,8,232.0,8,8,214.0,296.0000,3.0000,513.0000
20,0.30,17,8,232.0,9,9,217.0,315.0000,0.0000,532.0000
20,0.30,17,8,232.0,10,9,217.0,315.0000,0.0000,532.0000
20,0.30,18,8,232.0,0,0,0.0,0.0000,435.0000,435.0000
20,0.30,18,8,232.0,1,1,48.0,48.0000,346.0000,442.0000
20,0.30,18,8,232.0,2,2,90.0,90.0000,234.0000,414.0000
20,0.30,18,8,232.0,3,3,125.0,125.0000,176.0000,426.0000
20,0.30,18,8,232.0,4,4,149.0,165.0000,121.0000,435.0000
20,0.30,18,8,232.0,5,5,170.0,210.0000,60.0000,440.0000
20,0.30,18,8,232.0,6,6,189.0,243.0000,39.0000,471.0000
20,0.30,18,8,232.0,7,7,203.0,259.0000,25.0000,487.0000
20,0.30,18,8,232.0,8,8,214.0,296.0000,3.0000,513.0000
20,0.30,18,8,232.0,9,9,217.0,315.0000,0.0000,532.0000
20,0.30,18,8,232.0,10,9,217.0,315.0000,0.0000,532.0000
20,0.30,19,8,232.0,0,0,0.0,0.0000,435.0000,435.0000
20,0.30,19,8,232.0,1,1,48.0,48.0000,346.0000,442.0000
20,0.30,19,8,232.0,2,2,90.0,90.0000,234.0000,414.0000
20,0.30,19,8,232.0,3,3,125.0,125.0000,176.0000,426.0000
20,0.30,19,8,232.0,4,4,149.0,165.0000,121.0000,435.0000
20,0.30,19,8,232.0,5,5,170.0,210.0000,60.0000,440.0000
20,0.30,19,8,232.0,6,6,189.0,243.0000,39.0000,471.0000
20,0.30,19,8,232.0,7,7,203.0,259.0000,25.0000,487.0000
20,0.30,19,8,232.0,8,8,214.0,296.0000,3.0000,513.0000
20,0.30,19,8,232.0,9,9,217.0,315.0000,0.0000,532.0000
20,0.30,19,8,232.0,10,9,217.0,315.0000,0.0000,532.0000
20,0.30,20,8,232.0,0,0,0.0,0.0000,435.0000,435.0000
20,0.30,20,8,232.0,1,1,48.0,48.0000,346.0000,442.0000
20,0.30,20,8,232.0,2,2,90.0,90.0000,234.0000,414.0000
20,0.30,20,8,232.0,3,3,125.0,125.0000,176.0000,426.0000
20,0.30,20,8,232.0,4,4,149.0,165.0000,121.0000,435.0000
20,0.30,20,8,232.0,5,5,170.0,210.0000,60.0000,440.0000
20,0.30,20,8,232.0,6,6,189.0,243.0000,39.0000,471.0000
20,0.30,20,8,232.0,7,7,203.0,259.0000,25.0000,487.0000
20,0.30,20,8,232.0,8,8,214.0,296.0000,3.0000,513.0000
20,0.30,20,8,232.0,9,9,217.0,315.0000,0.0000,532.0000
20,0.30,20,8,232.0,10,9,217.0,315.0000,0.0000,532.0000
20,0.30,1,9,55.0,0,0,0.0,0.0000,55.0000,55.0000
20,0.30,1,9,55.0,1,1,55.0,55.0000,49.0000,159.0000
20,0.30,2,9,104.0,0,0,0.0,0.0000,104.0000,104.0000
20,0.30,2,9,104.0,1,1,55.0,55.0000,87.0000,197.0000
20,0.30,2,9,104.0,2,2,104.0,104.0000,55.0000,263.0000
20,0.30,3,9,134.0,0,0,0.0,0.0000,143.0000,143.0000
20,0.30,3,9,134.0,1,1,55.0,55.0000,115.0000,225.0000
20,0.30,3,9,134.0,2,2,104.0,104.0000,79.0000,287.0000
20,0.30,3,9,134.0,3,3,134.0,134.0000,59.0000,327.0000
20,0.30,4,9,159.0,0,0,0.0,0.0000,177.0000,177.0000
20,0.30,4,9,159.0,1,1,55.0,55.0000,140.0000,250.0000
20,0.30,4,9,159.0,2,2,104.0,104.0000,101.0000,309.0000
20,0.30,4,9,159.0,3,3,134.0,134.0000,75.0000,343.0000
20,0.30,4,9,159.0,4,4,159.0,159.0000,53.0000,371.0000
20,0.30,5,9,177.0,0,0,0.0,0.0000,205.0000,205.0000
20,0.30,5,9,177.0,1,1,55.0,55.0000,162.0000,272.0000
20,0.30,5,9,177.0,2,2,104.0,104.0000,121.0000,329.0000
20,0.30,5,9,177.0,3,3,134.0,134.0000,87.0000,355.0000
20,0.30,5,9,177.0,4,4,159.0,159.0000,63.0000,381.0000
20,0.30,5,9,177.0,5,5,177.0,187.0000,45.0000,409.0000
20,0.30,6,9,189.0,0,0,0.0,0.0000,233.0000,233.0000
20,0.30,6,9,189.0,1,1,55.0,55.0000,183.0000,293.0000
20,0.30,6,9,189.0,2,2,104.0,104.0000,139.0000,347.0000
20,0.30,6,9,189.0,3,3,134.0,134.0000,99.0000,367.0000
20,0.30,6,9,189.0,4,4,159.0,159.0000,71.0000,389.0000
20,0.30,6,9,189.0,5,5,177.0,187.0000,47.0000,411.0000
20,0.30,6,9,189.0,6,6,189.0,213.0000,29.0000,431.0000
20,0.30,7,9,201.0,0,0,0.0,0.0000,259.0000,259.0000
20,0.30,7,9,201.0,1,1,55.0,55.0000,203.0000,313.0000
20,0.30,7,9,201.0,2,2,104.0,104.0000,155.0000,363.0000
20,0.30,7,9,201.0,3,3,134.0,134.0000,110.0000,378.0000
20,0.30,7,9,201.0,4,4,159.0,159.0000,77.0000,395.0000
20,0.30,7,9,201.0,5,5,177.0,187.0000,47.0000,411.0000
20,0.30,7,9,201.0,6,6,189.0,213.0000,29.0000,431.0000
20,0.30,7,9,201.0,7,7,201.0,235.0000,17.0000,453.0000
20,0.30,8,9,212.0,0,0,0.0,0.0000,284.0000,284.0000
20,0.30,8,9,212.0,1,1,55.0,55.0000,221.0000,331.0000
20,0.30,8,9,212.0,2,2,104.0,104.0000,167.0000,375.0000
20,0.30,8,9,212.0,3,3,134.0,134.0000,120.0000,388.0000
20,0.30,8,9,212.0,4,4,159.0,159.0000,83.0000,401.0000
20,0.30,8,9,212.0,5,5,177.0,187.0000,47.0000,411.0000
20,0.30,8,9,212.0,6,6,189.0,213.0000,29.0000,431.0000
20,0.30,8,9,212.0,7,7,201.0,235.0000,17.0000,453.0000
20,0.30,8,9,212.0,8,8,212.0,274.0000,6.0000,492.0000
20,0.30,9,9,218.0,0,0,0.0,0.0000,306.0000,306.0000
20,0.30,9,9,218.0,1,1,55.0,55.0000,237.0000,347.0000
20,0.30,9,9,218.0,2,2,104.0,104.0000,179.0000,387.0000
20,0.30,9,9,218.0,3,3,134.0,134.0000,126.0000,394.0000
20,0.30,9,9,218.0,4,4,159.0,159.0000,85.0000,403.0000
20,0.30,9,9,218.0,5,5,177.0,187.0000,47.0000,411.0000
20,0.30,9,9,218.0,6,6,189.0,213.0000,29.0000,431.0000
20,0.30,9,9,218.0,7,7,201.0,235.0000,17.0000,453.0000
20,0.30,9,9,218.0,8,8,212.0,274.0000,6.0000,492.0000
20,0.30,9,9,218.0,9,9,218.0,290.0000,0.0000,508.0000
20,0.30,10,9,218.0,0,0,0.0,0.0000,322.0000,322.0000
20,0.30,10,9,218.0,1,1,55.0,55.0000,253.0000,363.0000
20,0.30,10,9,218.0,2,2,104.0,104.0000,186.0000,394.0000
20,0.30,10,9,218.0,3,3,134.0,134.0000,130.0000,398.0000
20,0.30,10,9,218.0,4,4,159.0,159.0000,87.0000,405.0000
20,0.30,10,9,218.0,5,5,177.0,187.0000,47.0000,411.0000
20,0.30,10,9,218.0,6,6,189.0,213.0000,29.0000,431.0000
20,0.30,10,9,218.0,7,7,201.0,235.0000,17.0000,453.0000
20,0.30,10,9,218.0,8,8,212.0,274.0000,6.0000,492.0000
20,0.30,10,9,218.0,9,9,218.0,290.0000,0.0000,508.0000
20,0.30,10,9,218.0,10,9,218.0,290.0000,0.0000,508.0000
20,0.30,11,9,218.0,0,0,0.0,0.0000,338.0000,338.0000
20,0.30,11,9,218.0,1,1,55.0,55.0000,269.0000,379.0000
20,0.30,11,9,218.0,2,2,104.0,104.0000,190.0000,398.0000
20,0.30,11,9,218.0,3,3,134.0,134.0000,132.0000,400.0000
20,0.30,11,9,218.0,4,4,159.0,159.0000,89.0000,407.0000
20,0.30,11,9,218.0,5,5,177.0,187.0000,47.0000,411.0000
20,0.30,11,9,218.0,6,6,189.0,213.0000,29.0000,431.0000
20,0.30,11,9,218.0,7,7,201.0,235.0000,17.0000,453.0000
20,0.30,11,9,218.0,8,8,212.0,274.0000,6.0000,492.0000
20,0.30,11,9,218.0,9,9,218.0,290.0000,0.0000,508.0000
20,0.30,11,9,218.0,10,9,218.0,290.0000,0.0000,508.0000
20,0.30,12,9,218.0,0,0,0.0,0.0000,354.0000,354.0000
20,0.30,12,9,218.0,1,1,55.0,55.0000,283.0000,393.0000
20,0.30,12,9,218.0,2,2,104.0,104.0000,194.0000,402.0000
20,0.30,12,9,218.0,3,3,134.0,134.0000,134.0000,402.0000
20,0.30,12,9,218.0,4,4,159.0,159.0000,89.0000,407.0000
20,0.30,12,9,218.0,5,5,177.0,187.0000,47.0000,411.0000
20,0.30,12,9,218.0,6,6,189.0,213.0000,29.0000,431.0000
20,0.30,12,9,218.0,7,7,201.0,235.0000,17.0000,453.0000
20,0.30,12,9,218.0,8,8,212.0,274.0000,6.0000,492.0000
20,0.30,12,9,218.0,9,9,218.0,290.0000,0.0000,508.0000
20,0.30,12,9,218.0,10,9,218.0,290.0000,0.0000,508.0000
20,0.30,13,9,218.0,0,0,0.0,0.0000,368.0000,368.0000
20,0.30,13,9,218.0,1,1,55.0,55.0000,285.0000,395.0000
20,0.30,13,9,218.0,2,2,104.0,104.0000,196.0000,404.0000
20,0.30,13,9,218.0,3,3,134.0,134.0000,134.0000,402.0000
20,0.30,13,9,218.0,4,4,159.0,159.0000,89.0000,407.0000
20,0.30,13,9,218.0,5,5,177.0,187.0000,47.0000,411.0000
20,0.30,13,9,218.0,6,6,189.0,213.0000,29.0000,431.0000
20,0.30,13,9,218.0,7,7,201.0,235.0000,17.0000,453.0000
20,0.30,13,9,218.0,8,8,212.0,274.0000,6.0000,492.0000
20,0.30,13,9,218.0,9,9,218.0,290.0000,0.0000,508.0000
20,0.30,13,9,218.0,10,9,218.0,290.0000,0.0000,508.0000
20,0.30,14,9,218.0,0,0,0.0,0.0000,382.0000,382.0000
20,0.30,14,9,218.0,1,1,55.0,55.0000,287.0000,397.0000
20,0.30,14,9,218.0,2,2,104.0,104.0000,198.0000,406.0000
20,0.30,14,9,218.0,3,3,134.0,134.0000,134.0000,402.0000
20,0.30,14,9,218.0,4,4,159.0,159.0000,89.0000,407.0000
20,0.30,14,9,218.0,5,5,177.0,187.0000,47.0000,411.0000
20,0.30,14,9,218.0,6,6,189.0,213.0000,29.0000,431.0000
20,0.30,14,9,218.0,7,7,201.0,235.0000,17.0000,453.0000
20,0.30,14,9,218.0,8,8,212.0,274.0000,6.0000,492.0000
20,0.30,14,9,218.0,9,9,218.0,290.0000,0.0000,508.0000
20,0.30,14,9,218.0,10,9,218.0,290.0000,0.0000,508.0000
20,0.30,15,9,218.0,0,0,0.0,0.0000,394.0000,394.0000
20,0.30,15,9,218.0,1,1,55.0,55.0000,287.0000,397.0000
20,0.30,15,9,218.0,2,2,104.0,104.0000,198.0000,406.0000
20,0.30,15,9,218.0,3,3,134.0,134.0000,134.0000,402.0000
20,0.30,15,9,218.0,4,4,159.0,159.0000,89.0000,407.0000
20,0.30,15,9,218.0,5,5,177.0,187.0000,47.0000,411.0000
20,0.30,15,9,218.0,6,6,189.0,213.0000,29.0000,431.0000
20,0.30,15,9,218.0,7,7,201.0,235.0000,17.0000,453.0000
20,0.30,15,9,218.0,8,8,212.0,274.0000,6.0000,492.0000
20,0.30,15,9,218.0,9,9,218.0,290.0000,0.0000,508.0000
20,0.30,15,9,218.0,10,9,218.0,290.0000,0.0000,508.0000
20,0.30,16,9,218.0,0,0,0.0,0.0000,404.0000,404.0000
20,0.30,16,9,218.0,1,1,55.0,55.0000,287.0000,397.0000
20,0.30,16,9,218.0,2,2,104.0,104.0000,198.0000,406.0000
20,0.30,16,9,218.0,3,3,134.0,134.0000,134.0000,402.0000
20,0.30,16,9,218.0,4,4,159.0,159.0000,89.0000,407.0000
20,0.30,16,9,218.0,5,5,177.0,187.0000,47.0000,411.0000
20,0.30,16,9,218.0,6,6,189.0,213.0000,29.0000,431.0000
20,0.30,16,9,218.0,7,7,201.0,235.0000,17.0000,453.0000
20,0.30,16,9,218.0,8,8,212.0,274.0000,6.0000,492.0000
20,0.30,16,9,218.0,9,9,218.0,290.0000,0.0000,508.0000
20,0.30,16,9,218.0,10,9,218.0,290.0000,0.0000,508.0000
20,0.30,17,9,218.0,0,0,0.0,0.0000,404.0000,404.0000
20,0.30,17,9,218.0,1,1,55.0,55.0000,287.0000,397.0000
20,0.30,17,9,218.0,2,2,104.0,104.0000,198.0000,406.0000
20,0.30,17,9,218.0,3,3,134.0,134.0000,134.0000,402.0000
20,0.30,17,9,218.0,4,4,159.0,159.0000,89.0000,407.0000
20,0.30,17,9,218.0,5,5,177.0,187.0000,47.0000,411.0000
20,0.30,17,9,218.0,6,6,189.0,213.0000,29.0000,431.0000
20,0.30,17,9,218.0,7,7,201.0,235.0000,17.0000,453.0000
20,0.30,17,9,218.0,8,8,212.0,274.0000,6.0000,492.0000
20,0.30,17,9,218.0,9,9,218.0,290.0000,0.0000,508.0000
20,0.30,17,9,218.0,10,9,218.0,290.0000,0.0000,508.0000
20,0.30,18,9,218.0,0,0,0.0,0.0000,404.0000,404.0000
20,0.30,18,9,218.0,1,1,55.0,55.0000,287.0000,397.0000
20,0.30,18,9,218.0,2,2,104.0,104.0000,198.0000,406.0000
20,0.30,18,9,218.0,3,3,134.0,134.0000,134.0000,402.0000
20,0.30,18,9,218.0,4,4,159.0,159.0000,89.0000,407.0000
20,0.30,18,9,218.0,5,5,177.0,187.0000,47.0000,411.0000
20,0.30,18,9,218.0,6,6,189.0,213.0000,29.0000,431.0000
20,0.30,18,9,218.0,7,7,201.0,235.0000,17.0000,453.0000
20,0.30,18,9,218.0,8,8,212.0,274.0000,6.0000,492.0000
20,0.30,18,9,218.0,9,9,218.0,290.0000,0.0000,508.0000
20,0.30,18,9,218.0,10,9,218.0,290.0000,0.0000,508.0000
20,0.30,19,9,218.0,0,0,0.0,0.0000,404.0000,404.0000
20,0.30,19,9,218.0,1,1,55.0,55.0000,287.0000,397.0000
20,0.30,19,9,218.0,2,2,104.0,104.0000,198.0000,406.0000
20,0.30,19,9,218.0,3,3,134.0,134.0000,134.0000,402.0000
20,0.30,19,9,218.0,4,4,159.0,159.0000,89.0000,407.0000
20,0.30,19,9,218.0,5,5,177.0,187.0000,47.0000,411.0000
20,0.30,19,9,218.0,6,6,189.0,213.0000,29.0000,431.0000
20,0.30,19,9,218.0,7,7,201.0,235.0000,17.0000,453.0000
20,0.30,19,9,218.0,8,8,212.0,274.0000,6.0000,492.0000
20,0.30,19,9,218.0,9,9,218.0,290.0000,0.0000,508.0000
20,0.30,19,9,218.0,10,9,218.0,290.0000,0.0000,508.0000
20,0.30,20,9,218.0,0,0,0.0,0.0000,404.0000,404.0000
20,0.30,20,9,218.0,1,1,55.0,55.0000,287.0000,397.0000
20,0.30,20,9,218.0,2,2,104.0,104.0000,198.0000,406.0000
20,0.30,20,9,218.0,3,3,134.0,134.0000,134.0000,402.0000
20,0.30,20,9,218.0,4,4,159.0,159.0000,89.0000,407.0000
20,0.30,20,9,218.0,5,5,177.0,187.0000,47.0000,411.0000
20,0.30,20,9,218.0,6,6,189.0,213.0000,29.0000,431.0000
20,0.30,20,9,218.0,7,7,201.0,235.0000,17.0000,453.0000
20,0.30,20,9,218.0,8,8,212.0,274.0000,6.0000,492.0000
20,0.30,20,9,218.0,9,9,218.0,290.0000,0.0000,508.0000
20,0.30,20,9,218.0,10,9,218.0,290.0000,0.0000,508.0000
