n,p,k,trials,seed,edges,total_weight,opt,top_k_bound,dual_bound,dual_bound_S0,greedy,rg_mean,rg_std,rg_min,rg_max,dual_over_opt,dual_S0_over_opt,top_k_over_opt,total_over_opt,rg_over_opt,rg_over_dual,rg_over_top_k,rg_over_total,greedy_over_opt,greedy_over_dual,greedy_over_top_k,greedy_over_total,rg_ge_opt_over_e,rg_ge_dual_over_e,time_opt_ms,time_greedy_ms,time_dual_ms,time_rg_ms
20,0.30,5,1000,0,48,230.0,143.0,167.0,156.0000,156.0000,143.0,125.9920,6.8621,106.0,143.0,1.090909,1.090909,1.167832,1.608392,0.881063,0.807641,0.754443,0.547791,1.000000,0.916667,0.856287,0.621739,1,1,4.795,0.005,0.088,0.0041
20,0.30,10,1000,0,48,230.0,199.0,296.0,268.0000,268.0000,185.0,148.9500,12.3183,111.0,191.0,1.346734,1.346734,1.487437,1.155779,0.748492,0.555784,0.503209,0.647609,0.929648,0.690299,0.625000,0.804348,1,1,141.614,0.009,0.079,0.0082
40,0.30,5,1000,0,213,1038.0,nan,390.0,379.0000,379.0000,356.0,336.8860,9.1696,310.0,356.0,nan,nan,nan,nan,nan,0.888881,0.863810,0.324553,nan,0.939314,0.912821,0.342967,-1,1,nan,0.009,0.361,0.0055
40,0.30,10,1000,0,213,1038.0,nan,736.0,684.0000,684.0000,585.0,523.1520,16.9101,462.0,579.0,nan,nan,nan,nan,nan,0.764842,0.710804,0.504000,nan,0.855263,0.794837,0.563584,-1,1,nan,0.009,0.590,0.0160
40,0.30,20,1000,0,213,1038.0,nan,1311.0,1154.0000,1154.0000,722.0,608.5540,26.5430,535.0,702.0,nan,nan,nan,nan,nan,0.527343,0.464191,0.586276,nan,0.625650,0.550725,0.695568,-1,1,nan,0.016,0.981,0.0341
80,0.30,5,1000,0,951,4734.0,nan,865.0,859.0000,859.0000,833.0,798.8940,24.3706,737.0,833.0,nan,nan,nan,nan,nan,0.930028,0.923577,0.168757,nan,0.969732,0.963006,0.175961,-1,1,nan,0.010,1.579,0.0106
80,0.30,10,1000,0,951,4734.0,nan,1641.0,1626.0000,1626.0000,1471.0,1393.0990,30.3942,1312.0,1468.0,nan,nan,nan,nan,nan,0.856764,0.848933,0.294275,nan,0.904674,0.896405,0.310731,-1,1,nan,0.018,3.792,0.0224
80,0.30,20,1000,0,951,4734.0,nan,3087.0,2936.0000,2936.0000,2391.0,2178.7920,42.6780,2066.0,2303.0,nan,nan,nan,nan,nan,0.742095,0.705796,0.460243,nan,0.814373,0.774538,0.505070,-1,1,nan,0.024,6.941,0.0498
80,0.30,40,1000,0,951,4734.0,nan,5610.0,5134.0000,5134.0000,2987.0,2594.8940,59.9775,2398.0,2800.0,nan,nan,nan,nan,nan,0.505433,0.462548,0.548140,nan,0.581808,0.532442,0.630967,-1,1,nan,0.019,4.566,0.1161
160,0.30,5,1000,0,3834,19199.0,nan,1541.0,1531.0000,1531.0000,1526.0,1499.8720,16.3116,1447.0,1526.0,nan,nan,nan,nan,nan,0.979668,0.973311,0.078122,nan,0.996734,0.990266,0.079483,-1,1,nan,0.036,10.044,0.0249
160,0.30,10,1000,0,3834,19199.0,nan,3020.0,3008.0000,3008.0000,2917.0,2816.9470,32.2488,2728.0,2906.0,nan,nan,nan,nan,nan,0.936485,0.932764,0.146724,nan,0.969747,0.965894,0.151935,-1,1,nan,0.042,20.831,0.0367
160,0.30,20,1000,0,3834,19199.0,nan,5867.0,5824.0000,5824.0000,5289.0,5059.3830,46.1253,4916.0,5208.0,nan,nan,nan,nan,nan,0.868713,0.862346,0.263523,nan,0.908139,0.901483,0.275483,-1,1,nan,0.029,28.498,0.0771
160,0.30,40,1000,0,3834,19199.0,nan,11285.0,10969.0000,10969.0000,8750.0,8243.3670,76.3699,8007.0,8456.0,nan,nan,nan,nan,nan,0.751515,0.730471,0.429364,nan,0.797703,0.775366,0.455753,-1,1,nan,0.035,52.326,0.2179
320,0.30,5,1000,0,15529,77702.0,nan,3015.0,3005.0000,3005.0000,2983.0,2959.3310,14.2307,2914.0,2984.0,nan,nan,nan,nan,nan,0.984802,0.981536,0.038086,nan,0.992679,0.989386,0.038390,-1,1,nan,0.085,92.197,0.0957
320,0.30,10,1000,0,15529,77702.0,nan,5961.0,5935.0000,5935.0000,5817.0,5725.6080,31.8135,5617.0,5815.0,nan,nan,nan,nan,nan,0.964719,0.960511,0.073687,nan,0.980118,0.975843,0.074863,-1,1,nan,0.145,142.089,0.1104
320,0.30,20,1000,0,15529,77702.0,nan,11671.0,11627.0000,11627.0000,11071.0,10835.7310,54.2414,10681.0,11014.0,nan,nan,nan,nan,nan,0.931946,0.928432,0.139452,nan,0.952180,0.948591,0.142480,-1,1,nan,0.099,249.746,0.1730
320,0.30,40,1000,0,15529,77702.0,nan,22782.0,22642.0000,22642.0000,20234.0,19614.9160,97.4915,19308.0,19900.0,nan,nan,nan,nan,nan,0.866307,0.860983,0.252438,nan,0.893649,0.888157,0.260405,-1,1,nan,0.119,510.449,0.3791
20,0.30,5,1000,1,56,291.0,183.0,227.0,206.0000,206.0000,172.0,159.2250,8.5299,141.0,183.0,1.125683,1.125683,1.240437,1.590164,0.870082,0.772937,0.701432,0.547165,0.939891,0.834951,0.757709,0.591065,1,1,4.008,0.005,0.094,0.0038
20,0.30,10,1000,1,56,291.0,221.0,395.0,338.0000,338.0000,220.0,182.4990,13.4465,140.0,218.0,1.529412,1.529412,1.787330,1.316742,0.825787,0.539938,0.462023,0.627144,0.995475,0.650888,0.556962,0.756014,1,1,115.285,0.008,0.168,0.0053
40,0.30,5,1000,1,220,1067.0,nan,417.0,411.0000,411.0000,403.0,361.8260,19.6713,315.0,403.0,nan,nan,nan,nan,nan,0.880355,0.867688,0.339106,nan,0.980535,0.966427,0.377694,-1,1,nan,0.005,0.168,0.0027
40,0.30,10,1000,1,220,1067.0,nan,769.0,718.0000,718.0000,637.0,543.1360,23.6234,487.0,618.0,nan,nan,nan,nan,nan,0.756457,0.706289,0.509031,nan,0.887187,0.828349,0.597001,-1,1,nan,0.010,0.592,0.0161
40,0.30,20,1000,1,220,1067.0,nan,1341.0,1208.0000,1208.0000,754.0,624.3580,27.7528,542.0,730.0,nan,nan,nan,nan,nan,0.516853,0.465591,0.585153,nan,0.624172,0.562267,0.706654,-1,1,nan,0.013,0.930,0.0256
80,0.30,5,1000,1,927,4626.0,nan,888.0,858.0000,858.0000,827.0,787.7930,23.3698,723.0,827.0,nan,nan,nan,nan,nan,0.918174,0.887154,0.170297,nan,0.963869,0.931306,0.178772,-1,1,nan,0.012,2.331,0.0138
80,0.30,10,1000,1,927,4626.0,nan,1621.0,1569.0000,1569.0000,1427.0,1344.6560,28.6827,1240.0,1412.0,nan,nan,nan,nan,nan,0.857015,0.829523,0.290674,nan,0.909496,0.880321,0.308474,-1,1,nan,0.008,1.813,0.0166
80,0.30,20,1000,1,927,4626.0,nan,2973.0,2811.0000,2811.0000,2317.0,2113.7840,37.6847,2005.0,2229.0,nan,nan,nan,nan,nan,0.751969,0.710994,0.456936,nan,0.824262,0.779347,0.500865,-1,1,nan,0.020,4.065,0.0439
80,0.30,40,1000,1,927,4626.0,nan,5358.0,4954.0000,4954.0000,2949.0,2547.4410,60.7384,2379.0,2756.0,nan,nan,nan,nan,nan,0.514219,0.475446,0.550679,nan,0.595277,0.550392,0.637484,-1,1,nan,0.018,4.485,0.1154
160,0.30,5,1000,1,3794,19058.0,nan,1620.0,1598.0000,1598.0000,1570.0,1540.2080,14.7252,1504.0,1570.0,nan,nan,nan,nan,nan,0.963835,0.950746,0.080817,nan,0.982478,0.969136,0.082380,-1,1,nan,0.039,8.669,0.0356
160,0.30,10,1000,1,3794,19058.0,nan,3131.0,3101.0000,3101.0000,2982.0,2909.8580,22.6782,2849.0,2975.0,nan,nan,nan,nan,nan,0.938361,0.929370,0.152684,nan,0.961625,0.952411,0.156470,-1,1,nan,0.042,19.355,0.0394
160,0.30,20,1000,1,3794,19058.0,nan,6078.0,5993.0000,5993.0000,5429.0,5168.9980,54.8393,5012.0,5362.0,nan,nan,nan,nan,nan,0.862506,0.850444,0.271225,nan,0.905890,0.893221,0.284867,-1,1,nan,0.029,38.774,0.0952
160,0.30,40,1000,1,3794,19058.0,nan,11470.0,11116.0000,11116.0000,8828.0,8242.9890,86.8624,7978.0,8525.0,nan,nan,nan,nan,nan,0.741543,0.718656,0.432521,nan,0.794171,0.769660,0.463218,-1,1,nan,0.072,51.055,0.2456
320,0.30,5,1000,1,15275,76281.0,nan,2936.0,2925.0000,2925.0000,2898.0,2880.7250,15.5403,2834.0,2911.0,nan,nan,nan,nan,nan,0.984863,0.981173,0.037765,nan,0.990769,0.987057,0.037991,-1,1,nan,0.133,80.672,0.1048
320,0.30,10,1000,1,15275,76281.0,nan,5807.0,5782.0000,5782.0000,5649.0,5584.0490,29.0767,5484.0,5652.0,nan,nan,nan,nan,nan,0.965764,0.961607,0.073204,nan,0.976998,0.972791,0.074055,-1,1,nan,0.090,156.156,0.1172
320,0.30,20,1000,1,15275,76281.0,nan,11348.0,11302.0000,11302.0000,10855.0,10564.2530,62.0821,10325.0,10745.0,nan,nan,nan,nan,nan,0.934724,0.930935,0.138491,nan,0.960449,0.956556,0.142303,-1,1,nan,0.098,278.385,0.1742
320,0.30,40,1000,1,15275,76281.0,nan,22138.0,22035.0000,22035.0000,19866.0,19141.3830,99.1784,18841.0,19460.0,nan,nan,nan,nan,nan,0.868681,0.864639,0.250933,nan,0.901566,0.897371,0.260432,-1,1,nan,0.115,487.231,0.3641
20,0.30,5,1000,2,57,269.0,173.0,204.0,191.0000,191.0000,167.0,152.2580,9.1693,129.0,173.0,1.104046,1.104046,1.179191,1.554913,0.880104,0.797162,0.746363,0.566015,0.965318,0.874346,0.818627,0.620818,1,1,2.592,0.003,0.044,0.0018
20,0.30,10,1000,2,57,269.0,227.0,358.0,314.0000,314.0000,226.0,172.0780,14.4793,132.0,225.0,1.383260,1.383260,1.577093,1.185022,0.758053,0.548019,0.480665,0.639695,0.995595,0.719745,0.631285,0.840149,1,1,134.449,0.005,0.081,0.0046
40,0.30,5,1000,2,233,1157.0,nan,425.0,416.0000,416.0000,395.0,367.6360,10.4731,342.0,395.0,nan,nan,nan,nan,nan,0.883740,0.865026,0.317749,nan,0.949519,0.929412,0.341400,-1,1,nan,0.008,0.354,0.0066
40,0.30,10,1000,2,233,1157.0,nan,804.0,757.0000,757.0000,654.0,574.6710,19.5503,507.0,633.0,nan,nan,nan,nan,nan,0.759143,0.714765,0.496691,nan,0.863937,0.813433,0.565255,-1,1,nan,0.009,0.583,0.0103
40,0.30,20,1000,2,233,1157.0,nan,1462.0,1279.0000,1279.0000,822.0,668.6870,30.5282,575.0,771.0,nan,nan,nan,nan,nan,0.522820,0.457378,0.577949,nan,0.642690,0.562244,0.710458,-1,1,nan,0.007,0.430,0.0253
80,0.30,5,1000,2,962,4727.0,nan,782.0,780.0000,780.0000,748.0,732.3040,10.0442,700.0,754.0,nan,nan,nan,nan,nan,0.938851,0.936450,0.154919,nan,0.958974,0.956522,0.158240,-1,1,nan,0.007,0.980,0.0087
80,0.30,10,1000,2,962,4727.0,nan,1524.0,1502.0000,1502.0000,1359.0,1319.6630,22.1399,1245.0,1384.0,nan,nan,nan,nan,nan,0.878604,0.865921,0.279176,nan,0.904794,0.891732,0.287497,-1,1,nan,0.008,1.695,0.0168
80,0.30,20,1000,2,962,4727.0,nan,2902.0,2795.0000,2795.0000,2286.0,2127.4070,39.3595,2019.0,2294.0,nan,nan,nan,nan,nan,0.761147,0.733083,0.450054,nan,0.817889,0.787733,0.483605,-1,1,nan,0.014,2.859,0.0493
80,0.30,40,1000,2,962,4727.0,nan,5440.0,5043.0000,5043.0000,2945.0,2600.0130,57.4560,2446.0,2805.0,nan,nan,nan,nan,nan,0.515569,0.477944,0.550034,nan,0.583978,0.541360,0.623017,-1,1,nan,0.018,8.399,0.1049
160,0.30,5,1000,2,3830,19040.0,nan,1533.0,1528.0000,1528.0000,1506.0,1470.9190,18.6886,1432.0,1506.0,nan,nan,nan,nan,nan,0.962643,0.959504,0.077254,nan,0.985602,0.982387,0.079097,-1,1,nan,0.019,8.826,0.0214
160,0.30,10,1000,2,3830,19040.0,nan,2979.0,2966.0000,2966.0000,2847.0,2763.8790,27.6688,2677.0,2843.0,nan,nan,nan,nan,nan,0.931854,0.927788,0.145162,nan,0.959879,0.955690,0.149527,-1,1,nan,0.023,17.183,0.0333
160,0.30,20,1000,2,3830,19040.0,nan,5762.0,5710.0000,5710.0000,5195.0,5000.4160,49.8451,4808.0,5179.0,nan,nan,nan,nan,nan,0.875730,0.867826,0.262627,nan,0.909807,0.901597,0.272847,-1,1,nan,0.028,25.844,0.0703
160,0.30,40,1000,2,3830,19040.0,nan,11041.0,10831.0000,10831.0000,8774.0,8194.3080,78.5382,7960.0,8466.0,nan,nan,nan,nan,nan,0.756561,0.742171,0.430373,nan,0.810082,0.794674,0.460819,-1,1,nan,0.069,60.694,0.2012
320,0.30,5,1000,2,15216,76195.0,nan,2991.0,2963.0000,2963.0000,2942.0,2911.8150,21.6040,2861.0,2942.0,nan,nan,nan,nan,nan,0.982725,0.973526,0.038215,nan,0.992913,0.983618,0.038611,-1,1,nan,0.089,86.902,0.1042
320,0.30,10,1000,2,15216,76195.0,nan,5860.0,5827.0000,5827.0000,5718.0,5649.4790,30.3566,5560.0,5718.0,nan,nan,nan,nan,nan,0.969535,0.964075,0.074145,nan,0.981294,0.975768,0.075044,-1,1,nan,0.146,165.161,0.1152
320,0.30,20,1000,2,15216,76195.0,nan,11479.0,11425.0000,11425.0000,10971.0,10697.4140,61.7737,10513.0,10886.0,nan,nan,nan,nan,nan,0.936316,0.931912,0.140395,nan,0.960263,0.955745,0.143986,-1,1,nan,0.100,288.142,0.1735
320,0.30,40,1000,2,15216,76195.0,nan,22394.0,22289.0000,22289.0000,19950.0,19297.8650,102.7414,18946.0,19585.0,nan,nan,nan,nan,nan,0.865802,0.861743,0.253269,nan,0.895060,0.890864,0.261828,-1,1,nan,0.217,508.966,0.3539
20,0.30,5,1000,3,54,289.0,177.0,234.0,209.0000,209.0000,175.0,160.5090,8.6434,136.0,177.0,1.180791,1.180791,1.322034,1.632768,0.906831,0.767986,0.685936,0.555394,0.988701,0.837321,0.747863,0.605536,1,1,4.100,0.006,0.089,0.0038
20,0.30,10,1000,3,54,289.0,227.0,391.0,330.0000,330.0000,221.0,182.9060,14.0579,141.0,225.0,1.453744,1.453744,1.722467,1.273128,0.805753,0.554261,0.467790,0.632893,0.973568,0.669697,0.565217,0.764706,1,1,131.467,0.008,0.160,0.0090
40,0.30,5,1000,3,229,1183.0,nan,398.0,396.0000,396.0000,374.0,355.8010,10.8367,325.0,375.0,nan,nan,nan,nan,nan,0.898487,0.893972,0.300762,nan,0.944444,0.939698,0.316145,-1,1,nan,0.008,0.356,0.0065
40,0.30,10,1000,3,229,1183.0,nan,759.0,735.0000,735.0000,615.0,575.2460,17.3999,527.0,630.0,nan,nan,nan,nan,nan,0.782648,0.757900,0.486260,nan,0.836735,0.810277,0.519865,-1,1,nan,0.006,0.284,0.0134
40,0.30,20,1000,3,229,1183.0,nan,1418.0,1300.0000,1300.0000,816.0,685.7970,29.2214,591.0,773.0,nan,nan,nan,nan,nan,0.527536,0.483637,0.579710,nan,0.627692,0.575458,0.689772,-1,1,nan,0.008,0.441,0.0288
80,0.30,5,1000,3,975,4941.0,nan,860.0,838.0000,838.0000,796.0,777.7110,10.5777,740.0,798.0,nan,nan,nan,nan,nan,0.928056,0.904315,0.157400,nan,0.949881,0.925581,0.161101,-1,1,nan,0.012,2.312,0.0095
80,0.30,10,1000,3,975,4941.0,nan,1635.0,1601.0000,1601.0000,1440.0,1385.3710,18.8772,1326.0,1442.0,nan,nan,nan,nan,nan,0.865316,0.847322,0.280383,nan,0.899438,0.880734,0.291439,-1,1,nan,0.009,2.296,0.0185
80,0.30,20,1000,3,975,4941.0,nan,3079.0,2944.0000,2944.0000,2447.0,2239.3080,37.0959,2138.0,2346.0,nan,nan,nan,nan,nan,0.760635,0.727284,0.453209,nan,0.831182,0.794739,0.495244,-1,1,nan,0.011,2.895,0.0410
80,0.30,40,1000,3,975,4941.0,nan,5681.0,5269.0000,5269.0000,3097.0,2709.1380,59.4355,2541.0,2905.0,nan,nan,nan,nan,nan,0.514165,0.476877,0.548298,nan,0.587778,0.545151,0.626796,-1,1,nan,0.033,10.832,0.1016
160,0.30,5,1000,3,3931,19826.0,nan,1486.0,1485.0000,1485.0000,1481.0,1466.2870,7.2855,1440.0,1481.0,nan,nan,nan,nan,nan,0.987399,0.986734,0.073958,nan,0.997306,0.996635,0.074700,-1,1,nan,0.039,9.464,0.0261
160,0.30,10,1000,3,3931,19826.0,nan,2953.0,2948.0000,2948.0000,2862.0,2808.7440,18.1273,2758.0,2872.0,nan,nan,nan,nan,nan,0.952763,0.951149,0.141670,nan,0.970828,0.969184,0.144356,-1,1,nan,0.042,18.383,0.0419
160,0.30,20,1000,3,3931,19826.0,nan,5834.0,5810.0000,5810.0000,5270.0,5128.9470,37.8400,5010.0,5258.0,nan,nan,nan,nan,nan,0.882779,0.879148,0.258698,nan,0.907057,0.903325,0.265813,-1,1,nan,0.054,28.317,0.0774
160,0.30,40,1000,3,3931,19826.0,nan,11396.0,11184.0000,11184.0000,8942.0,8455.9560,77.1732,8226.0,8722.0,nan,nan,nan,nan,nan,0.756076,0.742011,0.426508,nan,0.799535,0.784661,0.451024,-1,1,nan,0.071,54.571,0.2109
320,0.30,5,1000,3,15313,76857.0,nan,3022.0,2991.0000,2991.0000,2965.0,2936.2710,17.0992,2878.0,2965.0,nan,nan,nan,nan,nan,0.981702,0.971632,0.038204,nan,0.991307,0.981138,0.038578,-1,1,nan,0.134,86.841,0.1087
320,0.30,10,1000,3,15313,76857.0,nan,5904.0,5858.0000,5858.0000,5754.0,5663.9580,30.0887,5553.0,5733.0,nan,nan,nan,nan,nan,0.966876,0.959342,0.073695,nan,0.982247,0.974593,0.074866,-1,1,nan,0.093,163.614,0.1086
320,0.30,20,1000,3,15313,76857.0,nan,11559.0,11495.0000,11495.0000,10925.0,10681.7790,58.6077,10455.0,10853.0,nan,nan,nan,nan,nan,0.929254,0.924109,0.138983,nan,0.950413,0.945151,0.142147,-1,1,nan,0.097,288.809,0.1586
320,0.30,40,1000,3,15313,76857.0,nan,22512.0,22366.0000,22366.0000,19980.0,19308.7300,102.2864,18975.0,19592.0,nan,nan,nan,nan,nan,0.863307,0.857708,0.251229,nan,0.893320,0.887527,0.259963,-1,1,nan,0.191,453.257,0.3274
20,0.30,5,1000,4,51,233.0,141.0,177.0,163.0000,163.0000,136.0,127.9160,5.5765,106.0,141.0,1.156028,1.156028,1.255319,1.652482,0.907206,0.784761,0.722689,0.548996,0.964539,0.834356,0.768362,0.583691,1,1,3.403,0.003,0.051,0.0017
20,0.30,10,1000,4,51,233.0,194.0,303.0,260.0000,260.0000,168.0,148.4430,11.6528,108.0,190.0,1.340206,1.340206,1.561856,1.201031,0.765170,0.570935,0.489911,0.637094,0.865979,0.646154,0.554455,0.721030,1,1,138.367,0.005,0.083,0.0055
40,0.30,5,1000,4,224,1146.0,nan,426.0,417.0000,417.0000,396.0,373.0080,8.8307,346.0,396.0,nan,nan,nan,nan,nan,0.894504,0.875606,0.325487,nan,0.949640,0.929577,0.345550,-1,1,nan,0.008,0.351,0.0064
40,0.30,10,1000,4,224,1146.0,nan,799.0,754.0000,754.0000,614.0,580.2940,19.9927,516.0,641.0,nan,nan,nan,nan,nan,0.769621,0.726275,0.506365,nan,0.814324,0.768461,0.535777,-1,1,nan,0.010,0.591,0.0119
40,0.30,20,1000,4,224,1146.0,nan,1407.0,1295.0000,1295.0000,819.0,668.8670,29.2626,585.0,762.0,nan,nan,nan,nan,nan,0.516500,0.475385,0.583654,nan,0.632432,0.582090,0.714660,-1,1,nan,0.014,0.747,0.0201
80,0.30,5,1000,4,931,4820.0,nan,808.0,806.0000,806.0000,782.0,756.6700,9.7988,732.0,782.0,nan,nan,nan,nan,nan,0.938797,0.936473,0.156985,nan,0.970223,0.967822,0.162241,-1,1,nan,0.007,0.971,0.0068
80,0.30,10,1000,4,931,4820.0,nan,1569.0,1555.0000,1555.0000,1437.0,1365.6130,17.4910,1307.0,1427.0,nan,nan,nan,nan,nan,0.878208,0.870372,0.283322,nan,0.924116,0.915870,0.298133,-1,1,nan,0.015,3.125,0.0145
80,0.30,20,1000,4,931,4820.0,nan,3003.0,2891.0000,2891.0000,2371.0,2197.9990,37.4367,2091.0,2312.0,nan,nan,nan,nan,nan,0.760290,0.731934,0.456016,nan,0.820131,0.789544,0.491909,-1,1,nan,0.011,2.913,0.0454
80,0.30,40,1000,4,931,4820.0,nan,5582.0,5161.0000,5161.0000,3117.0,2654.9410,62.2956,2463.0,2871.0,nan,nan,nan,nan,nan,0.514424,0.475625,0.550818,nan,0.603953,0.558402,0.646680,-1,1,nan,0.034,5.864,0.1100
160,0.30,5,1000,4,3775,19094.0,nan,1559.0,1554.0000,1554.0000,1534.0,1502.2070,17.5837,1462.0,1534.0,nan,nan,nan,nan,nan,0.966671,0.963571,0.078674,nan,0.987130,0.983964,0.080339,-1,1,nan,0.038,13.306,0.0238
160,0.30,10,1000,4,3775,19094.0,nan,3045.0,3030.0000,3030.0000,2893.0,2807.5870,27.2123,2721.0,2884.0,nan,nan,nan,nan,nan,0.926596,0.922032,0.147040,nan,0.954785,0.950082,0.151514,-1,1,nan,0.022,18.545,0.0359
160,0.30,20,1000,4,3775,19094.0,nan,5866.0,5818.0000,5818.0000,5204.0,5053.7800,42.0238,4935.0,5186.0,nan,nan,nan,nan,nan,0.868646,0.861538,0.264679,nan,0.894465,0.887146,0.272546,-1,1,nan,0.029,39.070,0.0830
160,0.30,40,1000,4,3775,19094.0,nan,11209.0,10945.0000,10945.0000,8697.0,8256.5920,74.1034,8028.0,8509.0,nan,nan,nan,nan,nan,0.754371,0.736604,0.432418,nan,0.794609,0.775894,0.455483,-1,1,nan,0.036,43.658,0.1995
320,0.30,5,1000,4,15343,77418.0,nan,2945.0,2940.0000,2940.0000,2922.0,2897.2460,14.2942,2859.0,2922.0,nan,nan,nan,nan,nan,0.985458,0.983785,0.037423,nan,0.993878,0.992190,0.037743,-1,1,nan,0.134,74.590,0.0989
320,0.30,10,1000,4,15343,77418.0,nan,5823.0,5809.0000,5809.0000,5711.0,5626.1150,24.7809,5548.0,5701.0,nan,nan,nan,nan,nan,0.968517,0.966188,0.072672,nan,0.983130,0.980766,0.073768,-1,1,nan,0.091,161.085,0.1075
320,0.30,20,1000,4,15343,77418.0,nan,11460.0,11436.0000,11436.0000,10920.0,10679.7890,54.5759,10494.0,10830.0,nan,nan,nan,nan,nan,0.933875,0.931919,0.137950,nan,0.954879,0.952880,0.141052,-1,1,nan,0.161,255.466,0.1493
320,0.30,40,1000,4,15343,77418.0,nan,22395.0,22277.0000,22277.0000,19962.0,19361.2680,98.0445,19048.0,19706.0,nan,nan,nan,nan,nan,0.869115,0.864535,0.250087,nan,0.896081,0.891360,0.257847,-1,1,nan,0.189,445.619,0.3081
