problem,instance,n,k,trials,seed,chain_stride,chain_len,opt,top_k_bound,total_bound,dual_bound,dual_bound_S0,dual_best_prefix,greedy,rg_mean,rg_std,rg_min,rg_max,best_found,dual_valid,time_dual_ms,time_rg_ms,time_opt_ms,lp_bound,gamma1_bound,gamma1_noprune,mu2_bound,mu3_bound,lattice_A_size,lattice_B_size,prune_rounds,f_empty,f_V,opt_unconstrained,lattice_opt_unconstrained,lattice_opt_k,time_lp_export_ms,time_lp_ms,time_gamma1_ms,time_mu_ms,marginal_bound,time_marginal_ms
gaussian_mi,synthetic_gp_n20,20,1,1000,0,1,2,2.94184573,2.94184573,nan,2.94184573,2.94184573,0,2.94184573,2.94184573,0,2.94184573,2.94184573,2.94184573,1,0.643,0.0045,526.923,2.94184573,36.109214,36.109214,25.6159006,25.20268357,0,20,0,0,0,12.17259892,12.17259892,2.941845731,5.729,0.273,0.035,0.082,2.94184573,0.021
gaussian_mi,synthetic_gp_n20,20,2,1000,0,1,3,5.135071882,5.740949582,nan,5.153103808,5.153103808,0,5.135071882,5.059163613,0.07393820075,4.983200566,5.135071882,5.135071882,1,0.901,0.0027,526.923,5.227322412,36.109214,36.109214,25.6159006,25.20268357,0,20,0,0,0,12.17259892,12.17259892,5.135071882,5.729,0.244,0.035,0.082,5.740949582,0.021
gaussian_mi,synthetic_gp_n20,20,3,1000,0,1,4,7.110172594,7.952207659,nan,7.342279009,7.342279009,0,7.110172594,6.841575867,0.2722226904,5.823240074,7.110172594,7.110172594,1,1.133,0.0033,526.923,7.421259635,36.109214,36.109214,25.49960381,25.20268357,0,20,0,0,0,12.17259892,12.17259892,7.110172594,5.729,0.242,0.035,0.082,7.952207659,0.021
gaussian_mi,synthetic_gp_n20,20,4,1000,0,1,5,8.54981953,10.14138286,nan,9.446730347,9.446730347,0,8.476632593,8.081718324,0.3966048405,6.669816242,8.54981953,8.54981953,1,1.343,0.0039,526.923,9.401474088,36.109214,36.109214,25.49960381,25.20268357,0,20,0,0,0,12.17259892,12.17259892,8.54981953,5.729,0.240,0.035,0.082,10.14138286,0.021
gaussian_mi,synthetic_gp_n20,20,5,1000,0,1,6,9.660561377,12.32115585,nan,11.40456923,11.40456923,0,9.589738367,9.05987123,0.452931309,7.422756382,9.660561377,9.660561377,1,1.532,0.0049,526.923,10.96394058,36.109214,36.109214,25.22030124,25.20268357,0,20,0,0,0,12.17259892,12.17259892,9.660561377,5.729,0.247,0.035,0.082,12.32115585,0.021
gaussian_mi,synthetic_gp_n20,20,6,1000,0,1,7,10.67204495,14.42560719,nan,13.25543911,13.25543911,0,10.60274621,9.907978009,0.4785875349,8.199212668,10.67204495,10.67204495,1,1.701,0.0057,526.923,12.17049037,36.109214,36.109214,24.7930123,25.20268357,0,20,0,0,0,12.17259892,12.17259892,10.67204495,5.729,0.253,0.035,0.082,14.42560719,0.021
gaussian_mi,synthetic_gp_n20,20,7,1000,0,1,8,11.45072929,16.27647707,nan,14.90693458,14.90693458,0,11.40666804,10.37465708,0.7361065146,7.585371908,11.40666804,11.45072929,1,1.844,0.0068,526.923,13.2397562,36.109214,36.109214,24.7930123,25.20268357,0,20,0,0,0,12.17259892,12.17259892,11.45072929,5.729,0.254,0.035,0.082,16.27647707,0.021
gaussian_mi,synthetic_gp_n20,20,8,1000,0,1,9,12.14851409,17.92797254,nan,16.54352063,16.54352063,0,12.10789529,10.66679512,0.8409134058,7.446593132,12.10496945,12.14851409,1,1.973,0.0080,526.923,14.23649359,36.109214,36.109214,24.7930123,25.20268357,0,20,0,0,0,12.17259892,12.17259892,12.14851409,5.729,0.266,0.035,0.082,17.92797254,0.021
gaussian_mi,synthetic_gp_n20,20,9,1000,0,1,10,12.17259892,19.56455859,nan,17.6708201,17.6708201,0,12.13332584,10.71746945,0.883529982,7.599185525,12.13278257,12.17259892,1,2.084,0.0093,526.923,14.8546611,36.109214,36.109214,24.7930123,25.20268357,0,20,0,0,0,12.17259892,12.17259892,12.17259892,5.729,0.265,0.035,0.082,19.56455859,0.021
gaussian_mi,synthetic_gp_n20,20,10,1000,0,1,10,12.17259892,20.69185806,nan,18.72378848,18.72378848,0,12.13332584,10.75858864,0.9670132313,6.228009681,12.15784589,12.17259892,1,2.084,0.0112,526.923,15.17128336,36.109214,36.109214,24.7930123,25.20268357,0,20,0,0,0,12.17259892,12.17259892,12.17259892,5.729,0.251,0.035,0.082,20.69185806,0.021
gaussian_mi,synthetic_gp_n20,20,11,1000,0,1,10,12.17259892,21.74482643,nan,19.75098824,19.75098824,0,12.13332584,10.78767156,0.9716570378,7.771934185,12.15240223,12.17259892,1,2.084,0.0150,526.923,15.27714883,36.109214,36.109214,24.7930123,25.20268357,0,20,0,0,0,12.17259892,12.17259892,12.17259892,5.729,0.247,0.035,0.082,21.74482643,0.021
gaussian_mi,synthetic_gp_n20,20,12,1000,0,1,10,12.17259892,22.7720262,nan,20.74103451,20.74103451,0,12.13332584,10.81079274,0.9885321323,6.638299106,12.17259892,12.17259892,1,2.084,0.0164,526.923,15.31546309,36.109214,36.109214,24.7930123,25.20268357,0,20,0,0,0,12.17259892,12.17259892,12.17259892,5.729,0.241,0.035,0.082,22.7720262,0.021
gaussian_mi,synthetic_gp_n20,20,13,1000,0,1,10,12.17259892,23.76207247,nan,21.69507261,21.69507261,0,12.13332584,10.81278231,1.034012571,7.04211325,12.17179817,12.17259892,1,2.084,0.0272,526.923,15.31546309,36.109214,36.109214,24.7930123,25.20268357,0,20,0,0,0,12.17259892,12.17259892,12.17259892,5.729,0.247,0.035,0.082,23.76207247,0.021
gaussian_mi,synthetic_gp_n20,20,14,1000,0,1,10,12.17259892,24.71611057,nan,22.63444542,22.63444542,0,12.13332584,10.82089738,1.037664517,6.736036692,12.17259892,12.17259892,1,2.084,0.0144,526.923,15.31546309,36.109214,36.109214,24.7930123,25.20268357,0,20,0,0,0,12.17259892,12.17259892,12.17259892,5.729,0.243,0.035,0.082,24.71611057,0.021
gaussian_mi,synthetic_gp_n20,20,15,1000,0,1,10,12.17259892,25.65548337,nan,23.43200853,23.43200853,0,12.13332584,10.82015148,1.135893899,6.139571986,12.17259892,12.17259892,1,2.084,0.0152,526.923,15.31546309,36.109214,36.109214,24.7930123,25.20268357,0,20,0,0,0,12.17259892,12.17259892,12.17259892,5.729,0.242,0.035,0.082,24.7930123,0.021
gaussian_mi,synthetic_gp_n20,20,16,1000,0,1,10,12.17259892,26.45304649,nan,24.17639121,24.17639121,0,12.13332584,10.81174236,1.074404943,6.351248432,12.16696656,12.17259892,1,2.084,0.0229,526.923,15.31546309,36.109214,36.109214,24.7930123,25.20268357,0,20,0,0,0,12.17259892,12.17259892,12.17259892,5.729,0.247,0.035,0.082,24.7930123,0.021
gaussian_mi,synthetic_gp_n20,20,17,1000,0,1,10,12.17259892,27.19742917,nan,24.37043928,24.52888314,4,12.13332584,10.78265386,1.086414543,6.391736587,12.17179817,12.17259892,1,2.084,0.0274,526.923,15.31546309,36.109214,36.109214,24.7930123,25.20268357,0,20,0,0,0,12.17259892,12.17259892,12.17259892,5.729,0.250,0.035,0.082,24.7930123,0.021
gaussian_mi,synthetic_gp_n20,20,18,1000,0,1,10,12.17259892,27.5499211,nan,24.37043928,24.82559159,4,12.13332584,10.74780404,1.114413176,5.687899449,12.17259892,12.17259892,1,2.084,0.0243,526.923,15.31546309,36.109214,36.109214,24.7930123,25.20268357,0,20,0,0,0,12.17259892,12.17259892,12.17259892,5.729,0.244,0.035,0.082,24.7930123,0.021
gaussian_mi,synthetic_gp_n20,20,19,1000,0,1,10,12.17259892,27.84662955,nan,24.37043928,25.01113049,4,12.13332584,10.67081894,1.147951198,5.662006833,12.1644532,12.17259892,1,2.084,0.0226,526.923,15.31546309,36.109214,36.109214,24.7930123,25.20268357,0,20,0,0,0,12.17259892,12.17259892,12.17259892,5.729,0.245,0.035,0.082,24.7930123,0.021
gaussian_mi,synthetic_gp_n20,20,20,1000,0,1,10,12.17259892,28.03216845,nan,24.37043928,25.01113049,4,12.13332584,10.75245585,1.173605613,5.95452724,12.16696656,12.17259892,1,2.084,0.0270,526.923,15.31546309,36.109214,36.109214,24.7930123,25.20268357,0,20,0,0,0,12.17259892,12.17259892,12.17259892,5.729,0.308,0.035,0.082,24.7930123,0.021
gaussian_mi,synthetic_gp_n20,20,1,1000,1,1,2,2.047307462,2.047307462,nan,2.047307462,2.047307462,0,2.047307462,2.047307462,0,2.047307462,2.047307462,2.047307462,1,1.090,0.0051,537.628,2.047307462,27.19680474,27.19680474,21.03886427,19.98410489,0,20,0,0,0,9.443807303,9.443807303,2.047307462,6.038,0.302,0.032,0.083,2.047307462,0.021
gaussian_mi,synthetic_gp_n20,20,2,1000,1,1,3,3.686688075,4.03023455,nan,3.717147524,3.717147524,0,3.686688075,3.567078133,0.08522153399,3.455159871,3.686688075,3.686688075,1,1.506,0.0064,537.628,3.900259552,27.19680474,27.19680474,20.5960629,19.98410489,0,20,0,0,0,9.443807303,9.443807303,3.686688075,6.038,0.261,0.032,0.083,4.03023455,0.021
gaussian_mi,synthetic_gp_n20,20,3,1000,1,1,4,5.035126786,5.700074612,nan,5.213093334,5.213093334,0,5.035126786,4.79918008,0.1659905667,4.406742074,5.035126786,5.035126786,1,2.020,0.0039,537.628,5.478186769,27.19680474,27.19680474,20.05107193,19.98410489,0,20,0,0,0,9.443807303,9.443807303,5.035126786,6.038,0.259,0.032,0.083,5.700074612,0.021
gaussian_mi,synthetic_gp_n20,20,4,1000,1,1,5,6.20339759,7.292986156,nan,6.640692154,6.640692154,0,6.20339759,5.798659272,0.2425142067,5.040246357,6.20339759,6.20339759,1,2.401,0.0039,537.628,6.869878052,27.19680474,27.19680474,19.43823329,19.98410489,0,20,0,0,0,9.443807303,9.443807303,6.20339759,6.038,0.270,0.032,0.083,7.292986156,0.021
gaussian_mi,synthetic_gp_n20,20,5,1000,1,1,6,7.341791159,8.788931966,nan,8.050376838,8.050376838,0,7.341791159,6.619471665,0.3044852093,5.767264407,7.341791159,7.341791159,1,2.705,0.0121,537.628,8.209559956,27.19680474,27.19680474,18.78614027,19.98410489,0,20,0,0,0,9.443807303,9.443807303,7.341791159,6.038,0.270,0.032,0.083,8.788931966,0.021
gaussian_mi,synthetic_gp_n20,20,6,1000,1,1,7,8.044883346,10.21653079,nan,9.453448809,9.453448809,0,8.036079987,7.282884416,0.3165884981,6.371840591,8.044883346,8.044883346,1,2.981,0.0066,537.628,9.473074549,27.19680474,27.19680474,18.78614027,19.98410489,0,20,0,0,0,9.443807303,9.443807303,8.044883346,6.038,0.261,0.032,0.083,10.21653079,0.021
gaussian_mi,synthetic_gp_n20,20,7,1000,1,1,8,8.737164299,11.62621547,nan,10.72624893,10.72624893,0,8.592386498,7.712274842,0.3647506368,6.583972511,8.737164299,8.737164299,1,3.214,0.0105,537.628,10.71946445,27.19680474,27.19680474,18.78614027,19.98410489,0,20,0,0,0,9.443807303,9.443807303,8.737164299,6.038,0.283,0.032,0.083,11.62621547,0.021
gaussian_mi,synthetic_gp_n20,20,8,1000,1,1,9,9.29101081,13.02928744,nan,11.9511634,11.9511634,0,9.099362224,7.925463133,0.4773739269,6.276536356,9.254226017,9.29101081,1,3.421,0.0185,537.628,11.87701653,27.19680474,27.19680474,18.78614027,19.98410489,0,20,0,0,0,9.443807303,9.443807303,9.29101081,6.038,0.284,0.032,0.083,13.02928744,0.021
gaussian_mi,synthetic_gp_n20,20,9,1000,1,1,10,9.431586841,14.30208756,nan,13.17390593,13.17390593,0,9.220981352,8.064089756,0.5427725258,6.042907154,9.372916266,9.431586841,1,3.599,0.0106,537.628,12.60638673,27.19680474,27.19680474,18.78614027,19.98410489,0,20,0,0,0,9.443807303,9.443807303,9.431586841,6.038,0.290,0.032,0.083,14.30208756,0.021
gaussian_mi,synthetic_gp_n20,20,10,1000,1,1,10,9.443807303,15.52700203,nan,14.36734711,14.36734711,0,9.220981352,8.137687076,0.5673304425,6.173906059,9.379552885,9.443807303,1,3.599,0.0149,537.628,12.9912328,27.19680474,27.19680474,18.78614027,19.98410489,0,20,0,0,0,9.443807303,9.443807303,9.443807303,6.038,0.266,0.032,0.083,15.52700203,0.021
gaussian_mi,synthetic_gp_n20,20,11,1000,1,1,10,9.443807303,16.74974456,nan,15.42480605,15.42480605,0,9.220981352,8.185051391,0.5506253941,6.166360136,9.431586841,9.443807303,1,3.599,0.0173,537.628,13.15780072,27.19680474,27.19680474,18.78614027,19.98410489,0,20,0,0,0,9.443807303,9.443807303,9.443807303,6.038,0.266,0.032,0.083,16.74974456,0.021
gaussian_mi,synthetic_gp_n20,20,12,1000,1,1,10,9.443807303,17.94318575,nan,16.39360616,16.39360616,0,9.220981352,8.190886498,0.5830858504,5.941414699,9.443807303,9.443807303,1,3.599,0.0204,537.628,13.25312488,27.19680474,27.19680474,18.78614027,19.98410489,0,20,0,0,0,9.443807303,9.443807303,9.443807303,6.038,0.248,0.032,0.083,17.94318575,0.021
gaussian_mi,synthetic_gp_n20,20,13,1000,1,1,10,9.443807303,19.00064468,nan,17.29526972,17.29526972,0,9.220981352,8.188733173,0.6045991918,5.859611018,9.431586841,9.443807303,1,3.599,0.0172,537.628,13.25312488,27.19680474,27.19680474,18.78614027,19.98410489,0,20,0,0,0,9.443807303,9.443807303,9.443807303,6.038,0.243,0.032,0.083,18.78614027,0.021
gaussian_mi,synthetic_gp_n20,20,14,1000,1,1,10,9.443807303,19.9694448,nan,17.98628048,18.1496828,1,9.220981352,8.244814388,0.5987297171,6.00637079,9.421764058,9.443807303,1,3.599,0.0241,537.628,13.25312488,27.19680474,27.19680474,18.78614027,19.98410489,0,20,0,0,0,9.443807303,9.443807303,9.443807303,6.038,0.241,0.032,0.083,18.78614027,0.021
gaussian_mi,synthetic_gp_n20,20,15,1000,1,1,10,9.443807303,20.87110835,nan,18.33715234,18.87478592,1,9.220981352,8.208940478,0.625971898,5.147056995,9.431586841,9.443807303,1,3.599,0.0220,537.628,13.25312488,27.19680474,27.19680474,18.78614027,19.98410489,0,20,0,0,0,9.443807303,9.443807303,9.443807303,6.038,0.240,0.032,0.083,18.78614027,0.021
gaussian_mi,synthetic_gp_n20,20,16,1000,1,1,10,9.443807303,21.72552143,nan,18.50339489,19.48344077,2,9.220981352,8.187312861,0.6374355961,5.472536598,9.431586841,9.443807303,1,3.599,0.0240,537.628,13.25312488,27.19680474,27.19680474,18.78614027,19.98410489,0,20,0,0,0,9.443807303,9.443807303,9.443807303,6.038,0.261,0.032,0.083,18.78614027,0.021
gaussian_mi,synthetic_gp_n20,20,17,1000,1,1,10,9.443807303,22.45062455,nan,18.50339489,19.88908756,2,9.220981352,8.210151741,0.6264667958,6.117467722,9.421764058,9.443807303,1,3.599,0.0271,537.628,13.25312488,27.19680474,27.19680474,18.78614027,19.98410489,0,20,0,0,0,9.443807303,9.443807303,9.443807303,6.038,0.253,0.032,0.083,18.78614027,0.021
gaussian_mi,synthetic_gp_n20,20,18,1000,1,1,10,9.443807303,23.0592794,nan,18.50339489,20.28134845,2,9.220981352,8.186725832,0.6684911096,5.223488162,9.37400284,9.443807303,1,3.599,0.0252,537.628,13.25312488,27.19680474,27.19680474,18.78614027,19.98410489,0,20,0,0,0,9.443807303,9.443807303,9.443807303,6.038,0.241,0.032,0.083,18.78614027,0.021
gaussian_mi,synthetic_gp_n20,20,19,1000,1,1,10,9.443807303,23.46492619,nan,18.50339489,20.34437167,2,9.220981352,8.204792096,0.6331838521,5.204598194,9.37400284,9.443807303,1,3.599,0.0330,537.628,13.25312488,27.19680474,27.19680474,18.78614027,19.98410489,0,20,0,0,0,9.443807303,9.443807303,9.443807303,6.038,0.236,0.032,0.083,18.78614027,0.021
gaussian_mi,synthetic_gp_n20,20,20,1000,1,1,10,9.443807303,23.85718708,nan,18.50339489,20.34437167,2,9.220981352,8.145966178,0.6642185149,5.408824711,9.37400284,9.443807303,1,3.599,0.0325,537.628,13.25312488,27.19680474,27.19680474,18.78614027,19.98410489,0,20,0,0,0,9.443807303,9.443807303,9.443807303,6.038,0.295,0.032,0.083,18.78614027,0.021
gaussian_mi,synthetic_gp_n20,20,1,1000,2,1,2,3.064946275,3.064946275,nan,3.064946275,3.064946275,0,3.064946275,3.064946275,0,3.064946275,3.064946275,3.064946275,1,1.004,0.0052,587.515,3.064946275,36.79032782,36.79032782,27.58721446,27.28213594,0,20,0,0,0,12.84002044,12.84002044,3.064946275,5.802,0.259,0.032,0.083,3.064946275,0.021
gaussian_mi,synthetic_gp_n20,20,2,1000,2,1,3,5.457205704,6.009380462,nan,5.698271571,5.698271571,0,5.457205704,5.377682826,0.06341999718,5.295505171,5.457205704,5.457205704,1,1.429,0.0074,587.515,5.707848333,36.79032782,36.79032782,27.58721446,27.28213594,0,20,0,0,0,12.84002044,12.84002044,5.457205704,5.802,0.238,0.032,0.083,6.009380462,0.021
gaussian_mi,synthetic_gp_n20,20,3,1000,2,1,4,7.637645917,8.642705757,nan,8.098461826,8.098461826,0,7.637645917,7.322214863,0.2293310944,6.675939867,7.637645917,7.637645917,1,1.805,0.0032,587.515,8.216967172,36.79032782,36.79032782,27.20089066,27.28213594,0,20,0,0,0,12.84002044,12.84002044,7.637645917,5.802,0.243,0.032,0.083,8.642705757,0.021
gaussian_mi,synthetic_gp_n20,20,4,1000,2,1,5,9.378413562,11.1624777,nan,10.45421821,10.45421821,0,9.378413562,8.826563422,0.3202434705,7.879236564,9.378413562,9.378413562,1,2.165,0.0038,587.515,10.63210489,36.79032782,36.79032782,26.37393177,27.28213594,0,20,0,0,0,12.84002044,12.84002044,9.378413562,5.802,0.238,0.032,0.083,11.1624777,0.021
gaussian_mi,synthetic_gp_n20,20,5,1000,2,1,6,10.65039411,13.56266795,nan,12.53226204,12.53226204,0,10.65039411,9.947525146,0.4629429002,8.246764827,10.65039411,10.65039411,1,2.477,0.0095,587.515,12.88890059,36.79032782,36.79032782,26.37393177,27.28213594,0,20,0,0,0,12.84002044,12.84002044,10.65039411,5.802,0.239,0.032,0.083,13.56266795,0.021
gaussian_mi,synthetic_gp_n20,20,6,1000,2,1,7,11.72954821,15.91842433,nan,14.48979771,14.48979771,0,11.72954821,10.61620454,0.6076137655,8.403063096,11.72954821,11.72954821,1,2.754,0.0087,587.515,14.88068442,36.79032782,36.79032782,26.37393177,27.28213594,0,20,0,0,0,12.84002044,12.84002044,11.72954821,5.802,0.250,0.032,0.083,15.91842433,0.021
gaussian_mi,synthetic_gp_n20,20,7,1000,2,1,8,12.46165501,18.2729051,nan,16.32626724,16.32626724,0,12.46165501,10.98240906,0.6919189133,8.736143665,12.46165501,12.46165501,1,2.987,0.0149,587.515,16.37318473,36.79032782,36.79032782,26.37393177,27.28213594,0,20,0,0,0,12.84002044,12.84002044,12.46165501,5.802,0.253,0.032,0.083,18.2729051,0.021
gaussian_mi,synthetic_gp_n20,20,8,1000,2,1,9,12.68430007,20.35094893,nan,17.77368132,17.77368132,0,12.68430007,11.15800019,0.7630722423,8.502063748,12.62405354,12.68430007,1,3.194,0.0117,587.515,17.50622898,36.79032782,36.79032782,26.37393177,27.28213594,0,20,0,0,0,12.84002044,12.84002044,12.68430007,5.802,0.262,0.032,0.083,20.35094893,0.021
gaussian_mi,synthetic_gp_n20,20,9,1000,2,1,10,12.84002044,22.3084846,nan,19.11984753,19.11984753,0,12.84002044,11.16473375,0.7898953179,7.829588681,12.68628012,12.84002044,1,3.374,0.0155,587.515,18.31807748,36.79032782,36.79032782,26.37393177,27.28213594,0,20,0,0,0,12.84002044,12.84002044,12.84002044,5.802,0.262,0.032,0.083,22.3084846,0.021
gaussian_mi,synthetic_gp_n20,20,10,1000,2,1,10,12.84002044,24.14495413,nan,20.46219394,20.46219394,0,12.84002044,11.22306628,0.8104714778,8.526974698,12.68976353,12.84002044,1,3.374,0.0102,587.515,18.94975412,36.79032782,36.79032782,26.37393177,27.28213594,0,20,0,0,0,12.84002044,12.84002044,12.84002044,5.802,0.254,0.032,0.083,24.14495413,0.021
gaussian_mi,synthetic_gp_n20,20,11,1000,2,1,10,12.84002044,25.59236821,nan,21.76891458,21.76891458,0,12.84002044,11.25232014,0.8401114446,8.023703539,12.75876128,12.84002044,1,3.374,0.0113,587.515,19.22097734,36.79032782,36.79032782,26.37393177,27.28213594,0,20,0,0,0,12.84002044,12.84002044,12.84002044,5.802,0.255,0.032,0.083,25.59236821,0.021
gaussian_mi,synthetic_gp_n20,20,12,1000,2,1,10,12.84002044,26.93853442,nan,22.97516229,22.97516229,0,12.84002044,11.28288904,0.8650946815,6.834872202,12.73279124,12.84002044,1,3.374,0.0207,587.515,19.22937784,36.79032782,36.79032782,26.37393177,27.28213594,0,20,0,0,0,12.84002044,12.84002044,12.84002044,5.802,0.261,0.032,0.083,26.37393177,0.021
gaussian_mi,synthetic_gp_n20,20,13,1000,2,1,10,12.84002044,28.24525506,nan,24.0787615,24.0787615,0,12.84002044,11.21396069,0.8914052956,7.581274954,12.73279124,12.84002044,1,3.374,0.0194,587.515,19.22937784,36.79032782,36.79032782,26.37393177,27.28213594,0,20,0,0,0,12.84002044,12.84002044,12.84002044,5.802,0.257,0.032,0.083,26.37393177,0.021
gaussian_mi,synthetic_gp_n20,20,14,1000,2,1,10,12.84002044,29.45150277,nan,25.15158874,25.15158874,0,12.84002044,11.21992437,0.875821925,7.967342069,12.84002044,12.84002044,1,3.374,0.0214,587.515,19.22937784,36.79032782,36.79032782,26.37393177,27.28213594,0,20,0,0,0,12.84002044,12.84002044,12.84002044,5.802,0.249,0.032,0.083,26.37393177,0.021
gaussian_mi,synthetic_gp_n20,20,15,1000,2,1,10,12.84002044,30.55510198,nan,25.40814085,26.00970262,3,12.84002044,11.18864495,0.9363269618,7.733543983,12.72839,12.84002044,1,3.374,0.0237,587.515,19.22937784,36.79032782,36.79032782,26.37393177,27.28213594,0,20,0,0,0,12.84002044,12.84002044,12.84002044,5.802,0.242,0.032,0.083,26.37393177,0.021
gaussian_mi,synthetic_gp_n20,20,16,1000,2,1,10,12.84002044,31.62792922,nan,25.40814085,26.76713576,3,12.84002044,11.14088766,0.9674323743,7.347628378,12.72839,12.84002044,1,3.374,0.0175,587.515,19.22937784,36.79032782,36.79032782,26.37393177,27.28213594,0,20,0,0,0,12.84002044,12.84002044,12.84002044,5.802,0.243,0.032,0.083,26.37393177,0.021
gaussian_mi,synthetic_gp_n20,20,17,1000,2,1,10,12.84002044,32.4860431,nan,25.40814085,27.19808617,3,12.84002044,11.24305347,0.9160519987,7.410077841,12.84002044,12.84002044,1,3.374,0.0257,587.515,19.22937784,36.79032782,36.79032782,26.37393177,27.28213594,0,20,0,0,0,12.84002044,12.84002044,12.84002044,5.802,0.242,0.032,0.083,26.37393177,0.021
gaussian_mi,synthetic_gp_n20,20,18,1000,2,1,10,12.84002044,33.24347624,nan,25.40814085,27.28625915,3,12.84002044,11.20251073,0.9410208353,6.387190804,12.84002044,12.84002044,1,3.374,0.0241,587.515,19.22937784,36.79032782,36.79032782,26.37393177,27.28213594,0,20,0,0,0,12.84002044,12.84002044,12.84002044,5.802,0.242,0.032,0.083,26.37393177,0.021
gaussian_mi,synthetic_gp_n20,20,19,1000,2,1,10,12.84002044,33.67442665,nan,25.40814085,27.28625915,3,12.84002044,11.15626406,0.9741128051,7.317938381,12.84002044,12.84002044,1,3.374,0.0216,587.515,19.22937784,36.79032782,36.79032782,26.37393177,27.28213594,0,20,0,0,0,12.84002044,12.84002044,12.84002044,5.802,0.240,0.032,0.083,26.37393177,0.021
gaussian_mi,synthetic_gp_n20,20,20,1000,2,1,10,12.84002044,33.76259963,nan,25.40814085,27.28625915,3,12.84002044,11.16623989,0.9616641715,7.556624023,12.7824384,12.84002044,1,3.374,0.0232,587.515,19.22937784,36.79032782,36.79032782,26.37393177,27.28213594,0,20,0,0,0,12.84002044,12.84002044,12.84002044,5.802,0.293,0.032,0.083,26.37393177,0.021
gaussian_mi,synthetic_gp_n20,20,1,1000,3,1,2,3.234330523,3.234330523,nan,3.234330523,3.234330523,0,3.234330523,3.234330523,0,3.234330523,3.234330523,3.234330523,1,0.778,0.0052,505.252,3.234330523,30.33503746,30.33503746,24.66265364,24.47636407,0,20,0,0,0,11.19195656,11.19195656,3.234330523,7.755,0.235,0.072,0.211,3.234330523,0.057
gaussian_mi,synthetic_gp_n20,20,2,1000,3,1,3,5.629200684,6.468600847,nan,6.216664128,6.216664128,0,5.43206998,5.497029735,0.08320982851,5.417548184,5.629200684,5.629200684,1,1.101,0.0031,505.252,6.408603926,30.33503746,30.33503746,24.66265364,24.47636407,0,20,0,0,0,11.19195656,11.19195656,5.629200684,7.755,0.230,0.072,0.211,6.468600847,0.057
gaussian_mi,synthetic_gp_n20,20,3,1000,3,1,4,7.456393274,9.57294534,nan,9.142539431,9.142539431,0,7.185712109,7.088493784,0.2164609995,6.673887163,7.456393274,7.456393274,1,1.384,0.0052,505.252,9.387808707,30.33503746,30.33503746,24.66265364,24.47636407,0,20,0,0,0,11.19195656,11.19195656,7.456393274,7.755,0.232,0.072,0.211,9.57294534,0.057
gaussian_mi,synthetic_gp_n20,20,4,1000,3,1,5,8.923332829,12.55527894,nan,11.65582996,11.65582996,0,8.643744264,8.259915925,0.4011047918,7.342311429,8.923332829,8.923332829,1,1.671,0.0078,505.252,12.28496043,30.33503746,30.33503746,23.82344438,24.47636407,0,20,0,0,0,11.19195656,11.19195656,8.923332829,7.755,0.240,0.072,0.211,12.55527894,0.057
gaussian_mi,synthetic_gp_n20,20,5,1000,3,1,6,9.877295935,15.48115425,nan,13.80838977,13.80838977,0,9.461378646,9.032231828,0.3930992374,7.799409247,9.877295935,9.877295935,1,1.921,0.0047,505.252,14.43532732,30.33503746,30.33503746,23.65982221,24.47636407,0,20,0,0,0,11.19195656,11.19195656,9.877295935,7.755,0.246,0.072,0.211,15.48115425,0.057
gaussian_mi,synthetic_gp_n20,20,6,1000,3,1,7,10.51515415,17.99444478,nan,15.89353827,15.89353827,0,9.967860515,9.52243855,0.4120814059,7.874657344,10.51515415,10.51515415,1,2.099,0.0080,505.252,16.03660404,30.33503746,30.33503746,23.65982221,24.47636407,0,20,0,0,0,11.19195656,11.19195656,10.51515415,7.755,0.248,0.072,0.211,17.55073157,0.057
gaussian_mi,synthetic_gp_n20,20,7,1000,3,1,8,10.81889674,20.43924774,nan,17.31839201,17.45776318,1,10.43790932,9.759670473,0.4640404446,7.984706142,10.80587728,10.81889674,1,2.256,0.0108,505.252,17.19181961,30.33503746,30.33503746,23.65982221,24.47636407,0,20,0,0,0,11.19195656,11.19195656,10.81889674,7.755,0.257,0.072,0.211,18.90134836,0.057
gaussian_mi,synthetic_gp_n20,20,8,1000,3,1,9,11.01512965,22.59180755,nan,18.54655429,19.00777512,1,10.5983075,9.841307536,0.4948461871,7.863616648,10.9067646,11.01512965,1,2.389,0.0110,505.252,18.11386404,30.33503746,30.33503746,23.65982221,24.47636407,0,20,0,0,0,11.19195656,11.19195656,11.01512965,7.755,0.263,0.072,0.211,20.2411095,0.057
gaussian_mi,synthetic_gp_n20,20,9,1000,3,1,10,11.17815387,24.15603247,nan,19.7054009,20.3599483,1,10.7153519,9.927730056,0.5321846372,7.740121448,11.09712906,11.17815387,1,2.504,0.0093,505.252,18.65560052,30.33503746,30.33503746,23.65982221,24.47636407,0,20,0,0,0,11.19195656,11.19195656,11.17815387,7.755,0.260,0.072,0.211,21.46927178,0.057
gaussian_mi,synthetic_gp_n20,20,10,1000,3,1,11,11.19195656,25.7060444,nan,20.83780869,21.70159259,1,10.80144581,9.93224212,0.5393785037,7.68553527,10.97118176,11.19195656,1,2.608,0.0107,505.252,18.82379901,30.33503746,30.33503746,23.65982221,24.47636407,0,20,0,0,0,11.19195656,11.19195656,11.19195656,7.755,0.265,0.072,0.211,22.65873497,0.057
gaussian_mi,synthetic_gp_n20,20,11,1000,3,1,12,11.19195656,27.05821758,nan,21.91914388,22.94889249,1,10.87626252,9.924712628,0.5543661779,7.858097518,11.02261965,11.19195656,1,2.693,0.0170,505.252,18.76953792,30.33503746,30.33503746,23.65982221,24.47636407,0,20,0,0,0,11.19195656,11.19195656,11.19195656,7.755,0.270,0.072,0.211,23.65982221,0.057
gaussian_mi,synthetic_gp_n20,20,12,1000,3,1,12,11.19195656,28.39986187,nan,22.69624006,24.12180753,2,10.87626252,9.935038301,0.6033829609,7.549041099,11.17815387,11.19195656,1,2.693,0.0184,505.252,18.76953792,30.33503746,30.33503746,23.65982221,24.47636407,0,20,0,0,0,11.19195656,11.19195656,11.19195656,7.755,0.259,0.072,0.211,23.65982221,0.057
gaussian_mi,synthetic_gp_n20,20,13,1000,3,1,12,11.19195656,29.64716177,nan,22.91366812,25.03808741,2,10.87626252,9.905219352,0.6133188806,7.597894627,11.19195656,11.19195656,1,2.693,0.0191,505.252,18.76953792,30.33503746,30.33503746,23.65982221,24.47636407,0,20,0,0,0,11.19195656,11.19195656,11.19195656,7.755,0.253,0.072,0.211,23.65982221,0.057
gaussian_mi,synthetic_gp_n20,20,14,1000,3,1,12,11.19195656,30.82007681,nan,23.10599342,25.70067889,2,10.87626252,9.901103536,0.6331497574,7.39340207,11.00565202,11.19195656,1,2.693,0.0228,505.252,18.76953792,30.33503746,30.33503746,23.65982221,24.47636407,0,20,0,0,0,11.19195656,11.19195656,11.19195656,7.755,0.249,0.072,0.211,23.65982221,0.057
gaussian_mi,synthetic_gp_n20,20,15,1000,3,1,12,11.19195656,31.7363567,nan,23.21341121,26.10815604,4,10.87626252,9.906685061,0.642333876,7.125772463,10.99690567,11.19195656,1,2.693,0.0159,505.252,18.76953792,30.33503746,30.33503746,23.65982221,24.47636407,0,20,0,0,0,11.19195656,11.19195656,11.19195656,7.755,0.247,0.072,0.211,23.65982221,0.057
gaussian_mi,synthetic_gp_n20,20,16,1000,3,1,12,11.19195656,32.39894818,nan,23.21341121,26.34262473,4,10.87626252,9.902434604,0.6358330896,6.92596109,11.01512965,11.19195656,1,2.693,0.0245,505.252,18.76953792,30.33503746,30.33503746,23.65982221,24.47636407,0,20,0,0,0,11.19195656,11.19195656,11.19195656,7.755,0.245,0.072,0.211,23.65982221,0.057
gaussian_mi,synthetic_gp_n20,20,17,1000,3,1,12,11.19195656,32.80642533,nan,23.21341121,26.48395906,4,10.87626252,9.891538228,0.6318211008,6.632292021,11.15613171,11.19195656,1,2.693,0.0234,505.252,18.76953792,30.33503746,30.33503746,23.65982221,24.47636407,0,20,0,0,0,11.19195656,11.19195656,11.19195656,7.755,0.244,0.072,0.211,23.65982221,0.057
gaussian_mi,synthetic_gp_n20,20,18,1000,3,1,12,11.19195656,33.04089402,nan,23.21341121,26.5080686,4,10.87626252,9.840327489,0.663962044,7.10533592,11.08989362,11.19195656,1,2.693,0.0264,505.252,18.76953792,30.33503746,30.33503746,23.65982221,24.47636407,0,20,0,0,0,11.19195656,11.19195656,11.19195656,7.755,0.244,0.072,0.211,23.65982221,0.057
gaussian_mi,synthetic_gp_n20,20,19,1000,3,1,12,11.19195656,33.18222834,nan,23.21341121,26.5080686,4,10.87626252,9.85164767,0.7125750605,5.634604863,11.0743123,11.19195656,1,2.693,0.0318,505.252,18.76953792,30.33503746,30.33503746,23.65982221,24.47636407,0,20,0,0,0,11.19195656,11.19195656,11.19195656,7.755,0.247,0.072,0.211,23.65982221,0.057
gaussian_mi,synthetic_gp_n20,20,20,1000,3,1,12,11.19195656,33.20633789,nan,23.21341121,26.5080686,4,10.87626252,9.838974969,0.6670971857,6.853133901,11.16991462,11.19195656,1,2.693,0.0243,505.252,18.76953792,30.33503746,30.33503746,23.65982221,24.47636407,0,20,0,0,0,11.19195656,11.19195656,11.19195656,7.755,0.304,0.072,0.211,23.65982221,0.057
gaussian_mi,synthetic_gp_n20,20,1,1000,4,1,2,2.474151141,2.474151141,nan,2.474151141,2.474151141,0,2.474151141,2.474151141,0,2.474151141,2.474151141,2.474151141,1,1.043,0.0054,623.742,2.474151141,27.71478571,27.71478571,21.15419413,21.19195856,0,20,0,0,0,9.873386661,9.873386661,2.474151141,7.414,0.246,0.032,0.082,2.474151141,0.022
gaussian_mi,synthetic_gp_n20,20,2,1000,4,1,3,4.357921168,4.795561954,nan,4.365430355,4.365430355,0,4.357921168,4.240230845,0.08400037612,4.123818391,4.357921168,4.357921168,1,1.466,0.0054,623.742,4.458537269,27.71478571,27.71478571,21.15419413,21.19195856,0,20,0,0,0,9.873386661,9.873386661,4.357921168,7.414,0.242,0.032,0.082,4.795561954,0.022
gaussian_mi,synthetic_gp_n20,20,3,1000,4,1,4,6.017542004,6.686841168,nan,6.090353834,6.090353834,0,6.017542004,5.811941199,0.1757240478,5.193752963,6.017542004,6.017542004,1,1.847,0.0032,623.742,6.247043711,27.71478571,27.71478571,20.43224708,21.19195856,0,20,0,0,0,9.873386661,9.873386661,6.017542004,7.414,0.233,0.032,0.082,6.686841168,0.022
gaussian_mi,synthetic_gp_n20,20,4,1000,4,1,5,7.555798055,8.493078199,nan,7.729077306,7.729077306,0,7.555798055,6.888548755,0.3702181898,5.936368635,7.555798055,7.555798055,1,2.185,0.0038,623.742,7.943159215,27.71478571,27.71478571,19.95538194,21.19195856,0,20,0,0,0,9.873386661,9.873386661,7.555798055,7.414,0.233,0.032,0.082,8.493078199,0.022
gaussian_mi,synthetic_gp_n20,20,5,1000,4,1,6,8.383376161,10.21800168,nan,9.355077441,9.355077441,0,8.365443073,7.639056393,0.4387740218,6.292079835,8.383376161,8.383376161,1,2.492,0.0084,623.742,9.543663642,27.71478571,27.71478571,19.84856601,21.19195856,0,20,0,0,0,9.873386661,9.873386661,8.383376161,7.414,0.235,0.032,0.082,10.21800168,0.022
gaussian_mi,synthetic_gp_n20,20,6,1000,4,1,7,9.180679525,11.85672515,nan,10.73253639,10.73253639,0,9.087123215,8.140698344,0.4938326721,6.06097225,9.180679525,9.180679525,1,2.781,0.0104,623.742,10.89684815,27.71478571,27.71478571,19.84856601,21.19195856,0,20,0,0,0,9.873386661,9.873386661,9.180679525,7.414,0.242,0.032,0.082,11.85672515,0.022
gaussian_mi,synthetic_gp_n20,20,7,1000,4,1,8,9.667781098,13.48272529,nan,12.01777741,12.01777741,0,9.573599559,8.390784373,0.5515603764,6.331078307,9.667781098,9.667781098,1,3.017,0.0066,623.742,11.88707182,27.71478571,27.71478571,19.84856601,21.19195856,0,20,0,0,0,9.873386661,9.873386661,9.667781098,7.414,0.283,0.032,0.082,13.48272529,0.022
gaussian_mi,synthetic_gp_n20,20,8,1000,4,1,9,9.825200833,14.96831107,nan,13.00673971,13.00673971,0,9.669183384,8.591286829,0.5859495154,6.791930574,9.796106441,9.825200833,1,3.224,0.0175,623.742,12.68021909,27.71478571,27.71478571,19.84856601,21.19195856,0,20,0,0,0,9.873386661,9.873386661,9.825200833,7.414,0.285,0.032,0.082,14.96831107,0.022
gaussian_mi,synthetic_gp_n20,20,9,1000,4,1,10,9.873386661,16.34577002,nan,13.96136918,13.96136918,0,9.686521061,8.633068664,0.620960977,6.384495282,9.873386661,9.873386661,1,3.402,0.0093,623.742,13.30466269,27.71478571,27.71478571,19.84856601,21.19195856,0,20,0,0,0,9.873386661,9.873386661,9.873386661,7.414,0.279,0.032,0.082,16.34577002,0.022
gaussian_mi,synthetic_gp_n20,20,10,1000,4,1,10,9.873386661,17.63101104,nan,14.91300994,14.91300994,0,9.686521061,8.683960457,0.6396313475,6.231322184,9.863803952,9.873386661,1,3.402,0.0106,623.742,13.71083849,27.71478571,27.71478571,19.84856601,21.19195856,0,20,0,0,0,9.873386661,9.873386661,9.873386661,7.414,0.262,0.032,0.082,17.63101104,0.022
gaussian_mi,synthetic_gp_n20,20,11,1000,4,1,10,9.873386661,18.61997334,nan,15.73302177,15.73302177,0,9.686521061,8.668822047,0.6767660806,6.217609644,9.835869809,9.873386661,1,3.402,0.0113,623.742,13.99810726,27.71478571,27.71478571,19.84856601,21.19195856,0,20,0,0,0,9.873386661,9.873386661,9.873386661,7.414,0.254,0.032,0.082,18.61997334,0.022
gaussian_mi,synthetic_gp_n20,20,12,1000,4,1,10,9.873386661,19.57460281,nan,16.53212194,16.53212194,0,9.686521061,8.677162414,0.695070737,6.153895079,9.851907385,9.873386661,1,3.402,0.0123,623.742,14.09690116,27.71478571,27.71478571,19.84856601,21.19195856,0,20,0,0,0,9.873386661,9.873386661,9.873386661,7.414,0.243,0.032,0.082,19.57460281,0.022
gaussian_mi,synthetic_gp_n20,20,13,1000,4,1,10,9.873386661,20.52624356,nan,17.26558216,17.26558216,0,9.686521061,8.72365235,0.700819121,6.111472676,9.836004733,9.873386661,1,3.402,0.0199,623.742,14.09690116,27.71478571,27.71478571,19.84856601,21.19195856,0,20,0,0,0,9.873386661,9.873386661,9.873386661,7.414,0.237,0.032,0.082,19.84856601,0.022
gaussian_mi,synthetic_gp_n20,20,14,1000,4,1,10,9.873386661,21.34625539,nan,17.89925519,17.89925519,0,9.686521061,8.642248685,0.7115850123,6.23592833,9.844485016,9.873386661,1,3.402,0.0143,623.742,14.09690116,27.71478571,27.71478571,19.84856601,21.19195856,0,20,0,0,0,9.873386661,9.873386661,9.873386661,7.414,0.235,0.032,0.082,19.84856601,0.022
gaussian_mi,synthetic_gp_n20,20,15,1000,4,1,10,9.873386661,22.14535557,nan,18.49461614,18.49461614,0,9.686521061,8.641179564,0.7106678356,5.637631972,9.863803952,9.873386661,1,3.402,0.0215,623.742,14.09690116,27.71478571,27.71478571,19.84856601,21.19195856,0,20,0,0,0,9.873386661,9.873386661,9.873386661,7.414,0.237,0.032,0.082,19.84856601,0.022
gaussian_mi,synthetic_gp_n20,20,16,1000,4,1,10,9.873386661,22.87881579,nan,18.98338127,18.98338127,0,9.686521061,8.641869894,0.7421506358,5.541816027,9.863803952,9.873386661,1,3.402,0.0162,623.742,14.09690116,27.71478571,27.71478571,19.84856601,21.19195856,0,20,0,0,0,9.873386661,9.873386661,9.873386661,7.414,0.235,0.032,0.082,19.84856601,0.022
gaussian_mi,synthetic_gp_n20,20,17,1000,4,1,10,9.873386661,23.51248881,nan,19.00288098,19.45721908,3,9.686521061,8.596217191,0.7549074691,5.942508973,9.863803952,9.873386661,1,3.402,0.0227,623.742,14.09690116,27.71478571,27.71478571,19.84856601,21.19195856,0,20,0,0,0,9.873386661,9.873386661,9.873386661,7.414,0.235,0.032,0.082,19.84856601,0.022
gaussian_mi,synthetic_gp_n20,20,18,1000,4,1,10,9.873386661,24.10784976,nan,19.00288098,19.87238169,3,9.686521061,8.640082759,0.7541512211,5.740483084,9.873386661,9.873386661,1,3.402,0.0236,623.742,14.09690116,27.71478571,27.71478571,19.84856601,21.19195856,0,20,0,0,0,9.873386661,9.873386661,9.873386661,7.414,0.234,0.032,0.082,19.84856601,0.022
gaussian_mi,synthetic_gp_n20,20,19,1000,4,1,10,9.873386661,24.58168757,nan,19.00288098,19.87238169,3,9.686521061,8.605155374,0.746354342,5.521817843,9.844485016,9.873386661,1,3.402,0.0191,623.742,14.09690116,27.71478571,27.71478571,19.84856601,21.19195856,0,20,0,0,0,9.873386661,9.873386661,9.873386661,7.414,0.235,0.032,0.082,19.84856601,0.022
gaussian_mi,synthetic_gp_n20,20,20,1000,4,1,10,9.873386661,24.99685019,nan,19.00288098,19.87238169,3,9.686521061,8.663875449,0.7455982208,5.913500331,9.844485016,9.873386661,1,3.402,0.0196,623.742,14.09690116,27.71478571,27.71478571,19.84856601,21.19195856,0,20,0,0,0,9.873386661,9.873386661,9.873386661,7.414,0.281,0.032,0.082,19.84856601,0.022
gaussian_mi,synthetic_gp_n20,20,1,1000,5,1,2,2.662244766,2.662244766,nan,2.662244766,2.662244766,0,2.662244766,2.662244766,0,2.662244766,2.662244766,2.662244766,1,1.443,0.0050,692.169,2.662244766,30.19872855,30.19872855,23.42857734,22.95901739,0,20,0,0,0,10.91634448,10.91634448,2.662244766,6.697,0.235,0.033,0.085,2.662244766,0.021
gaussian_mi,synthetic_gp_n20,20,2,1000,5,1,3,5.214773577,5.259564359,nan,5.214773577,5.214773577,0,5.214773577,5.117298413,0.09579826741,4.994560245,5.214773577,5.214773577,1,1.864,0.0086,692.169,5.256014982,30.19872855,30.19872855,23.42857734,22.95901739,0,20,0,0,0,10.91634448,10.91634448,5.214773577,6.697,0.226,0.033,0.085,5.259564359,0.021
gaussian_mi,synthetic_gp_n20,20,3,1000,5,1,4,7.395764291,7.721828715,nan,7.4329805,7.4329805,0,7.395764291,7.034136289,0.2358369834,6.534195508,7.395764291,7.395764291,1,2.246,0.0053,692.169,7.484203028,30.19872855,30.19872855,22.81118821,22.95901739,0,20,0,0,0,10.91634448,10.91634448,7.395764291,6.697,0.226,0.033,0.085,7.721828715,0.021
gaussian_mi,synthetic_gp_n20,20,4,1000,5,1,5,9.165795689,10.16431443,nan,9.542607337,9.542607337,0,9.165795689,8.212397451,0.5151932981,6.793613054,9.165795689,9.165795689,1,2.595,0.0044,692.169,9.635101468,30.19872855,30.19872855,22.27762571,22.95901739,0,20,0,0,0,10.91634448,10.91634448,9.165795689,6.697,0.229,0.033,0.085,10.16431443,0.021
gaussian_mi,synthetic_gp_n20,20,5,1000,5,1,6,9.987590975,12.38252135,nan,11.63713146,11.63713146,0,9.77096459,8.902549766,0.6012347466,7.228849212,9.987590975,9.987590975,1,2.905,0.0048,692.169,11.6364628,30.19872855,30.19872855,22.14722874,22.95901739,0,20,0,0,0,10.91634448,10.91634448,9.987590975,6.697,0.238,0.033,0.085,12.38252135,0.021
gaussian_mi,synthetic_gp_n20,20,6,1000,5,1,7,10.44217805,14.49214819,nan,13.51129926,13.51129926,0,10.22361061,9.266107988,0.6327834188,7.227062251,10.44217805,10.44217805,1,3.180,0.0081,692.169,13.22325769,30.19872855,30.19872855,21.79919526,22.95901739,0,20,0,0,0,10.91634448,10.91634448,10.44217805,6.697,0.243,0.033,0.085,14.49214819,0.021
gaussian_mi,synthetic_gp_n20,20,7,1000,5,1,8,10.71764832,16.58667231,nan,15.25693652,15.25693652,0,10.57726905,9.482663973,0.6922466581,7.139561349,10.71764832,10.71764832,1,3.416,0.0108,692.169,14.46800891,30.19872855,30.19872855,21.79919526,22.95901739,0,20,0,0,0,10.91634448,10.91634448,10.71764832,6.697,0.243,0.033,0.085,16.58667231,0.021
gaussian_mi,synthetic_gp_n20,20,8,1000,5,1,9,10.91634448,18.46084011,nan,16.92798358,16.92798358,0,10.64975232,9.517904143,0.7405760708,6.323267462,10.86027569,10.91634448,1,3.642,0.0106,692.169,15.30365393,30.19872855,30.19872855,21.79919526,22.95901739,0,20,0,0,0,10.91634448,10.91634448,10.91634448,6.697,0.265,0.033,0.085,18.46084011,0.021
gaussian_mi,synthetic_gp_n20,20,9,1000,5,1,10,10.91634448,20.20647737,nan,18.59040259,18.59040259,0,10.71179202,9.519568828,0.7875235508,6.273719988,10.91634448,10.91634448,1,3.828,0.0163,692.169,15.72765821,30.19872855,30.19872855,21.79919526,22.95901739,0,20,0,0,0,10.91634448,10.91634448,10.91634448,6.697,0.263,0.033,0.085,20.20647737,0.021
gaussian_mi,synthetic_gp_n20,20,10,1000,5,1,10,10.91634448,21.87752443,nan,19.58939939,19.58939939,0,10.71179202,9.560026879,0.7743234972,6.155986517,10.91634448,10.91634448,1,3.828,0.0120,692.169,15.93648239,30.19872855,30.19872855,21.79919526,22.95901739,0,20,0,0,0,10.91634448,10.91634448,10.91634448,6.697,0.253,0.033,0.085,21.79919526,0.021
gaussian_mi,synthetic_gp_n20,20,11,1000,5,1,10,10.91634448,23.53994344,nan,20.13581313,20.22709348,1,10.71179202,9.50508155,0.8329567317,5.976460237,10.81772583,10.91634448,1,3.828,0.0157,692.169,16.02749637,30.19872855,30.19872855,21.79919526,22.95901739,0,20,0,0,0,10.91634448,10.91634448,10.91634448,6.697,0.244,0.033,0.085,21.79919526,0.021
gaussian_mi,synthetic_gp_n20,20,12,1000,5,1,10,10.91634448,24.53894024,nan,20.6105192,20.74283305,1,10.71179202,9.47451476,0.8907962391,5.768224125,10.86027569,10.91634448,1,3.828,0.0203,692.169,16.04463315,30.19872855,30.19872855,21.79919526,22.95901739,0,20,0,0,0,10.91634448,10.91634448,10.91634448,6.697,0.240,0.033,0.085,21.79919526,0.021
gaussian_mi,synthetic_gp_n20,20,13,1000,5,1,10,10.91634448,25.17663433,nan,20.98595932,21.21841907,1,10.71179202,9.549906918,0.8277073121,5.879507072,10.91203008,10.91634448,1,3.828,0.0226,692.169,16.04463315,30.19872855,30.19872855,21.79919526,22.95901739,0,20,0,0,0,10.91634448,10.91634448,10.91634448,6.697,0.235,0.033,0.085,21.79919526,0.021
gaussian_mi,synthetic_gp_n20,20,14,1000,5,1,10,10.91634448,25.6923739,nan,21.27714627,21.60673193,1,10.71179202,9.461205262,0.8669169613,6.135784633,10.81722728,10.91634448,1,3.828,0.0183,692.169,16.04463315,30.19872855,30.19872855,21.79919526,22.95901739,0,20,0,0,0,10.91634448,10.91634448,10.91634448,6.697,0.231,0.033,0.085,21.79919526,0.021
gaussian_mi,synthetic_gp_n20,20,15,1000,5,1,10,10.91634448,26.16795992,nan,21.41720487,21.89827543,3,10.71179202,9.436129717,0.886696078,5.490577562,10.84085766,10.91634448,1,3.828,0.0158,692.169,16.04463315,30.19872855,30.19872855,21.79919526,22.95901739,0,20,0,0,0,10.91634448,10.91634448,10.91634448,6.697,0.230,0.033,0.085,21.79919526,0.021
gaussian_mi,synthetic_gp_n20,20,16,1000,5,1,10,10.91634448,26.55627278,nan,21.41720487,22.17234159,3,10.71179202,9.488025649,0.881975594,5.964246734,10.91634448,10.91634448,1,3.828,0.0206,692.169,16.04463315,30.19872855,30.19872855,21.79919526,22.95901739,0,20,0,0,0,10.91634448,10.91634448,10.91634448,6.697,0.229,0.033,0.085,21.79919526,0.021
gaussian_mi,synthetic_gp_n20,20,17,1000,5,1,10,10.91634448,26.84781628,nan,21.41720487,22.40536804,3,10.71179202,9.424363475,0.9156107434,5.685700004,10.91203008,10.91634448,1,3.828,0.0178,692.169,16.04463315,30.19872855,30.19872855,21.79919526,22.95901739,0,20,0,0,0,10.91634448,10.91634448,10.91634448,6.697,0.229,0.033,0.085,21.79919526,0.021
gaussian_mi,synthetic_gp_n20,20,18,1000,5,1,10,10.91634448,27.12188244,nan,21.41720487,22.59672123,3,10.71179202,9.409099243,0.9253371391,5.233384346,10.91634448,10.91634448,1,3.828,0.0214,692.169,16.04463315,30.19872855,30.19872855,21.79919526,22.95901739,0,20,0,0,0,10.91634448,10.91634448,10.91634448,6.697,0.228,0.033,0.085,21.79919526,0.021
gaussian_mi,synthetic_gp_n20,20,19,1000,5,1,10,10.91634448,27.31323564,nan,21.41720487,22.70131419,3,10.71179202,9.432484326,0.9388519779,5.148449061,10.87066038,10.91634448,1,3.828,0.0306,692.169,16.04463315,30.19872855,30.19872855,21.79919526,22.95901739,0,20,0,0,0,10.91634448,10.91634448,10.91634448,6.697,0.227,0.033,0.085,21.79919526,0.021
gaussian_mi,synthetic_gp_n20,20,20,1000,5,1,10,10.91634448,27.41782859,nan,21.41720487,22.70131419,3,10.71179202,9.479427315,0.8897100661,4.82764497,10.91634448,10.91634448,1,3.828,0.0237,692.169,16.04463315,30.19872855,30.19872855,21.79919526,22.95901739,0,20,0,0,0,10.91634448,10.91634448,10.91634448,6.697,0.285,0.033,0.085,21.79919526,0.021
gaussian_mi,synthetic_gp_n20,20,1,1000,6,1,2,2.377109674,2.377109674,nan,2.377109674,2.377109674,0,2.377109674,2.377109674,0,2.377109674,2.377109674,2.377109674,1,0.643,0.0052,519.882,2.377109674,25.01714903,25.01714903,18.88487141,17.73974687,0,20,0,0,0,8.87290434,8.87290434,2.377109674,6.845,0.231,0.032,0.082,2.377109674,0.023
gaussian_mi,synthetic_gp_n20,20,2,1000,6,1,3,3.814548905,4.613491483,nan,3.872890976,3.872890976,0,3.814548905,3.72113803,0.07140172913,3.634812207,3.814548905,3.814548905,1,0.907,0.0050,519.882,4.225712257,25.01714903,25.01714903,18.88487141,17.73974687,0,20,0,0,0,8.87290434,8.87290434,3.814548905,6.845,0.224,0.032,0.082,4.613491483,0.023
gaussian_mi,synthetic_gp_n20,20,3,1000,6,1,4,5.045874335,6.109272786,nan,5.311275722,5.311275722,0,5.045874335,4.682236278,0.2739715906,4.073219214,5.045874335,5.045874335,1,1.136,0.0072,519.882,5.642361393,25.01714903,25.01714903,18.88487141,17.73974687,0,20,0,0,0,8.87290434,8.87290434,5.045874335,6.845,0.230,0.032,0.082,6.109272786,0.023
gaussian_mi,synthetic_gp_n20,20,4,1000,6,1,5,6.16354986,7.547657531,nan,6.650361866,6.650361866,0,6.002099221,5.638511532,0.2835271446,4.900977847,6.16354986,6.16354986,1,1.346,0.0065,519.882,6.953297709,25.01714903,25.01714903,17.66184381,17.73974687,0,20,0,0,0,8.87290434,8.87290434,6.16354986,6.845,0.236,0.032,0.082,7.547657531,0.023
gaussian_mi,synthetic_gp_n20,20,5,1000,6,1,6,6.965584181,8.9554808,nan,7.934665194,7.934665194,0,6.813111832,6.392809006,0.3257810338,4.978210502,6.965584181,6.965584181,1,1.532,0.0048,519.882,8.224331903,25.01714903,25.01714903,17.66184381,17.73974687,0,20,0,0,0,8.87290434,8.87290434,6.965584181,6.845,0.240,0.032,0.082,8.9554808,0.023
gaussian_mi,synthetic_gp_n20,20,6,1000,6,1,7,7.676524856,10.29456694,nan,9.207143652,9.207143652,0,7.523027298,6.942499958,0.3542571509,5.499215949,7.676524856,7.676524856,1,1.697,0.0091,519.882,9.43639119,25.01714903,25.01714903,17.66184381,17.73974687,0,20,0,0,0,8.87290434,8.87290434,7.676524856,6.845,0.240,0.032,0.082,10.29456694,0.023
gaussian_mi,synthetic_gp_n20,20,7,1000,6,1,8,8.276248823,11.57887027,nan,10.46935047,10.46935047,0,8.11476404,7.303712467,0.3942433138,5.503400114,8.276248823,8.276248823,1,1.840,0.0165,519.882,10.47444832,25.01714903,25.01714903,17.66184381,17.73974687,0,20,0,0,0,8.87290434,8.87290434,8.276248823,6.845,0.240,0.032,0.082,11.57887027,0.023
gaussian_mi,synthetic_gp_n20,20,8,1000,6,1,9,8.723939384,12.85134873,nan,11.70511742,11.70511742,0,8.567270813,7.47545557,0.4684966794,5.567048665,8.723939384,8.723939384,1,1.968,0.0080,519.882,11.30488523,25.01714903,25.01714903,17.66184381,17.73974687,0,20,0,0,0,8.87290434,8.87290434,8.723939384,6.845,0.244,0.032,0.082,12.85134873,0.023
gaussian_mi,synthetic_gp_n20,20,9,1000,6,1,10,8.83586767,14.11355555,nan,12.6883352,12.6883352,0,8.747019707,7.552436814,0.4912695573,5.404975301,8.707314074,8.83586767,1,2.081,0.0167,519.882,12.06135085,25.01714903,25.01714903,17.66184381,17.73974687,0,20,0,0,0,8.87290434,8.87290434,8.83586767,6.845,0.259,0.032,0.082,14.11355555,0.023
gaussian_mi,synthetic_gp_n20,20,10,1000,6,1,10,8.87290434,15.23119472,nan,13.64455858,13.64455858,0,8.747019707,7.604765421,0.5060970577,5.595571417,8.809550724,8.87290434,1,2.081,0.0158,519.882,12.6401793,25.01714903,25.01714903,17.66184381,17.73974687,0,20,0,0,0,8.87290434,8.87290434,8.87290434,6.845,0.249,0.032,0.082,15.23119472,0.023
gaussian_mi,synthetic_gp_n20,20,11,1000,6,1,10,8.87290434,16.2144125,nan,14.52885041,14.52885041,0,8.747019707,7.594546055,0.5375925613,5.399698153,8.749459277,8.87290434,1,2.081,0.0133,519.882,12.92165027,25.01714903,25.01714903,17.66184381,17.73974687,0,20,0,0,0,8.87290434,8.87290434,8.87290434,6.845,0.253,0.032,0.082,16.2144125,0.023
gaussian_mi,synthetic_gp_n20,20,12,1000,6,1,10,8.87290434,17.17063588,nan,15.40996918,15.40996918,0,8.747019707,7.614443033,0.5485809557,5.507114823,8.787870341,8.87290434,1,2.081,0.0171,519.882,13.00291896,25.01714903,25.01714903,17.66184381,17.73974687,0,20,0,0,0,8.87290434,8.87290434,8.87290434,6.845,0.259,0.032,0.082,17.17063588,0.023
gaussian_mi,synthetic_gp_n20,20,13,1000,6,1,10,8.87290434,18.05492771,nan,16.28425369,16.28425369,0,8.747019707,7.595124456,0.5392119348,5.335290413,8.809550724,8.87290434,1,2.081,0.0243,519.882,13.00291896,25.01714903,25.01714903,17.66184381,17.73974687,0,20,0,0,0,8.87290434,8.87290434,8.87290434,6.845,0.246,0.032,0.082,17.66184381,0.023
gaussian_mi,synthetic_gp_n20,20,14,1000,6,1,10,8.87290434,18.93604649,nan,16.75550253,17.09499416,4,8.747019707,7.608318046,0.5625607148,5.176824497,8.715324343,8.87290434,1,2.081,0.0636,519.882,13.00291896,25.01714903,25.01714903,17.66184381,17.73974687,0,20,0,0,0,8.87290434,8.87290434,8.87290434,6.845,0.236,0.032,0.082,17.66184381,0.023
gaussian_mi,synthetic_gp_n20,20,15,1000,6,1,10,8.87290434,19.81033099,nan,16.75550253,17.88886742,4,8.747019707,7.609621,0.5540090878,4.918577254,8.87290434,8.87290434,1,2.081,0.0445,519.882,13.00291896,25.01714903,25.01714903,17.66184381,17.73974687,0,20,0,0,0,8.87290434,8.87290434,8.87290434,6.845,0.231,0.032,0.082,17.66184381,0.023
gaussian_mi,synthetic_gp_n20,20,16,1000,6,1,10,8.87290434,20.62107146,nan,16.75550253,18.6618037,4,8.747019707,7.599192899,0.5564796257,5.016263552,8.771099576,8.87290434,1,2.081,0.0232,519.882,13.00291896,25.01714903,25.01714903,17.66184381,17.73974687,0,20,0,0,0,8.87290434,8.87290434,8.87290434,6.845,0.251,0.032,0.082,17.66184381,0.023
gaussian_mi,synthetic_gp_n20,20,17,1000,6,1,10,8.87290434,21.41494472,nan,16.75550253,19.36035553,4,8.747019707,7.603527645,0.5888686253,4.574445516,8.83586767,8.87290434,1,2.081,0.0197,519.882,13.00291896,25.01714903,25.01714903,17.66184381,17.73974687,0,20,0,0,0,8.87290434,8.87290434,8.87290434,6.845,0.243,0.032,0.082,17.66184381,0.023
gaussian_mi,synthetic_gp_n20,20,18,1000,6,1,10,8.87290434,22.187881,nan,16.75550253,19.70339846,4,8.747019707,7.588934875,0.5669449723,4.979114133,8.787870341,8.87290434,1,2.081,0.0256,519.882,13.00291896,25.01714903,25.01714903,17.66184381,17.73974687,0,20,0,0,0,8.87290434,8.87290434,8.87290434,6.845,0.230,0.032,0.082,17.66184381,0.023
gaussian_mi,synthetic_gp_n20,20,19,1000,6,1,10,8.87290434,22.88643283,nan,16.75550253,19.74912301,4,8.747019707,7.574027646,0.5955125322,4.447417734,8.793424514,8.87290434,1,2.081,0.0192,519.882,13.00291896,25.01714903,25.01714903,17.66184381,17.73974687,0,20,0,0,0,8.87290434,8.87290434,8.87290434,6.845,0.228,0.032,0.082,17.66184381,0.023
gaussian_mi,synthetic_gp_n20,20,20,1000,6,1,10,8.87290434,23.22947576,nan,16.75550253,19.74912301,4,8.747019707,7.572678765,0.6040722925,4.789704662,8.832270353,8.87290434,1,2.081,0.0236,519.882,13.00291896,25.01714903,25.01714903,17.66184381,17.73974687,0,20,0,0,0,8.87290434,8.87290434,8.87290434,6.845,0.281,0.032,0.082,17.66184381,0.023
gaussian_mi,synthetic_gp_n20,20,1,1000,7,1,2,2.483275112,2.483275112,nan,2.483275112,2.483275112,0,2.483275112,2.483275112,0,2.483275112,2.483275112,2.483275112,1,0.820,0.0051,553.636,2.483275112,30.9292922,30.9292922,22.19359163,24.43055592,0,20,0,0,0,11.00533731,11.00533731,2.483275112,5.982,0.227,0.032,0.085,2.483275112,0.020
gaussian_mi,synthetic_gp_n20,20,2,1000,7,1,3,4.764465091,4.764468748,nan,4.764465091,4.764465091,0,4.764465091,4.668581662,0.102000125,4.523381726,4.764465091,4.764465091,1,1.136,0.0065,553.636,4.764468567,30.9292922,30.9292922,22.19359163,24.43055592,0,20,0,0,0,11.00533731,11.00533731,4.764465091,5.982,0.225,0.032,0.085,4.764468748,0.020
gaussian_mi,synthetic_gp_n20,20,3,1000,7,1,4,6.900097657,7.006691828,nan,6.900097657,6.900097657,0,6.900097657,6.373047428,0.3622859357,5.746363495,6.900097657,6.900097657,1,1.426,0.0049,553.636,6.989896679,30.9292922,30.9292922,22.19359163,24.43055592,0,20,0,0,0,11.00533731,11.00533731,6.900097657,5.982,0.225,0.032,0.085,7.006691828,0.020
gaussian_mi,synthetic_gp_n20,20,4,1000,7,1,5,8.440529772,8.904008929,nan,8.787649669,8.787649669,0,8.440529772,7.538105552,0.436284934,6.548328769,8.440529772,8.440529772,1,1.706,0.0038,553.636,8.671380887,30.9292922,30.9292922,22.01886909,24.43055592,0,20,0,0,0,11.00533731,11.00533731,8.440529772,5.982,0.226,0.032,0.085,8.904008929,0.020
gaussian_mi,synthetic_gp_n20,20,5,1000,7,1,6,9.715374162,10.79156094,nan,10.46552547,10.46552547,0,9.715374162,8.389252626,0.5824682509,6.800016355,9.715374162,9.715374162,1,1.923,0.0050,553.636,10.22137013,30.9292922,30.9292922,22.01886909,24.43055592,0,20,0,0,0,11.00533731,11.00533731,9.715374162,5.982,0.242,0.032,0.085,10.79156094,0.020
gaussian_mi,synthetic_gp_n20,20,6,1000,7,1,7,10.43190638,12.5508216,nan,12.11478763,12.11478763,0,10.42428527,8.939442466,0.5787010997,7.205398384,10.43190638,10.43190638,1,2.093,0.0058,553.636,11.5759252,30.9292922,30.9292922,22.01886909,24.43055592,0,20,0,0,0,11.00533731,11.00533731,10.43190638,5.982,0.244,0.032,0.085,12.5508216,0.020
gaussian_mi,synthetic_gp_n20,20,7,1000,7,1,8,10.80961573,14.27151778,nan,13.73984811,13.73984811,0,10.80961573,9.28887354,0.6224798119,6.98210058,10.80961573,10.80961573,1,2.237,0.0125,553.636,12.79205392,30.9292922,30.9292922,22.01886909,24.43055592,0,20,0,0,0,11.00533731,11.00533731,10.80961573,5.982,0.252,0.032,0.085,14.27151778,0.020
gaussian_mi,synthetic_gp_n20,20,8,1000,7,1,9,10.94656706,15.94939358,nan,15.34281573,15.34281573,0,10.8485452,9.373125569,0.6999022912,6.808150464,10.83656884,10.94656706,1,2.365,0.0078,553.636,13.91891521,30.9292922,30.9292922,22.01886909,24.43055592,0,20,0,0,0,11.00533731,11.00533731,10.94656706,5.982,0.250,0.032,0.085,15.94939358,0.020
gaussian_mi,synthetic_gp_n20,20,9,1000,7,1,10,11.00533731,17.58669871,nan,16.88399661,16.88399661,0,10.85194799,9.487403564,0.723441768,6.874844591,10.96026405,11.00533731,1,2.480,0.0154,553.636,14.83345094,30.9292922,30.9292922,22.01886909,24.43055592,0,20,0,0,0,11.00533731,11.00533731,11.00533731,5.982,0.249,0.032,0.085,17.58669871,0.020
gaussian_mi,synthetic_gp_n20,20,10,1000,7,1,10,11.00533731,19.21175919,nan,18.3886476,18.3886476,0,10.85194799,9.503427507,0.7288798699,6.466937631,10.96026405,11.00533731,1,2.480,0.0104,553.636,15.45795996,30.9292922,30.9292922,22.01886909,24.43055592,0,20,0,0,0,11.00533731,11.00533731,11.00533731,5.982,0.249,0.032,0.085,19.21175919,0.020
gaussian_mi,synthetic_gp_n20,20,11,1000,7,1,10,11.00533731,20.81472681,nan,19.25220092,19.25220092,0,10.85194799,9.568456939,0.7872960444,6.415245795,10.93252378,11.00533731,1,2.480,0.0184,553.636,15.84618657,30.9292922,30.9292922,22.01886909,24.43055592,0,20,0,0,0,11.00533731,11.00533731,11.00533731,5.982,0.249,0.032,0.085,20.81472681,0.020
gaussian_mi,synthetic_gp_n20,20,12,1000,7,1,10,11.00533731,22.35590769,nan,20.08520171,20.08520171,0,10.85194799,9.586866205,0.7801037328,6.658052344,10.98877001,11.00533731,1,2.480,0.0175,553.636,15.91771284,30.9292922,30.9292922,22.01886909,24.43055592,0,20,0,0,0,11.00533731,11.00533731,11.00533731,5.982,0.252,0.032,0.085,22.01886909,0.020
gaussian_mi,synthetic_gp_n20,20,13,1000,7,1,10,11.00533731,23.86055868,nan,20.61632867,20.61632867,0,10.85194799,9.552695241,0.8172457743,5.475069047,10.99236879,11.00533731,1,2.480,0.0192,553.636,15.91771284,30.9292922,30.9292922,22.01886909,24.43055592,0,20,0,0,0,11.00533731,11.00533731,11.00533731,5.982,0.246,0.032,0.085,22.01886909,0.020
gaussian_mi,synthetic_gp_n20,20,14,1000,7,1,10,11.00533731,24.724112,nan,21.11403094,21.11403094,0,10.85194799,9.537770739,0.8319037309,5.95968378,10.97488138,11.00533731,1,2.480,0.0229,553.636,15.91771284,30.9292922,30.9292922,22.01886909,24.43055592,0,20,0,0,0,11.00533731,11.00533731,11.00533731,5.982,0.264,0.032,0.085,22.01886909,0.020
gaussian_mi,synthetic_gp_n20,20,15,1000,7,1,10,11.00533731,25.55711279,nan,21.18579878,21.60550314,4,10.85194799,9.525203495,0.8221345808,6.428123463,11.00187763,11.00533731,1,2.480,0.0164,553.636,15.91771284,30.9292922,30.9292922,22.01886909,24.43055592,0,20,0,0,0,11.00533731,11.00533731,11.00533731,5.982,0.259,0.032,0.085,22.01886909,0.020
gaussian_mi,synthetic_gp_n20,20,16,1000,7,1,10,11.00533731,26.08823975,nan,21.18579878,22.0966237,4,10.85194799,9.505424841,0.8943596738,5.321711061,11.00533731,11.00533731,1,2.480,0.0246,553.636,15.91771284,30.9292922,30.9292922,22.01886909,24.43055592,0,20,0,0,0,11.00533731,11.00533731,11.00533731,5.982,0.252,0.032,0.085,22.01886909,0.020
gaussian_mi,synthetic_gp_n20,20,17,1000,7,1,10,11.00533731,26.58594202,nan,21.18579878,22.35759563,4,10.85194799,9.491797566,0.8710900187,6.039556385,10.98427865,11.00533731,1,2.480,0.0229,553.636,15.91771284,30.9292922,30.9292922,22.01886909,24.43055592,0,20,0,0,0,11.00533731,11.00533731,11.00533731,5.982,0.240,0.032,0.085,22.01886909,0.020
gaussian_mi,synthetic_gp_n20,20,18,1000,7,1,10,11.00533731,27.07741422,nan,21.18579878,22.39203171,4,10.85194799,9.506621821,0.9157751367,5.558224313,10.98877001,11.00533731,1,2.480,0.0241,553.636,15.91771284,30.9292922,30.9292922,22.01886909,24.43055592,0,20,0,0,0,11.00533731,11.00533731,11.00533731,5.982,0.237,0.032,0.085,22.01886909,0.020
gaussian_mi,synthetic_gp_n20,20,19,1000,7,1,10,11.00533731,27.33838615,nan,21.18579878,22.39203171,4,10.85194799,9.488454223,0.9014378683,5.850961868,10.97134862,11.00533731,1,2.480,0.0252,553.636,15.91771284,30.9292922,30.9292922,22.01886909,24.43055592,0,20,0,0,0,11.00533731,11.00533731,11.00533731,5.982,0.238,0.032,0.085,22.01886909,0.020
gaussian_mi,synthetic_gp_n20,20,20,1000,7,1,10,11.00533731,27.37282223,nan,21.18579878,22.39203171,4,10.85194799,9.480691543,0.9587426603,5.052559404,10.98563442,11.00533731,1,2.480,0.0373,553.636,15.91771284,30.9292922,30.9292922,22.01886909,24.43055592,0,20,0,0,0,11.00533731,11.00533731,11.00533731,5.982,0.291,0.032,0.085,22.01886909,0.020
gaussian_mi,synthetic_gp_n20,20,1,1000,8,1,2,2.658351327,2.658351327,nan,2.658351327,2.658351327,0,2.658351327,2.658351327,0,2.658351327,2.658351327,2.658351327,1,0.406,0.0044,519.178,2.658351327,28.23261093,28.23261093,20.63754119,20.06644494,0,20,0,0,0,9.820180069,9.820180069,2.658351327,15.649,0.232,0.034,0.092,2.658351327,0.027
gaussian_mi,synthetic_gp_n20,20,2,1000,8,1,3,4.504545555,5.233397066,nan,4.736090496,4.736090496,0,4.504545555,4.374191329,0.0931179767,4.283974552,4.504545555,4.504545555,1,0.572,0.0066,519.178,4.78855765,28.23261093,28.23261093,20.63754119,20.06644494,0,20,0,0,0,9.820180069,9.820180069,4.504545555,15.649,0.224,0.034,0.092,5.233397066,0.027
gaussian_mi,synthetic_gp_n20,20,3,1000,8,1,4,6.089649407,7.311136235,nan,6.583376599,6.583376599,0,6.089649407,5.862724713,0.1981283501,5.345017093,6.089649407,6.089649407,1,0.720,0.0032,519.178,6.680161102,28.23261093,28.23261093,20.63754119,20.06644494,0,20,0,0,0,9.820180069,9.820180069,6.089649407,15.649,0.248,0.034,0.092,7.311136235,0.027
gaussian_mi,synthetic_gp_n20,20,4,1000,8,1,5,7.489762134,9.21190175,nan,8.310283241,8.310283241,0,7.489762134,7.007565064,0.3984190839,5.743372112,7.489762134,7.489762134,1,0.856,0.0040,519.178,8.361625996,28.23261093,28.23261093,20.20827101,20.06644494,0,20,0,0,0,9.820180069,9.820180069,7.489762134,15.649,0.251,0.034,0.092,9.21190175,0.027
gaussian_mi,synthetic_gp_n20,20,5,1000,8,1,6,8.516515,11.05918785,nan,9.785922003,9.785922003,0,8.405568106,7.737693162,0.5118636049,5.912879765,8.516515,8.516515,1,0.978,0.0060,519.178,9.787168568,28.23261093,28.23261093,19.67124428,20.06644494,0,20,0,0,0,9.820180069,9.820180069,8.516515,15.649,0.240,0.034,0.092,11.05918785,0.027
gaussian_mi,synthetic_gp_n20,20,6,1000,8,1,7,9.124308911,12.56280041,nan,11.23648728,11.23648728,0,9.003019039,8.181765966,0.5406140095,6.36006074,9.124308911,9.124308911,1,1.087,0.0058,519.178,11.09453329,28.23261093,28.23261093,19.67124428,20.06644494,0,20,0,0,0,9.820180069,9.820180069,9.124308911,15.649,0.240,0.034,0.092,12.56280041,0.027
gaussian_mi,synthetic_gp_n20,20,7,1000,8,1,8,9.513232149,14.05426301,nan,12.50718502,12.50718502,0,9.262277577,8.467103133,0.5520501586,6.162123856,9.513232149,9.513232149,1,1.182,0.0129,519.178,12.13119315,28.23261093,28.23261093,19.67124428,20.06644494,0,20,0,0,0,9.820180069,9.820180069,9.513232149,15.649,0.246,0.034,0.092,14.05426301,0.027
gaussian_mi,synthetic_gp_n20,20,8,1000,8,1,9,9.673297291,15.50482829,nan,13.61227395,13.61227395,0,9.421231779,8.558670285,0.6157889436,6.150888476,9.577013798,9.673297291,1,1.265,0.0151,519.178,13.02709072,28.23261093,28.23261093,19.67124428,20.06644494,0,20,0,0,0,9.820180069,9.820180069,9.673297291,15.649,0.245,0.034,0.092,15.50482829,0.027
gaussian_mi,synthetic_gp_n20,20,9,1000,8,1,10,9.760981388,16.94005888,nan,14.71184122,14.71184122,0,9.566475962,8.615222878,0.641449212,6.11548109,9.673297291,9.760981388,1,1.336,0.0106,519.178,13.78842793,28.23261093,28.23261093,19.67124428,20.06644494,0,20,0,0,0,9.820180069,9.820180069,9.760981388,15.649,0.248,0.034,0.092,16.94005888,0.027
gaussian_mi,synthetic_gp_n20,20,10,1000,8,1,11,9.820180069,18.21075662,nan,15.79417583,15.79417583,0,9.650859301,8.669039104,0.6824593124,5.853938202,9.820180069,9.820180069,1,1.400,0.0170,519.178,13.96219356,28.23261093,28.23261093,19.67124428,20.06644494,0,20,0,0,0,9.820180069,9.820180069,9.820180069,15.649,0.256,0.034,0.092,18.21075662,0.027
gaussian_mi,synthetic_gp_n20,20,11,1000,8,1,12,9.820180069,19.31584555,nan,16.63280636,16.63280636,0,9.692302976,8.660479068,0.6918235378,5.995770922,9.782529044,9.820180069,1,1.474,0.0136,519.178,13.80226346,28.23261093,28.23261093,19.67124428,20.06644494,0,20,0,0,0,9.820180069,9.820180069,9.820180069,15.649,0.265,0.034,0.092,19.31584555,0.027
gaussian_mi,synthetic_gp_n20,20,12,1000,8,1,12,9.820180069,20.41541283,nan,17.44427253,17.44427253,0,9.692302976,8.642611947,0.6942405086,5.704020405,9.733306222,9.820180069,1,1.474,0.0163,519.178,13.80226346,28.23261093,28.23261093,19.67124428,20.06644494,0,20,0,0,0,9.820180069,9.820180069,9.820180069,15.649,0.255,0.034,0.092,19.67124428,0.027
gaussian_mi,synthetic_gp_n20,20,13,1000,8,1,12,9.820180069,21.49774744,nan,18.2059924,18.2059924,0,9.692302976,8.614931695,0.7348199755,5.858852482,9.736797353,9.820180069,1,1.474,0.0206,519.178,13.80226346,28.23261093,28.23261093,19.67124428,20.06644494,0,20,0,0,0,9.820180069,9.820180069,9.820180069,15.649,0.248,0.034,0.092,19.67124428,0.027
gaussian_mi,synthetic_gp_n20,20,14,1000,8,1,12,9.820180069,22.33637796,nan,18.92281923,18.92281923,0,9.692302976,8.623891381,0.72744202,5.58280931,9.733306222,9.820180069,1,1.474,0.0206,519.178,13.80226346,28.23261093,28.23261093,19.67124428,20.06644494,0,20,0,0,0,9.820180069,9.820180069,9.820180069,15.649,0.245,0.034,0.092,19.67124428,0.027
gaussian_mi,synthetic_gp_n20,20,15,1000,8,1,12,9.820180069,23.14784413,nan,19.06587467,19.46425274,2,9.692302976,8.596531467,0.7342566045,4.927656915,9.733306222,9.820180069,1,1.474,0.0223,519.178,13.80226346,28.23261093,28.23261093,19.67124428,20.06644494,0,20,0,0,0,9.820180069,9.820180069,9.820180069,15.649,0.243,0.034,0.092,19.67124428,0.027
gaussian_mi,synthetic_gp_n20,20,16,1000,8,1,12,9.820180069,23.86467096,nan,19.06587467,19.81062628,2,9.692302976,8.659242076,0.7215532222,5.970604211,9.782529044,9.820180069,1,1.474,0.0222,519.178,13.80226346,28.23261093,28.23261093,19.67124428,20.06644494,0,20,0,0,0,9.820180069,9.820180069,9.820180069,15.649,0.243,0.034,0.092,19.67124428,0.027
gaussian_mi,synthetic_gp_n20,20,17,1000,8,1,12,9.820180069,24.40610447,nan,19.06587467,20.10346077,2,9.692302976,8.647808108,0.7590160583,4.715274406,9.820180069,9.820180069,1,1.474,0.0233,519.178,13.80226346,28.23261093,28.23261093,19.67124428,20.06644494,0,20,0,0,0,9.820180069,9.820180069,9.820180069,15.649,0.242,0.034,0.092,19.67124428,0.027
gaussian_mi,synthetic_gp_n20,20,18,1000,8,1,12,9.820180069,24.75247802,nan,19.06587467,20.20143798,2,9.692302976,8.539967678,0.8303301292,5.573699084,9.820180069,9.820180069,1,1.474,0.0289,519.178,13.80226346,28.23261093,28.23261093,19.67124428,20.06644494,0,20,0,0,0,9.820180069,9.820180069,9.820180069,15.649,0.241,0.034,0.092,19.67124428,0.027
gaussian_mi,synthetic_gp_n20,20,19,1000,8,1,12,9.820180069,25.0453125,nan,19.06587467,20.20143798,2,9.692302976,8.586164389,0.7731647825,5.340102893,9.780472978,9.820180069,1,1.474,0.0306,519.178,13.80226346,28.23261093,28.23261093,19.67124428,20.06644494,0,20,0,0,0,9.820180069,9.820180069,9.820180069,15.649,0.242,0.034,0.092,19.67124428,0.027
gaussian_mi,synthetic_gp_n20,20,20,1000,8,1,12,9.820180069,25.14328971,nan,19.06587467,20.20143798,2,9.692302976,8.635733348,0.7668172946,5.289651776,9.782529044,9.820180069,1,1.474,0.0264,519.178,13.80226346,28.23261093,28.23261093,19.67124428,20.06644494,0,20,0,0,0,9.820180069,9.820180069,9.820180069,15.649,0.306,0.034,0.092,19.67124428,0.027
gaussian_mi,synthetic_gp_n20,20,1,1000,9,1,2,2.926816441,2.926816441,nan,2.926816441,2.926816441,0,2.926816441,2.926816441,0,2.926816441,2.926816441,2.926816441,1,0.399,0.0051,532.345,2.926816441,44.27918098,44.27918098,31.5921303,31.99210954,0,20,0,0,0,14.88946212,14.88946212,2.926816441,16.146,0.249,0.031,0.084,2.926816441,0.021
gaussian_mi,synthetic_gp_n20,20,2,1000,9,1,3,5.713095008,5.852606118,nan,5.833418908,5.833418908,0,5.713095008,5.678543203,0.03563837457,5.640674259,5.713095008,5.713095008,1,0.556,0.0055,532.345,5.713103873,44.27918098,44.27918098,31.5921303,31.99210954,0,20,0,0,0,14.88946212,14.88946212,5.713095008,16.146,0.237,0.031,0.084,5.852606118,0.021
gaussian_mi,synthetic_gp_n20,20,3,1000,9,1,4,8.045011265,8.638894024,nan,8.619697603,8.619697603,0,8.045011265,7.895580131,0.2060448315,7.242237052,8.045011265,8.045011265,1,0.700,0.0045,532.345,8.139996149,44.27918098,44.27918098,31.5921303,31.99210954,0,20,0,0,0,14.88946212,14.88946212,8.045011265,16.146,0.230,0.031,0.084,8.638894024,0.021
gaussian_mi,synthetic_gp_n20,20,4,1000,9,1,5,10.16902836,11.35378653,nan,10.95187446,10.95187446,0,10.16902836,9.846176495,0.2937779784,8.750521685,10.16902836,10.16902836,1,0.831,0.0038,532.345,10.40844767,44.27918098,44.27918098,31.42360563,31.99210954,0,20,0,0,0,14.88946212,14.88946212,10.16902836,16.146,0.235,0.031,0.084,11.35378653,0.021
gaussian_mi,synthetic_gp_n20,20,5,1000,9,1,6,12.04238271,13.68596339,nan,13.17976729,13.17976729,0,12.04238271,11.53180252,0.5068438019,9.419702098,12.04238271,12.04238271,1,0.948,0.0050,532.345,12.60938565,44.27918098,44.27918098,29.97269019,31.99210954,0,20,0,0,0,14.88946212,14.88946212,12.04238271,16.146,0.242,0.031,0.084,13.68596339,0.021
gaussian_mi,synthetic_gp_n20,20,6,1000,9,1,7,13.89201468,15.95760805,nan,15.34390654,15.34390654,0,13.89201468,12.38955328,0.8603755465,9.463809104,13.89201468,13.89201468,1,1.051,0.0056,532.345,14.613766,44.27918098,44.27918098,29.97269019,31.99210954,0,20,0,0,0,14.88946212,14.88946212,13.89201468,16.146,0.248,0.031,0.084,15.95760805,0.021
gaussian_mi,synthetic_gp_n20,20,7,1000,9,1,8,14.41955389,18.18550088,nan,17.37126043,17.37126043,0,14.41955389,12.93575107,0.973835948,9.340896933,14.41955389,14.41955389,1,1.140,0.0066,532.345,16.59375573,44.27918098,44.27918098,29.97269019,31.99210954,0,20,0,0,0,14.88946212,14.88946212,14.41955389,16.146,0.254,0.031,0.084,18.18550088,0.021
gaussian_mi,synthetic_gp_n20,20,8,1000,9,1,9,14.75587215,20.34964012,nan,19.3859389,19.3859389,0,14.75405774,13.07182874,1.103898543,8.577795379,14.75587215,14.75587215,1,1.218,0.0077,532.345,18.20732161,44.27918098,44.27918098,29.97269019,31.99210954,0,20,0,0,0,14.88946212,14.88946212,14.75587215,16.146,0.258,0.031,0.084,20.34964012,0.021
gaussian_mi,synthetic_gp_n20,20,9,1000,9,1,10,14.869504,22.37699402,nan,21.34920567,21.34920567,0,14.86810217,13.17514758,1.140717306,9.349701292,14.86810217,14.869504,1,1.286,0.0091,532.345,19.19420237,44.27918098,44.27918098,29.97269019,31.99210954,0,20,0,0,0,14.88946212,14.88946212,14.869504,16.146,0.258,0.031,0.084,22.37699402,0.021
gaussian_mi,synthetic_gp_n20,20,10,1000,9,1,10,14.88946212,24.39167249,nan,23.27363529,23.27363529,0,14.86810217,13.27356987,1.178281176,8.859577659,14.8419433,14.88946212,1,1.286,0.0102,532.345,19.90899899,44.27918098,44.27918098,29.97269019,31.99210954,0,20,0,0,0,14.88946212,14.88946212,14.88946212,16.146,0.256,0.031,0.084,24.39167249,0.021
gaussian_mi,synthetic_gp_n20,20,11,1000,9,1,10,14.88946212,26.35493926,nan,25.05518038,25.05518038,0,14.86810217,13.26903069,1.199575231,8.721993277,14.869504,14.88946212,1,1.286,0.0163,532.345,20.26427578,44.27918098,44.27918098,29.97269019,31.99210954,0,20,0,0,0,14.88946212,14.88946212,14.88946212,16.146,0.255,0.031,0.084,26.35493926,0.021
gaussian_mi,synthetic_gp_n20,20,12,1000,9,1,10,14.88946212,28.27936888,nan,26.73264001,26.73264001,0,14.86810217,13.29380096,1.230562111,7.949606721,14.88856126,14.88946212,1,1.286,0.0203,532.345,20.29495163,44.27918098,44.27918098,29.97269019,31.99210954,0,20,0,0,0,14.88946212,14.88946212,14.88946212,16.146,0.273,0.031,0.084,28.27936888,0.021
gaussian_mi,synthetic_gp_n20,20,13,1000,9,1,10,14.88946212,30.06091396,nan,27.97513127,27.97513127,0,14.86810217,13.1855693,1.270374113,7.771264199,14.88856126,14.88946212,1,1.286,0.0190,532.345,20.29495163,44.27918098,44.27918098,29.97269019,31.99210954,0,20,0,0,0,14.88946212,14.88946212,14.88946212,16.146,0.259,0.031,0.084,29.97269019,0.021
gaussian_mi,synthetic_gp_n20,20,14,1000,9,1,10,14.88946212,31.7383736,nan,29.16363219,29.16363219,0,14.86810217,13.25740302,1.244989783,8.016218451,14.88946212,14.88946212,1,1.286,0.0244,532.345,20.29495163,44.27918098,44.27918098,29.97269019,31.99210954,0,20,0,0,0,14.88946212,14.88946212,14.88946212,16.146,0.244,0.031,0.084,29.97269019,0.021
gaussian_mi,synthetic_gp_n20,20,15,1000,9,1,10,14.88946212,32.98086485,nan,29.69609357,30.01824007,5,14.86810217,13.22510786,1.227041068,9.048481056,14.86455511,14.88946212,1,1.286,0.0210,532.345,20.29495163,44.27918098,44.27918098,29.97269019,31.99210954,0,20,0,0,0,14.88946212,14.88946212,14.88946212,16.146,0.239,0.031,0.084,29.97269019,0.021
gaussian_mi,synthetic_gp_n20,20,16,1000,9,1,10,14.88946212,34.16936578,nan,29.69609357,30.77183154,5,14.86810217,13.19756751,1.292374123,8.377362878,14.88856126,14.88946212,1,1.286,0.0222,532.345,20.29495163,44.27918098,44.27918098,29.97269019,31.99210954,0,20,0,0,0,14.88946212,14.88946212,14.88946212,16.146,0.239,0.031,0.084,29.97269019,0.021
gaussian_mi,synthetic_gp_n20,20,17,1000,9,1,10,14.88946212,35.02397366,nan,29.69609357,31.28283615,5,14.86810217,13.2108022,1.227978358,8.42092943,14.86810217,14.88946212,1,1.286,0.0244,532.345,20.29495163,44.27918098,44.27918098,29.97269019,31.99210954,0,20,0,0,0,14.88946212,14.88946212,14.88946212,16.146,0.236,0.031,0.084,29.97269019,0.021
gaussian_mi,synthetic_gp_n20,20,18,1000,9,1,10,14.88946212,35.77756512,nan,29.69609357,31.39679191,5,14.86810217,13.19205641,1.277399585,8.294794596,14.88946212,14.88946212,1,1.286,0.0239,532.345,20.29495163,44.27918098,44.27918098,29.97269019,31.99210954,0,20,0,0,0,14.88946212,14.88946212,14.88946212,16.146,0.253,0.031,0.084,29.97269019,0.021
gaussian_mi,synthetic_gp_n20,20,19,1000,9,1,10,14.88946212,36.28856973,nan,29.69609357,31.50806914,5,14.86810217,13.228435,1.288926313,7.642068813,14.86810217,14.88946212,1,1.286,0.0271,532.345,20.29495163,44.27918098,44.27918098,29.97269019,31.99210954,0,20,0,0,0,14.88946212,14.88946212,14.88946212,16.146,0.251,0.031,0.084,29.97269019,0.021
gaussian_mi,synthetic_gp_n20,20,20,1000,9,1,10,14.88946212,36.4025255,nan,29.69609357,31.50806914,5,14.86810217,13.15562786,1.368392503,7.322462512,14.88946212,14.88946212,1,1.286,0.0282,532.345,20.29495163,44.27918098,44.27918098,29.97269019,31.99210954,0,20,0,0,0,14.88946212,14.88946212,14.88946212,16.146,0.306,0.031,0.084,29.97269019,0.021
