problem,label,instance,n,seed,k,opt,best_found,greedy,rg_mean,monotone_flag,min_f_a_V_minus_a,m3lit_status,m3fav_status,m3lit_infeasible,m3fav_infeasible,ref_kind,m1_bound,m1_violated,m1_severity,m1_mislead_greedy,m1_mislead_rg_mean,m1_mislead_best_found,m2_bound,m2_violated,m2_severity,m2_mislead_greedy,m2_mislead_rg_mean,m2_mislead_best_found,m3lit_bound,m3lit_violated,m3lit_severity,m3lit_mislead_greedy,m3lit_mislead_rg_mean,m3lit_mislead_best_found,m3fav_bound,m3fav_violated,m3fav_severity,m3fav_mislead_greedy,m3fav_mislead_rg_mean,m3fav_mislead_best_found,a1_bound,a1_violated,a1_severity,a1_mislead_greedy,a1_mislead_rg_mean,a1_mislead_best_found,a2_bound,a2_violated,a2_severity,a2_mislead_greedy,a2_mislead_rg_mean,a2_mislead_best_found,topk_bound,topk_violated,topk_severity,topk_mislead_greedy,topk_mislead_rg_mean,topk_mislead_best_found,marginal_bound,marginal_violated,marginal_severity,marginal_mislead_greedy,marginal_mislead_rg_mean,marginal_mislead_best_found,nmdual_bound,nmdual_violated,nmdual_severity,nmdual_mislead_greedy,nmdual_mislead_rg_mean,nmdual_mislead_best_found,b2_bound,b2_violated,b2_severity,b2_mislead_greedy,b2_mislead_rg_mean,b2_mislead_best_found,hybrid_bound,hybrid_violated,hybrid_severity,hybrid_mislead_greedy,hybrid_mislead_rg_mean,hybrid_mislead_best_found
log_det,wine_n300_alpha3,winequality-red_n300_alpha3,300,0,1,1.099611789,1.099611789,1.099611789,1.099611789,0,-5.655297234,solved (0.1 s),solved (0.2 s),1,0,opt,1.099611789,0.0,0.0,0.0,0.0,0.0,1.099611789,0.0,0.0,0.0,0.0,0.0,,,,,,,-982.2282163672023,1.0,894.2499871254131,1.0,1.0,1.0,1.099611789,0.0,0.0,0.0,0.0,0.0,1.099611789,0.0,0.0,0.0,0.0,0.0,1.099611789,0.0,0.0,0.0,0.0,0.0,1.099611789,0.0,0.0,0.0,0.0,0.0,1.099611789,0.0,0.0,0.0,0.0,0.0,1.099611789,0.0,0.0,0.0,0.0,0.0,1.099611789,0.0,0.0,0.0,0.0,0.0
log_det,wine_n300_alpha3,winequality-red_n300_alpha3,300,0,5,,5.432610234,5.360778786,5.347167379,0,-5.655297234,solved (0.1 s),solved (0.2 s),1,0,best_found,1.099611789,1.0,0.7975905243269473,1.0,1.0,1.0,5.498058945,0.0,0.0,0.0,0.0,0.0,,,,,,,-982.2282163672023,1.0,181.8022615390159,1.0,1.0,1.0,5.498058945,0.0,0.0,0.0,0.0,0.0,1.099611789,1.0,0.7975905243269473,1.0,1.0,1.0,5.498058945,0.0,0.0,0.0,0.0,0.0,5.498058945,0.0,0.0,0.0,0.0,0.0,5.498058945,0.0,0.0,0.0,0.0,0.0,5.498058945,0.0,0.0,0.0,0.0,0.0,5.498058945,0.0,0.0,0.0,0.0,0.0
log_det,wine_n300_alpha3,winequality-red_n300_alpha3,300,0,10,,9.837009244,9.837009244,9.089538824,0,-5.655297234,solved (0.1 s),solved (0.2 s),1,0,best_found,1.099611789,1.0,0.8882168592379133,1.0,1.0,1.0,10.99611789,0.0,0.0,0.0,0.0,0.0,,,,,,,-982.2282163672023,1.0,100.85028904657216,1.0,1.0,1.0,10.99611789,0.0,0.0,0.0,0.0,0.0,1.099611789,1.0,0.8882168592379133,1.0,1.0,1.0,10.99611789,0.0,0.0,0.0,0.0,0.0,10.99611789,0.0,0.0,0.0,0.0,0.0,10.99611789,0.0,0.0,0.0,0.0,0.0,10.99611789,0.0,0.0,0.0,0.0,0.0,10.99611789,0.0,0.0,0.0,0.0,0.0
log_det,wine_n300_alpha3,winequality-red_n300_alpha3,300,0,15,,12.63231222,12.63231222,10.86814665,0,-5.655297234,solved (0.1 s),solved (0.2 s),1,0,best_found,1.099611789,1.0,0.9129524532128765,1.0,1.0,1.0,15.71086561,0.0,0.0,0.0,0.0,0.0,,,,,,,-982.2282163672023,1.0,78.75522004689672,1.0,1.0,1.0,15.537561058,0.0,0.0,0.0,0.0,0.0,1.099611789,1.0,0.9129524532128765,1.0,1.0,1.0,16.49417684,0.0,0.0,0.0,0.0,0.0,16.49417684,0.0,0.0,0.0,0.0,0.0,16.49417684,0.0,0.0,0.0,0.0,0.0,16.49417684,0.0,0.0,0.0,0.0,0.0,16.49417684,0.0,0.0,0.0,0.0,0.0
log_det,wine_n300_alpha3,winequality-red_n300_alpha3,300,0,20,,13.84481984,13.84481984,11.3029469,0,-5.655297234,solved (0.1 s),solved (0.2 s),1,0,best_found,1.099611789,1.0,0.9205759409145189,1.0,1.0,1.0,14.06375621,0.0,0.0,0.0,0.0,0.0,,,,,,,-982.2282163672023,1.0,71.94553975555397,1.0,1.0,1.0,14.028966218299999,0.0,0.0,0.0,0.0,0.0,1.099611789,1.0,0.9205759409145189,1.0,1.0,1.0,21.99223578,0.0,0.0,0.0,0.0,0.0,21.99223578,0.0,0.0,0.0,0.0,0.0,21.99223578,0.0,0.0,0.0,0.0,0.0,21.99223578,0.0,0.0,0.0,0.0,0.0,21.99223578,0.0,0.0,0.0,0.0,0.0
log_det,wine_n300_alpha3,winequality-red_n300_alpha3,300,0,25,,14.02896622,14.02896622,11.30270844,0,-5.655297234,solved (0.1 s),solved (0.2 s),1,0,best_found,1.099611789,1.0,0.9216184733959678,1.0,1.0,1.0,14.02896622,0.0,0.0,0.0,0.0,0.0,,,,,,,-982.2282163672023,1.0,71.01429762992204,1.0,1.0,1.0,14.028966218299999,0.0,0.0,0.0,0.0,0.0,1.099611789,1.0,0.9216184733959678,1.0,1.0,1.0,27.49029473,0.0,0.0,0.0,0.0,0.0,27.49029473,0.0,0.0,0.0,0.0,0.0,27.49029473,0.0,0.0,0.0,0.0,0.0,27.49029473,0.0,0.0,0.0,0.0,0.0,27.49029473,0.0,0.0,0.0,0.0,0.0
log_det,wine_n300_alpha3,winequality-red_n300_alpha3,300,0,30,,14.02896622,14.02896622,10.88392733,0,-5.655297234,solved (0.1 s),solved (0.2 s),1,0,best_found,1.099611789,1.0,0.9216184733959678,1.0,1.0,1.0,14.02896622,0.0,0.0,0.0,0.0,0.0,,,,,,,-982.2282163672023,1.0,71.01429762992204,1.0,1.0,1.0,14.028966218299999,0.0,0.0,0.0,0.0,0.0,1.099611789,1.0,0.9216184733959678,1.0,1.0,1.0,32.98835367,0.0,0.0,0.0,0.0,0.0,32.98835367,0.0,0.0,0.0,0.0,0.0,32.98835367,0.0,0.0,0.0,0.0,0.0,32.98835367,0.0,0.0,0.0,0.0,0.0,32.98835367,0.0,0.0,0.0,0.0,0.0
log_det,wine_n300_alpha3,winequality-red_n300_alpha3,300,0,35,,14.02896622,14.02896622,11.16051291,0,-5.655297234,solved (0.1 s),solved (0.2 s),1,0,best_found,1.099611789,1.0,0.9216184733959678,1.0,1.0,1.0,14.02896622,0.0,0.0,0.0,0.0,0.0,,,,,,,-982.2282163672023,1.0,71.01429762992204,1.0,1.0,1.0,14.028966218299999,0.0,0.0,0.0,0.0,0.0,1.099611789,1.0,0.9216184733959678,1.0,1.0,1.0,38.48641262,0.0,0.0,0.0,0.0,0.0,38.48641262,0.0,0.0,0.0,0.0,0.0,38.37760653,0.0,0.0,0.0,0.0,0.0,36.20745214,0.0,0.0,0.0,0.0,0.0,36.20520806,0.0,0.0,0.0,0.0,0.0
log_det,wine_n300_alpha3,winequality-red_n300_alpha3,300,0,40,,14.02896622,14.02896622,10.63879433,0,-5.655297234,solved (0.1 s),solved (0.2 s),1,0,best_found,1.099611789,1.0,0.9216184733959678,1.0,1.0,1.0,14.02896622,0.0,0.0,0.0,0.0,0.0,,,,,,,-982.2282163672023,1.0,71.01429762992204,1.0,1.0,1.0,14.028966218299999,0.0,0.0,0.0,0.0,0.0,1.099611789,1.0,0.9216184733959678,1.0,1.0,1.0,43.98447156,0.0,0.0,0.0,0.0,0.0,42.86261528,0.0,0.0,0.0,0.0,0.0,40.97076194,0.0,0.0,0.0,0.0,0.0,37.50154381,0.0,0.0,0.0,0.0,0.0,37.50018949,0.0,0.0,0.0,0.0,0.0
log_det,wine_n300_alpha3,winequality-red_n300_alpha3,300,0,45,,14.02896622,14.02896622,10.58658134,0,-5.655297234,solved (0.1 s),solved (0.2 s),1,0,best_found,1.099611789,1.0,0.9216184733959678,1.0,1.0,1.0,14.02896622,0.0,0.0,0.0,0.0,0.0,,,,,,,-982.2282163672023,1.0,71.01429762992204,1.0,1.0,1.0,14.028966218299999,0.0,0.0,0.0,0.0,0.0,1.099611789,1.0,0.9216184733959678,1.0,1.0,1.0,49.48253051,0.0,0.0,0.0,0.0,0.0,43.34668053,0.0,0.0,0.0,0.0,0.0,41.76276633,0.0,0.0,0.0,0.0,0.0,38.29294145,0.0,0.0,0.0,0.0,0.0,38.29156984,0.0,0.0,0.0,0.0,0.0
log_det,wine_n300_alpha3,winequality-red_n300_alpha3,300,0,50,,14.02896622,14.02896622,10.6186416,0,-5.655297234,solved (0.1 s),solved (0.2 s),1,0,best_found,1.099611789,1.0,0.9216184733959678,1.0,1.0,1.0,14.02896622,0.0,0.0,0.0,0.0,0.0,,,,,,,-982.2282163672023,1.0,71.01429762992204,1.0,1.0,1.0,14.028966218299999,0.0,0.0,0.0,0.0,0.0,1.099611789,1.0,0.9216184733959678,1.0,1.0,1.0,54.98058945,0.0,0.0,0.0,0.0,0.0,43.34668053,0.0,0.0,0.0,0.0,0.0,42.3318011,0.0,0.0,0.0,0.0,0.0,38.44799914,0.0,0.0,0.0,0.0,0.0,38.44780257,0.0,0.0,0.0,0.0,0.0
log_det,wine_n300_alpha3,winequality-red_n300_alpha3,300,0,55,,14.02896622,14.02896622,10.40844675,0,-5.655297234,solved (0.1 s),solved (0.2 s),1,0,best_found,1.099611789,1.0,0.9216184733959678,1.0,1.0,1.0,14.02896622,0.0,0.0,0.0,0.0,0.0,,,,,,,-982.2282163672023,1.0,71.01429762992204,1.0,1.0,1.0,14.028966218299999,0.0,0.0,0.0,0.0,0.0,1.099611789,1.0,0.9216184733959678,1.0,1.0,1.0,60.4786484,0.0,0.0,0.0,0.0,0.0,43.34668053,0.0,0.0,0.0,0.0,0.0,42.7931344,0.0,0.0,0.0,0.0,0.0,38.44799914,0.0,0.0,0.0,0.0,0.0,38.44780257,0.0,0.0,0.0,0.0,0.0
log_det,wine_n300_alpha3,winequality-red_n300_alpha3,300,0,60,,14.02896622,14.02896622,10.39278799,0,-5.655297234,solved (0.1 s),solved (0.2 s),1,0,best_found,1.099611789,1.0,0.9216184733959678,1.0,1.0,1.0,14.02896622,0.0,0.0,0.0,0.0,0.0,,,,,,,-982.2282163672023,1.0,71.01429762992204,1.0,1.0,1.0,14.028966218299999,0.0,0.0,0.0,0.0,0.0,1.099611789,1.0,0.9216184733959678,1.0,1.0,1.0,65.97670734,0.0,0.0,0.0,0.0,0.0,43.34668053,0.0,0.0,0.0,0.0,0.0,43.14917222,0.0,0.0,0.0,0.0,0.0,38.44799914,0.0,0.0,0.0,0.0,0.0,38.44780257,0.0,0.0,0.0,0.0,0.0
log_det,wine_n300_alpha3,winequality-red_n300_alpha3,300,0,65,,14.02896622,14.02896622,10.31316504,0,-5.655297234,solved (0.1 s),solved (0.2 s),1,0,best_found,1.099611789,1.0,0.9216184733959678,1.0,1.0,1.0,14.02896622,0.0,0.0,0.0,0.0,0.0,,,,,,,-982.2282163672023,1.0,71.01429762992204,1.0,1.0,1.0,14.028966218299999,0.0,0.0,0.0,0.0,0.0,1.099611789,1.0,0.9216184733959678,1.0,1.0,1.0,71.47476629,0.0,0.0,0.0,0.0,0.0,43.34668053,0.0,0.0,0.0,0.0,0.0,43.14917222,0.0,0.0,0.0,0.0,0.0,38.44799914,0.0,0.0,0.0,0.0,0.0,38.44780257,0.0,0.0,0.0,0.0,0.0
log_det,wine_n300_alpha3,winequality-red_n300_alpha3,300,0,70,,14.02896622,14.02896622,10.03061553,0,-5.655297234,solved (0.1 s),solved (0.2 s),1,0,best_found,1.099611789,1.0,0.9216184733959678,1.0,1.0,1.0,14.02896622,0.0,0.0,0.0,0.0,0.0,,,,,,,-982.2282163672023,1.0,71.01429762992204,1.0,1.0,1.0,14.028966218299999,0.0,0.0,0.0,0.0,0.0,1.099611789,1.0,0.9216184733959678,1.0,1.0,1.0,76.97282523,0.0,0.0,0.0,0.0,0.0,43.34668053,0.0,0.0,0.0,0.0,0.0,43.14917222,0.0,0.0,0.0,0.0,0.0,38.44799914,0.0,0.0,0.0,0.0,0.0,38.44780257,0.0,0.0,0.0,0.0,0.0
log_det,wine_n300_alpha3,winequality-red_n300_alpha3,300,0,75,,14.02896622,14.02896622,9.90613135,0,-5.655297234,solved (0.1 s),solved (0.2 s),1,0,best_found,1.099611789,1.0,0.9216184733959678,1.0,1.0,1.0,14.02896622,0.0,0.0,0.0,0.0,0.0,,,,,,,-982.2282163672023,1.0,71.01429762992204,1.0,1.0,1.0,14.028966218299999,0.0,0.0,0.0,0.0,0.0,1.099611789,1.0,0.9216184733959678,1.0,1.0,1.0,82.47088418,0.0,0.0,0.0,0.0,0.0,43.34668053,0.0,0.0,0.0,0.0,0.0,43.14917222,0.0,0.0,0.0,0.0,0.0,38.44799914,0.0,0.0,0.0,0.0,0.0,38.44780257,0.0,0.0,0.0,0.0,0.0
log_det,wine_n300_alpha3,winequality-red_n300_alpha3,300,0,80,,14.02896622,14.02896622,9.982729109,0,-5.655297234,solved (0.1 s),solved (0.2 s),1,0,best_found,1.099611789,1.0,0.9216184733959678,1.0,1.0,1.0,14.02896622,0.0,0.0,0.0,0.0,0.0,,,,,,,-982.2282163672023,1.0,71.01429762992204,1.0,1.0,1.0,14.028966218299999,0.0,0.0,0.0,0.0,0.0,1.099611789,1.0,0.9216184733959678,1.0,1.0,1.0,87.96894312,0.0,0.0,0.0,0.0,0.0,43.34668053,0.0,0.0,0.0,0.0,0.0,43.14917222,0.0,0.0,0.0,0.0,0.0,38.44799914,0.0,0.0,0.0,0.0,0.0,38.44780257,0.0,0.0,0.0,0.0,0.0
log_det,wine_n300_alpha3,winequality-red_n300_alpha3,300,0,85,,14.02896622,14.02896622,9.955070079,0,-5.655297234,solved (0.1 s),solved (0.2 s),1,0,best_found,1.099611789,1.0,0.9216184733959678,1.0,1.0,1.0,14.02896622,0.0,0.0,0.0,0.0,0.0,,,,,,,-982.2282163672023,1.0,71.01429762992204,1.0,1.0,1.0,14.028966218299999,0.0,0.0,0.0,0.0,0.0,1.099611789,1.0,0.9216184733959678,1.0,1.0,1.0,93.46700207,0.0,0.0,0.0,0.0,0.0,43.34668053,0.0,0.0,0.0,0.0,0.0,43.14917222,0.0,0.0,0.0,0.0,0.0,38.44799914,0.0,0.0,0.0,0.0,0.0,38.44780257,0.0,0.0,0.0,0.0,0.0
log_det,wine_n300_alpha3,winequality-red_n300_alpha3,300,0,90,,14.02896622,14.02896622,9.802974087,0,-5.655297234,solved (0.1 s),solved (0.2 s),1,0,best_found,1.099611789,1.0,0.9216184733959678,1.0,1.0,1.0,14.02896622,0.0,0.0,0.0,0.0,0.0,,,,,,,-982.2282163672023,1.0,71.01429762992204,1.0,1.0,1.0,14.028966218299999,0.0,0.0,0.0,0.0,0.0,1.099611789,1.0,0.9216184733959678,1.0,1.0,1.0,98.96506101,0.0,0.0,0.0,0.0,0.0,43.34668053,0.0,0.0,0.0,0.0,0.0,43.14917222,0.0,0.0,0.0,0.0,0.0,38.44799914,0.0,0.0,0.0,0.0,0.0,38.44780257,0.0,0.0,0.0,0.0,0.0
log_det,wine_n300_alpha3,winequality-red_n300_alpha3,300,0,95,,14.02896622,14.02896622,10.04067984,0,-5.655297234,solved (0.1 s),solved (0.2 s),1,0,best_found,1.099611789,1.0,0.9216184733959678,1.0,1.0,1.0,14.02896622,0.0,0.0,0.0,0.0,0.0,,,,,,,-982.2282163672023,1.0,71.01429762992204,1.0,1.0,1.0,14.028966218299999,0.0,0.0,0.0,0.0,0.0,1.099611789,1.0,0.9216184733959678,1.0,1.0,1.0,104.46312,0.0,0.0,0.0,0.0,0.0,43.34668053,0.0,0.0,0.0,0.0,0.0,43.14917222,0.0,0.0,0.0,0.0,0.0,38.44799914,0.0,0.0,0.0,0.0,0.0,38.44780257,0.0,0.0,0.0,0.0,0.0
log_det,wine_n300_alpha3,winequality-red_n300_alpha3,300,0,100,,14.02896622,14.02896622,10.02505673,0,-5.655297234,solved (0.1 s),solved (0.2 s),1,0,best_found,1.099611789,1.0,0.9216184733959678,1.0,1.0,1.0,14.02896622,0.0,0.0,0.0,0.0,0.0,,,,,,,-982.2282163672023,1.0,71.01429762992204,1.0,1.0,1.0,14.028966218299999,0.0,0.0,0.0,0.0,0.0,1.099611789,1.0,0.9216184733959678,1.0,1.0,1.0,109.9611789,0.0,0.0,0.0,0.0,0.0,43.34668053,0.0,0.0,0.0,0.0,0.0,43.14917222,0.0,0.0,0.0,0.0,0.0,38.44799914,0.0,0.0,0.0,0.0,0.0,38.44780257,0.0,0.0,0.0,0.0,0.0
log_det,wine_n300_alpha3,winequality-red_n300_alpha3,300,1,1,1.099611789,1.099611789,1.099611789,1.099611789,0,-5.66331055,solved (0.1 s),solved (0.2 s),1,0,opt,1.099611789,0.0,0.0,0.0,0.0,0.0,1.099611789,0.0,0.0,0.0,0.0,0.0,,,,,,,-985.8837778482557,1.0,897.5743980835548,1.0,1.0,1.0,1.099611789,0.0,0.0,0.0,0.0,0.0,1.099611789,0.0,0.0,0.0,0.0,0.0,1.099611789,0.0,0.0,0.0,0.0,0.0,1.099611789,0.0,0.0,0.0,0.0,0.0,1.099611789,0.0,0.0,0.0,0.0,0.0,1.099611789,0.0,0.0,0.0,0.0,0.0,1.099611789,0.0,0.0,0.0,0.0,0.0
log_det,wine_n300_alpha3,winequality-red_n300_alpha3,300,1,5,,5.439290536,5.439290536,5.372007626,0,-5.66331055,solved (0.1 s),solved (0.2 s),1,0,best_found,1.668731402,1.0,0.6932078933906023,1.0,1.0,1.0,5.498058945,0.0,0.0,0.0,0.0,0.0,,,,,,,-985.8837778482557,1.0,182.25227386240428,1.0,1.0,1.0,5.498058945,0.0,0.0,0.0,0.0,0.0,1.668731402,1.0,0.6932078933906023,1.0,1.0,1.0,5.498058945,0.0,0.0,0.0,0.0,0.0,5.498058945,0.0,0.0,0.0,0.0,0.0,5.498058945,0.0,0.0,0.0,0.0,0.0,5.498058945,0.0,0.0,0.0,0.0,0.0,5.498058945,0.0,0.0,0.0,0.0,0.0
log_det,wine_n300_alpha3,winequality-red_n300_alpha3,300,1,10,,10.11119269,10.11119269,9.378350894,0,-5.66331055,solved (0.1 s),solved (0.2 s),1,0,best_found,1.668731402,1.0,0.8349619621382173,1.0,1.0,1.0,10.99611789,0.0,0.0,0.0,0.0,0.0,,,,,,,-985.8837778482557,1.0,98.50420233048251,1.0,1.0,1.0,10.99611789,0.0,0.0,0.0,0.0,0.0,1.668731402,1.0,0.8349619621382173,1.0,1.0,1.0,10.99611789,0.0,0.0,0.0,0.0,0.0,10.99611789,0.0,0.0,0.0,0.0,0.0,10.99611789,0.0,0.0,0.0,0.0,0.0,10.99611789,0.0,0.0,0.0,0.0,0.0,10.99611789,0.0,0.0,0.0,0.0,0.0
log_det,wine_n300_alpha3,winequality-red_n300_alpha3,300,1,15,,13.38541142,13.38541142,11.5905064,0,-5.66331055,solved (0.1 s),solved (0.2 s),1,0,best_found,1.668731402,1.0,0.875332079856235,1.0,1.0,1.0,16.49417684,0.0,0.0,0.0,0.0,0.0,,,,,,,-985.8837778482557,1.0,74.65360293484768,1.0,1.0,1.0,16.49417684,0.0,0.0,0.0,0.0,0.0,1.668731402,1.0,0.875332079856235,1.0,1.0,1.0,16.49417684,0.0,0.0,0.0,0.0,0.0,16.49417684,0.0,0.0,0.0,0.0,0.0,16.49417684,0.0,0.0,0.0,0.0,0.0,16.49417684,0.0,0.0,0.0,0.0,0.0,16.49417684,0.0,0.0,0.0,0.0,0.0
log_det,wine_n300_alpha3,winequality-red_n300_alpha3,300,1,20,,15.20071139,15.20071139,11.96427414,0,-5.66331055,solved (0.1 s),solved (0.2 s),1,0,best_found,1.668731402,1.0,0.8902201772544804,1.0,1.0,1.0,16.32381642,0.0,0.0,0.0,0.0,0.0,,,,,,,-985.8837778482557,1.0,65.85773938822581,1.0,1.0,1.0,16.318627885,0.0,0.0,0.0,0.0,0.0,1.668731402,1.0,0.8902201772544804,1.0,1.0,1.0,21.99223578,0.0,0.0,0.0,0.0,0.0,21.99223578,0.0,0.0,0.0,0.0,0.0,21.99223578,0.0,0.0,0.0,0.0,0.0,21.99223578,0.0,0.0,0.0,0.0,0.0,21.99223578,0.0,0.0,0.0,0.0,0.0
log_det,wine_n300_alpha3,winequality-red_n300_alpha3,300,1,25,,15.67765492,15.67765492,11.9469338,0,-5.66331055,solved (0.1 s),solved (0.2 s),1,0,best_found,1.668731402,1.0,0.8935598844013847,1.0,1.0,1.0,15.67765492,0.0,0.0,0.0,0.0,0.0,,,,,,,-985.8837778482557,1.0,63.88464587841915,1.0,1.0,1.0,15.67765492,0.0,0.0,0.0,0.0,0.0,1.668731402,1.0,0.8935598844013847,1.0,1.0,1.0,27.49029473,0.0,0.0,0.0,0.0,0.0,27.49029473,0.0,0.0,0.0,0.0,0.0,27.49029473,0.0,0.0,0.0,0.0,0.0,27.49029473,0.0,0.0,0.0,0.0,0.0,27.49029473,0.0,0.0,0.0,0.0,0.0
log_det,wine_n300_alpha3,winequality-red_n300_alpha3,300,1,30,,15.67765492,15.67765492,11.95268049,0,-5.66331055,solved (0.1 s),solved (0.2 s),1,0,best_found,1.668731402,1.0,0.8935598844013847,1.0,1.0,1.0,15.67765492,0.0,0.0,0.0,0.0,0.0,,,,,,,-985.8837778482557,1.0,63.88464587841915,1.0,1.0,1.0,15.67765492,0.0,0.0,0.0,0.0,0.0,1.668731402,1.0,0.8935598844013847,1.0,1.0,1.0,32.98835367,0.0,0.0,0.0,0.0,0.0,32.98835367,0.0,0.0,0.0,0.0,0.0,32.98835367,0.0,0.0,0.0,0.0,0.0,32.98835367,0.0,0.0,0.0,0.0,0.0,32.98835367,0.0,0.0,0.0,0.0,0.0
log_det,wine_n300_alpha3,winequality-red_n300_alpha3,300,1,35,,15.67765492,15.67765492,11.68221585,0,-5.66331055,solved (0.1 s),solved (0.2 s),1,0,best_found,1.668731402,1.0,0.8935598844013847,1.0,1.0,1.0,15.67765492,0.0,0.0,0.0,0.0,0.0,,,,,,,-985.8837778482557,1.0,63.88464587841915,1.0,1.0,1.0,15.67765492,0.0,0.0,0.0,0.0,0.0,1.668731402,1.0,0.8935598844013847,1.0,1.0,1.0,38.48641262,0.0,0.0,0.0,0.0,0.0,38.48641262,0.0,0.0,0.0,0.0,0.0,38.48641262,0.0,0.0,0.0,0.0,0.0,38.17707377,0.0,0.0,0.0,0.0,0.0,38.17707377,0.0,0.0,0.0,0.0,0.0
log_det,wine_n300_alpha3,winequality-red_n300_alpha3,300,1,40,,15.67765492,15.67765492,11.48350223,0,-5.66331055,solved (0.1 s),solved (0.2 s),1,0,best_found,1.668731402,1.0,0.8935598844013847,1.0,1.0,1.0,15.67765492,0.0,0.0,0.0,0.0,0.0,,,,,,,-985.8837778482557,1.0,63.88464587841915,1.0,1.0,1.0,15.67765492,0.0,0.0,0.0,0.0,0.0,1.668731402,1.0,0.8935598844013847,1.0,1.0,1.0,43.98447156,0.0,0.0,0.0,0.0,0.0,43.98447156,0.0,0.0,0.0,0.0,0.0,43.98447156,0.0,0.0,0.0,0.0,0.0,40.31456432,0.0,0.0,0.0,0.0,0.0,40.31456432,0.0,0.0,0.0,0.0,0.0
log_det,wine_n300_alpha3,winequality-red_n300_alpha3,300,1,45,,15.67765492,15.67765492,11.34010125,0,-5.66331055,solved (0.1 s),solved (0.2 s),1,0,best_found,1.668731402,1.0,0.8935598844013847,1.0,1.0,1.0,15.67765492,0.0,0.0,0.0,0.0,0.0,,,,,,,-985.8837778482557,1.0,63.88464587841915,1.0,1.0,1.0,15.67765492,0.0,0.0,0.0,0.0,0.0,1.668731402,1.0,0.8935598844013847,1.0,1.0,1.0,49.48253051,0.0,0.0,0.0,0.0,0.0,47.73322105,0.0,0.0,0.0,0.0,0.0,47.36742459,0.0,0.0,0.0,0.0,0.0,41.17273791,0.0,0.0,0.0,0.0,0.0,41.17273791,0.0,0.0,0.0,0.0,0.0
log_det,wine_n300_alpha3,winequality-red_n300_alpha3,300,1,50,,15.67765492,15.67765492,11.4273025,0,-5.66331055,solved (0.1 s),solved (0.2 s),1,0,best_found,1.668731402,1.0,0.8935598844013847,1.0,1.0,1.0,15.67765492,0.0,0.0,0.0,0.0,0.0,,,,,,,-985.8837778482557,1.0,63.88464587841915,1.0,1.0,1.0,15.67765492,0.0,0.0,0.0,0.0,0.0,1.668731402,1.0,0.8935598844013847,1.0,1.0,1.0,54.98058945,0.0,0.0,0.0,0.0,0.0,48.17483817,0.0,0.0,0.0,0.0,0.0,47.67903026,0.0,0.0,0.0,0.0,0.0,41.20147947,0.0,0.0,0.0,0.0,0.0,41.20147947,0.0,0.0,0.0,0.0,0.0
log_det,wine_n300_alpha3,winequality-red_n300_alpha3,300,1,55,,15.67765492,15.67765492,11.0960187,0,-5.66331055,solved (0.1 s),solved (0.2 s),1,0,best_found,1.668731402,1.0,0.8935598844013847,1.0,1.0,1.0,15.67765492,0.0,0.0,0.0,0.0,0.0,,,,,,,-985.8837778482557,1.0,63.88464587841915,1.0,1.0,1.0,15.67765492,0.0,0.0,0.0,0.0,0.0,1.668731402,1.0,0.8935598844013847,1.0,1.0,1.0,60.4786484,0.0,0.0,0.0,0.0,0.0,48.41869193,0.0,0.0,0.0,0.0,0.0,47.90930822,0.0,0.0,0.0,0.0,0.0,41.20147947,0.0,0.0,0.0,0.0,0.0,41.20147947,0.0,0.0,0.0,0.0,0.0
log_det,wine_n300_alpha3,winequality-red_n300_alpha3,300,1,60,,15.67765492,15.67765492,11.13159862,0,-5.66331055,solved (0.1 s),solved (0.2 s),1,0,best_found,1.668731402,1.0,0.8935598844013847,1.0,1.0,1.0,15.67765492,0.0,0.0,0.0,0.0,0.0,,,,,,,-985.8837778482557,1.0,63.88464587841915,1.0,1.0,1.0,15.67765492,0.0,0.0,0.0,0.0,0.0,1.668731402,1.0,0.8935598844013847,1.0,1.0,1.0,65.97670734,0.0,0.0,0.0,0.0,0.0,48.57630968,0.0,0.0,0.0,0.0,0.0,48.04682895,0.0,0.0,0.0,0.0,0.0,41.20147947,0.0,0.0,0.0,0.0,0.0,41.20147947,0.0,0.0,0.0,0.0,0.0
log_det,wine_n300_alpha3,winequality-red_n300_alpha3,300,1,65,,15.67765492,15.67765492,10.87427206,0,-5.66331055,solved (0.1 s),solved (0.2 s),1,0,best_found,1.668731402,1.0,0.8935598844013847,1.0,1.0,1.0,15.67765492,0.0,0.0,0.0,0.0,0.0,,,,,,,-985.8837778482557,1.0,63.88464587841915,1.0,1.0,1.0,15.67765492,0.0,0.0,0.0,0.0,0.0,1.668731402,1.0,0.8935598844013847,1.0,1.0,1.0,71.47476629,0.0,0.0,0.0,0.0,0.0,48.67105643,0.0,0.0,0.0,0.0,0.0,48.13272081,0.0,0.0,0.0,0.0,0.0,41.20147947,0.0,0.0,0.0,0.0,0.0,41.20147947,0.0,0.0,0.0,0.0,0.0
log_det,wine_n300_alpha3,winequality-red_n300_alpha3,300,1,70,,15.67765492,15.67765492,10.91985243,0,-5.66331055,solved (0.1 s),solved (0.2 s),1,0,best_found,1.668731402,1.0,0.8935598844013847,1.0,1.0,1.0,15.67765492,0.0,0.0,0.0,0.0,0.0,,,,,,,-985.8837778482557,1.0,63.88464587841915,1.0,1.0,1.0,15.67765492,0.0,0.0,0.0,0.0,0.0,1.668731402,1.0,0.8935598844013847,1.0,1.0,1.0,76.97282523,0.0,0.0,0.0,0.0,0.0,48.70607861,0.0,0.0,0.0,0.0,0.0,48.1568271,0.0,0.0,0.0,0.0,0.0,41.20147947,0.0,0.0,0.0,0.0,0.0,41.20147947,0.0,0.0,0.0,0.0,0.0
log_det,wine_n300_alpha3,winequality-red_n300_alpha3,300,1,75,,15.67765492,15.67765492,10.83875063,0,-5.66331055,solved (0.1 s),solved (0.2 s),1,0,best_found,1.668731402,1.0,0.8935598844013847,1.0,1.0,1.0,15.67765492,0.0,0.0,0.0,0.0,0.0,,,,,,,-985.8837778482557,1.0,63.88464587841915,1.0,1.0,1.0,15.67765492,0.0,0.0,0.0,0.0,0.0,1.668731402,1.0,0.8935598844013847,1.0,1.0,1.0,82.47088418,0.0,0.0,0.0,0.0,0.0,48.70971757,0.0,0.0,0.0,0.0,0.0,48.15848996,0.0,0.0,0.0,0.0,0.0,41.20147947,0.0,0.0,0.0,0.0,0.0,41.20147947,0.0,0.0,0.0,0.0,0.0
log_det,wine_n300_alpha3,winequality-red_n300_alpha3,300,1,80,,15.67765492,15.67765492,10.70305596,0,-5.66331055,solved (0.1 s),solved (0.2 s),1,0,best_found,1.668731402,1.0,0.8935598844013847,1.0,1.0,1.0,15.67765492,0.0,0.0,0.0,0.0,0.0,,,,,,,-985.8837778482557,1.0,63.88464587841915,1.0,1.0,1.0,15.67765492,0.0,0.0,0.0,0.0,0.0,1.668731402,1.0,0.8935598844013847,1.0,1.0,1.0,87.96894312,0.0,0.0,0.0,0.0,0.0,48.70971757,0.0,0.0,0.0,0.0,0.0,48.15848996,0.0,0.0,0.0,0.0,0.0,41.20147947,0.0,0.0,0.0,0.0,0.0,41.20147947,0.0,0.0,0.0,0.0,0.0
log_det,wine_n300_alpha3,winequality-red_n300_alpha3,300,1,85,,15.67765492,15.67765492,10.766557,0,-5.66331055,solved (0.1 s),solved (0.2 s),1,0,best_found,1.668731402,1.0,0.8935598844013847,1.0,1.0,1.0,15.67765492,0.0,0.0,0.0,0.0,0.0,,,,,,,-985.8837778482557,1.0,63.88464587841915,1.0,1.0,1.0,15.67765492,0.0,0.0,0.0,0.0,0.0,1.668731402,1.0,0.8935598844013847,1.0,1.0,1.0,93.46700207,0.0,0.0,0.0,0.0,0.0,48.70971757,0.0,0.0,0.0,0.0,0.0,48.15848996,0.0,0.0,0.0,0.0,0.0,41.20147947,0.0,0.0,0.0,0.0,0.0,41.20147947,0.0,0.0,0.0,0.0,0.0
log_det,wine_n300_alpha3,winequality-red_n300_alpha3,300,1,90,,15.67765492,15.67765492,10.44328692,0,-5.66331055,solved (0.1 s),solved (0.2 s),1,0,best_found,1.668731402,1.0,0.8935598844013847,1.0,1.0,1.0,15.67765492,0.0,0.0,0.0,0.0,0.0,,,,,,,-985.8837778482557,1.0,63.88464587841915,1.0,1.0,1.0,15.67765492,0.0,0.0,0.0,0.0,0.0,1.668731402,1.0,0.8935598844013847,1.0,1.0,1.0,98.96506101,0.0,0.0,0.0,0.0,0.0,48.70971757,0.0,0.0,0.0,0.0,0.0,48.15848996,0.0,0.0,0.0,0.0,0.0,41.20147947,0.0,0.0,0.0,0.0,0.0,41.20147947,0.0,0.0,0.0,0.0,0.0
log_det,wine_n300_alpha3,winequality-red_n300_alpha3,300,1,95,,15.67765492,15.67765492,10.85325695,0,-5.66331055,solved (0.1 s),solved (0.2 s),1,0,best_found,1.668731402,1.0,0.8935598844013847,1.0,1.0,1.0,15.67765492,0.0,0.0,0.0,0.0,0.0,,,,,,,-985.8837778482557,1.0,63.88464587841915,1.0,1.0,1.0,15.67765492,0.0,0.0,0.0,0.0,0.0,1.668731402,1.0,0.8935598844013847,1.0,1.0,1.0,104.46312,0.0,0.0,0.0,0.0,0.0,48.70971757,0.0,0.0,0.0,0.0,0.0,48.15848996,0.0,0.0,0.0,0.0,0.0,41.20147947,0.0,0.0,0.0,0.0,0.0,41.20147947,0.0,0.0,0.0,0.0,0.0
log_det,wine_n300_alpha3,winequality-red_n300_alpha3,300,1,100,,15.67765492,15.67765492,10.41373847,0,-5.66331055,solved (0.1 s),solved (0.2 s),1,0,best_found,1.668731402,1.0,0.8935598844013847,1.0,1.0,1.0,15.67765492,0.0,0.0,0.0,0.0,0.0,,,,,,,-985.8837778482557,1.0,63.88464587841915,1.0,1.0,1.0,15.67765492,0.0,0.0,0.0,0.0,0.0,1.668731402,1.0,0.8935598844013847,1.0,1.0,1.0,109.9611789,0.0,0.0,0.0,0.0,0.0,48.70971757,0.0,0.0,0.0,0.0,0.0,48.15848996,0.0,0.0,0.0,0.0,0.0,41.20147947,0.0,0.0,0.0,0.0,0.0,41.20147947,0.0,0.0,0.0,0.0,0.0
