problem,instance,n,k,trials,seed,chain_stride,chain_len,opt,top_k_bound,total_bound,dual_bound,dual_bound_S0,dual_best_prefix,greedy,rg_mean,rg_std,rg_min,rg_max,best_found,dual_valid,time_dual_ms,time_rg_ms,time_opt_ms,lp_bound,gamma1_bound,gamma1_noprune,mu2_bound,mu3_bound,lattice_A_size,lattice_B_size,prune_rounds,f_empty,f_V,opt_unconstrained,lattice_opt_unconstrained,lattice_opt_k,time_lp_export_ms,time_lp_ms,time_gamma1_ms,time_mu_ms,marginal_bound,time_marginal_ms,time_hybrid_export_ms,hybrid_bound,best_bound,hybrid_status,hybrid_rows,hybrid_cols,time_hybrid_solve_ms,hybrid_certificate,dual_bound_mono,lp_bound_mono,hybrid_bound_mono,best_bound_mono
log_det,winequality-red_n300_alpha3,300,1,50,0,5,2,1.099611789,1.099611789,nan,1.099611789,1.099611789,0,1.099611789,1.099611789,0,1.099611789,1.099611789,1.099611789,1,21463.914,0.0080,2.366,1.099611789,1019.246681,1020.346293,46.91666952,296.844693,1,300,1,0,-982.2282164,nan,nan,nan,32.562,0.715,87.217,65.137,1.099611789,0.292,50874.039,1.099611789,1.099611789,optimal,602,900,6.2,pass,1.099611789,1.099611789,1.099611789,1.099611789
log_det,winequality-red_n300_alpha3,300,5,50,0,5,6,nan,5.498058945,nan,5.498058945,5.498058945,0,5.360778786,5.347167379,0.0523384925,5.213822543,5.432610234,5.432610234,1,18361.792,0.0285,2.366,5.498058945,1019.246681,1020.346293,46.91666952,296.844693,1,300,1,0,-982.2282164,nan,nan,nan,32.562,0.686,87.217,65.137,5.498058945,0.292,50874.039,5.498058945,5.498058945,optimal,598,896,5.5,n/a,5.498058945,5.498058945,5.498058945,5.498058945
log_det,winequality-red_n300_alpha3,300,10,50,0,5,11,nan,10.99611789,nan,10.99611789,10.99611789,0,9.837009244,9.089538824,0.3291522987,8.285422732,9.810568725,9.837009244,1,25512.710,0.0995,2.366,10.99611789,1019.246681,1020.346293,46.82532741,296.844693,1,300,1,0,-982.2282164,nan,nan,nan,32.562,0.818,87.217,65.137,10.99611789,0.292,50874.039,10.99611789,10.99611789,optimal,889,1186,14.5,n/a,10.99611789,10.99611789,10.99611789,10.99611789
log_det,winequality-red_n300_alpha3,300,15,50,0,5,16,nan,16.49417684,nan,16.49417684,16.49417684,0,12.63231222,10.86814665,0.6197734565,9.017724842,11.98421885,12.63231222,1,32302.498,0.2422,2.366,16.49417684,1019.246681,1020.346293,43.34668053,296.844693,1,300,1,0,-982.2282164,nan,nan,nan,32.562,0.808,87.217,65.137,16.49417684,0.292,50874.039,16.49417684,16.49417684,optimal,1175,1471,12.4,n/a,16.49417684,16.49417684,16.49417684,16.49417684
log_det,winequality-red_n300_alpha3,300,20,50,0,5,21,nan,21.99223578,nan,21.99223578,21.99223578,0,13.84481984,11.3029469,0.7915576562,9.389098731,12.5197867,13.84481984,1,38851.092,0.4652,2.366,21.99223578,1019.246681,1020.346293,43.34668053,296.844693,1,300,1,0,-982.2282164,nan,nan,nan,32.562,1.098,87.217,65.137,21.99223578,0.292,50874.039,21.99223578,21.99223578,optimal,1456,1751,19.4,n/a,21.99223578,21.99223578,21.99223578,21.99223578
log_det,winequality-red_n300_alpha3,300,25,50,0,5,24,nan,27.49029473,nan,27.49029473,27.49029473,0,14.02896622,11.30270844,0.9369517186,9.287716164,12.96188177,14.02896622,1,45179.325,0.7496,2.366,27.49029473,1019.246681,1020.346293,43.34668053,296.844693,1,300,1,0,-982.2282164,nan,nan,nan,32.562,1.016,87.217,65.137,27.49029473,0.292,50874.039,27.49029473,27.49029473,optimal,1734,2028,21.2,n/a,27.49029473,27.49029473,27.49029473,27.49029473
log_det,winequality-red_n300_alpha3,300,30,50,0,5,24,nan,32.98835367,nan,32.98835367,32.98835367,0,14.02896622,10.88392733,0.9657402345,8.627038586,12.96437976,14.02896622,1,45179.325,1.0206,2.366,32.98835367,1019.246681,1020.346293,43.34668053,296.844693,1,300,1,0,-982.2282164,nan,nan,nan,32.562,0.917,87.217,65.137,32.98835367,0.292,50874.039,32.98835367,32.98835367,optimal,1734,2028,23.6,n/a,32.98835367,32.98835367,32.98835367,32.98835367
log_det,winequality-red_n300_alpha3,300,35,50,0,5,24,nan,38.48641262,nan,38.37760653,38.48641262,5,14.02896622,11.16051291,0.9000126581,9.204028073,12.85233282,14.02896622,1,45179.325,1.3801,2.366,36.20745214,1019.246681,1020.346293,43.34668053,296.844693,1,300,1,0,-982.2282164,nan,nan,nan,32.562,0.873,87.217,65.137,38.48641262,0.292,50874.039,36.20520806,36.20520806,optimal,1734,2028,23.2,n/a,38.37760653,36.20745214,36.20520806,36.20520806
log_det,winequality-red_n300_alpha3,300,40,50,0,5,24,nan,43.98447156,nan,40.97076194,43.98447156,5,14.02896622,10.63879433,0.87902189,8.74731483,12.55165328,14.02896622,1,45179.325,1.6098,2.366,37.50154381,1019.246681,1020.346293,43.34668053,296.844693,1,300,1,0,-982.2282164,nan,nan,nan,32.562,0.963,87.217,65.137,42.86261528,0.292,50874.039,37.50018949,37.50018949,optimal,1734,2028,20.5,n/a,40.97076194,37.50154381,37.50018949,37.50018949
log_det,winequality-red_n300_alpha3,300,45,50,0,5,24,nan,49.48253051,nan,41.76276633,49.48253051,10,14.02896622,10.58658134,0.8131258781,8.36592444,12.21549135,14.02896622,1,45179.325,1.9561,2.366,38.29294145,1019.246681,1020.346293,43.34668053,296.844693,1,300,1,0,-982.2282164,nan,nan,nan,32.562,0.889,87.217,65.137,43.34668053,0.292,50874.039,38.29156984,38.29156984,optimal,1734,2028,19.5,n/a,41.76276633,38.29294145,38.29156984,38.29156984
log_det,winequality-red_n300_alpha3,300,50,50,0,5,24,nan,54.98058945,nan,42.3318011,54.98058945,10,14.02896622,10.6186416,0.8626774329,8.94710281,12.97084361,14.02896622,1,45179.325,2.3148,2.366,38.44799914,1019.246681,1020.346293,43.34668053,296.844693,1,300,1,0,-982.2282164,nan,nan,nan,32.562,0.861,87.217,65.137,43.34668053,0.292,50874.039,38.44780257,38.44780257,optimal,1734,2028,19.7,n/a,42.3318011,38.44799914,38.44780257,38.44780257
log_det,winequality-red_n300_alpha3,300,55,50,0,5,24,nan,60.4786484,nan,42.7931344,60.4786484,10,14.02896622,10.40844675,1.038739486,8.322403676,12.13426018,14.02896622,1,45179.325,2.4186,2.366,38.44799914,1019.246681,1020.346293,43.34668053,296.844693,1,300,1,0,-982.2282164,nan,nan,nan,32.562,0.824,87.217,65.137,43.34668053,0.292,50874.039,38.44780257,38.44780257,optimal,1734,2028,21.1,n/a,42.7931344,38.44799914,38.44780257,38.44780257
log_det,winequality-red_n300_alpha3,300,60,50,0,5,24,nan,65.97670734,nan,43.14917222,65.97670734,15,14.02896622,10.39278799,0.9763712612,6.767178556,12.33294145,14.02896622,1,45179.325,2.7100,2.366,38.44799914,1019.246681,1020.346293,43.34668053,296.844693,1,300,1,0,-982.2282164,nan,nan,nan,32.562,0.815,87.217,65.137,43.34668053,0.292,50874.039,38.44780257,38.44780257,optimal,1734,2028,18.7,n/a,43.14917222,38.44799914,38.44780257,38.44780257
log_det,winequality-red_n300_alpha3,300,65,50,0,5,24,nan,71.47476629,nan,43.14917222,71.47476629,15,14.02896622,10.31316504,0.9956855085,8.006516028,12.54516395,14.02896622,1,45179.325,3.2668,2.366,38.44799914,1019.246681,1020.346293,43.34668053,296.844693,1,300,1,0,-982.2282164,nan,nan,nan,32.562,0.808,87.217,65.137,43.34668053,0.292,50874.039,38.44780257,38.44780257,optimal,1734,2028,25.9,n/a,43.14917222,38.44799914,38.44780257,38.44780257
log_det,winequality-red_n300_alpha3,300,70,50,0,5,24,nan,76.97282523,nan,43.14917222,73.75021751,15,14.02896622,10.03061553,0.9848065309,8.267079122,12.54492295,14.02896622,1,45179.325,3.6635,2.366,38.44799914,1019.246681,1020.346293,43.34668053,296.844693,1,300,1,0,-982.2282164,nan,nan,nan,32.562,0.806,87.217,65.137,43.34668053,0.292,50874.039,38.44780257,38.44780257,optimal,1734,2028,20.1,n/a,43.14917222,38.44799914,38.44780257,38.44780257
log_det,winequality-red_n300_alpha3,300,75,50,0,5,24,nan,82.47088418,nan,43.14917222,73.75021751,15,14.02896622,9.90613135,0.896629031,7.982630522,11.92606785,14.02896622,1,45179.325,4.0967,2.366,38.44799914,1019.246681,1020.346293,43.34668053,296.844693,1,300,1,0,-982.2282164,nan,nan,nan,32.562,0.804,87.217,65.137,43.34668053,0.292,50874.039,38.44780257,38.44780257,optimal,1734,2028,22.3,n/a,43.14917222,38.44799914,38.44780257,38.44780257
log_det,winequality-red_n300_alpha3,300,80,50,0,5,24,nan,87.96894312,nan,43.14917222,73.75021751,15,14.02896622,9.982729109,0.942377973,8.189866492,12.26670332,14.02896622,1,45179.325,4.6090,2.366,38.44799914,1019.246681,1020.346293,43.34668053,296.844693,1,300,1,0,-982.2282164,nan,nan,nan,32.562,0.807,87.217,65.137,43.34668053,0.292,50874.039,38.44780257,38.44780257,optimal,1734,2028,24.0,n/a,43.14917222,38.44799914,38.44780257,38.44780257
log_det,winequality-red_n300_alpha3,300,85,50,0,5,24,nan,93.46700207,nan,43.14917222,73.75021751,15,14.02896622,9.955070079,1.146770756,7.657602825,12.06856021,14.02896622,1,45179.325,4.9502,2.366,38.44799914,1019.246681,1020.346293,43.34668053,296.844693,1,300,1,0,-982.2282164,nan,nan,nan,32.562,0.805,87.217,65.137,43.34668053,0.292,50874.039,38.44780257,38.44780257,optimal,1734,2028,18.4,n/a,43.14917222,38.44799914,38.44780257,38.44780257
log_det,winequality-red_n300_alpha3,300,90,50,0,5,24,nan,98.96506101,nan,43.14917222,73.75021751,15,14.02896622,9.802974087,0.9806712308,7.198820614,11.95460475,14.02896622,1,45179.325,4.3652,2.366,38.44799914,1019.246681,1020.346293,43.34668053,296.844693,1,300,1,0,-982.2282164,nan,nan,nan,32.562,0.802,87.217,65.137,43.34668053,0.292,50874.039,38.44780257,38.44780257,optimal,1734,2028,20.0,n/a,43.14917222,38.44799914,38.44780257,38.44780257
log_det,winequality-red_n300_alpha3,300,95,50,0,5,24,nan,104.46312,nan,43.14917222,73.75021751,15,14.02896622,10.04067984,0.913397638,7.537360116,11.48097931,14.02896622,1,45179.325,4.8547,2.366,38.44799914,1019.246681,1020.346293,43.34668053,296.844693,1,300,1,0,-982.2282164,nan,nan,nan,32.562,0.799,87.217,65.137,43.34668053,0.292,50874.039,38.44780257,38.44780257,optimal,1734,2028,23.2,n/a,43.14917222,38.44799914,38.44780257,38.44780257
log_det,winequality-red_n300_alpha3,300,100,50,0,5,24,nan,109.9611789,nan,43.14917222,73.75021751,15,14.02896622,10.02505673,0.7901063593,8.396853497,12.29173177,14.02896622,1,45179.325,5.2411,2.366,38.44799914,1019.246681,1020.346293,43.34668053,296.844693,1,300,1,0,-982.2282164,nan,nan,nan,32.562,0.798,87.217,65.137,43.34668053,0.292,50874.039,38.44780257,38.44780257,optimal,1734,2028,14.6,n/a,43.14917222,38.44799914,38.44780257,38.44780257
log_det,winequality-red_n300_alpha3,300,1,50,1,5,2,1.099611789,1.099611789,nan,1.099611789,1.099611789,0,1.099611789,1.099611789,0,1.099611789,1.099611789,1.099611789,1,21836.154,0.0093,2.519,1.099611789,1020.891817,1025.03476,50.7364954,296.0188673,3,300,1,0,-985.8837779,nan,nan,nan,33.047,0.697,89.547,66.750,1.099611789,0.312,50904.808,1.099611789,1.099611789,optimal,602,900,5.1,pass,1.099611789,1.099611789,1.099611789,1.099611789
log_det,winequality-red_n300_alpha3,300,5,50,1,5,6,nan,5.498058945,nan,5.498058945,5.498058945,0,5.439290536,5.372007626,0.03663407724,5.242026771,5.433384342,5.439290536,1,18233.266,0.0337,2.519,5.498058945,1020.891817,1025.03476,50.7364954,296.0188673,3,300,1,0,-985.8837779,nan,nan,nan,33.047,0.688,89.547,66.750,5.498058945,0.312,50904.808,5.498058945,5.498058945,optimal,598,896,10.6,n/a,5.498058945,5.498058945,5.498058945,5.498058945
log_det,winequality-red_n300_alpha3,300,10,50,1,5,11,nan,10.99611789,nan,10.99611789,10.99611789,0,10.11119269,9.378350894,0.331758858,8.438205995,9.952777269,10.11119269,1,25343.441,0.1103,2.519,10.99611789,1020.891817,1025.03476,50.7364954,296.0188673,3,300,1,0,-985.8837779,nan,nan,nan,33.047,1.017,89.547,66.750,10.99611789,0.312,50904.808,10.99611789,10.99611789,optimal,889,1186,9.5,n/a,10.99611789,10.99611789,10.99611789,10.99611789
log_det,winequality-red_n300_alpha3,300,15,50,1,5,16,nan,16.49417684,nan,16.49417684,16.49417684,0,13.38541142,11.5905064,0.6327846532,9.719456049,12.81539932,13.38541142,1,32134.075,0.2723,2.519,16.49417684,1020.891817,1025.03476,48.70971757,296.0188673,3,300,1,0,-985.8837779,nan,nan,nan,33.047,1.009,89.547,66.750,16.49417684,0.312,50904.808,16.49417684,16.49417684,optimal,1175,1471,17.5,n/a,16.49417684,16.49417684,16.49417684,16.49417684
log_det,winequality-red_n300_alpha3,300,20,50,1,5,21,nan,21.99223578,nan,21.99223578,21.99223578,0,15.20071139,11.96427414,0.8008654137,10.35858768,13.5082952,15.20071139,1,38720.222,0.5479,2.519,21.99223578,1020.891817,1025.03476,48.70971757,296.0188673,3,300,1,0,-985.8837779,nan,nan,nan,33.047,0.977,89.547,66.750,21.99223578,0.312,50904.808,21.99223578,21.99223578,optimal,1456,1751,19.7,n/a,21.99223578,21.99223578,21.99223578,21.99223578
log_det,winequality-red_n300_alpha3,300,25,50,1,5,25,nan,27.49029473,nan,27.49029473,27.49029473,0,15.67765492,11.9469338,1.025854846,9.099830115,13.93538516,15.67765492,1,45043.621,0.8841,2.519,27.49029473,1020.891817,1025.03476,48.70971757,296.0188673,3,300,1,0,-985.8837779,nan,nan,nan,33.047,1.156,89.547,66.750,27.49029473,0.312,50904.808,27.49029473,27.49029473,optimal,1733,2027,17.3,n/a,27.49029473,27.49029473,27.49029473,27.49029473
log_det,winequality-red_n300_alpha3,300,30,50,1,5,25,nan,32.98835367,nan,32.98835367,32.98835367,0,15.67765492,11.95268049,0.8435578045,10.44208773,13.88129377,15.67765492,1,45043.621,1.2191,2.519,32.98835367,1020.891817,1025.03476,48.70971757,296.0188673,3,300,1,0,-985.8837779,nan,nan,nan,33.047,1.089,89.547,66.750,32.98835367,0.312,50904.808,32.98835367,32.98835367,optimal,1733,2027,25.3,n/a,32.98835367,32.98835367,32.98835367,32.98835367
log_det,winequality-red_n300_alpha3,300,35,50,1,5,25,nan,38.48641262,nan,38.48641262,38.48641262,0,15.67765492,11.68221585,1.015746708,9.580335378,13.55429352,15.67765492,1,45043.621,1.5826,2.519,38.17707377,1020.891817,1025.03476,48.70971757,296.0188673,3,300,1,0,-985.8837779,nan,nan,nan,33.047,0.908,89.547,66.750,38.48641262,0.312,50904.808,38.17707377,38.17707377,optimal,1733,2027,25.9,n/a,38.48641262,38.17707377,38.17707377,38.17707377
log_det,winequality-red_n300_alpha3,300,40,50,1,5,25,nan,43.98447156,nan,43.98447156,43.98447156,0,15.67765492,11.48350223,0.9847687583,8.806825058,13.54685682,15.67765492,1,45043.621,2.0732,2.519,40.31456432,1020.891817,1025.03476,48.70971757,296.0188673,3,300,1,0,-985.8837779,nan,nan,nan,33.047,0.885,89.547,66.750,43.98447156,0.312,50904.808,40.31456432,40.31456432,optimal,1733,2027,29.8,n/a,43.98447156,40.31456432,40.31456432,40.31456432
log_det,winequality-red_n300_alpha3,300,45,50,1,5,25,nan,49.48253051,nan,47.36742459,49.48253051,15,15.67765492,11.34010125,0.9963739696,8.908744868,13.62334471,15.67765492,1,45043.621,2.4746,2.519,41.17273791,1020.891817,1025.03476,48.70971757,296.0188673,3,300,1,0,-985.8837779,nan,nan,nan,33.047,0.856,89.547,66.750,47.73322105,0.312,50904.808,41.17273791,41.17273791,optimal,1733,2027,16.2,n/a,47.36742459,41.17273791,41.17273791,41.17273791
log_det,winequality-red_n300_alpha3,300,50,50,1,5,25,nan,54.98058945,nan,47.67903026,54.98058945,15,15.67765492,11.4273025,0.8571890895,9.831708925,13.18353946,15.67765492,1,45043.621,2.5191,2.519,41.20147947,1020.891817,1025.03476,48.70971757,296.0188673,3,300,1,0,-985.8837779,nan,nan,nan,33.047,0.830,89.547,66.750,48.17483817,0.312,50904.808,41.20147947,41.20147947,optimal,1733,2027,24.3,n/a,47.67903026,41.20147947,41.20147947,41.20147947
log_det,winequality-red_n300_alpha3,300,55,50,1,5,25,nan,60.4786484,nan,47.90930822,60.4786484,15,15.67765492,11.0960187,1.14778199,7.78576525,13.2688695,15.67765492,1,45043.621,2.8656,2.519,41.20147947,1020.891817,1025.03476,48.70971757,296.0188673,3,300,1,0,-985.8837779,nan,nan,nan,33.047,0.841,89.547,66.750,48.41869193,0.312,50904.808,41.20147947,41.20147947,optimal,1733,2027,16.1,n/a,47.90930822,41.20147947,41.20147947,41.20147947
log_det,winequality-red_n300_alpha3,300,60,50,1,5,25,nan,65.97670734,nan,48.04682895,65.97670734,15,15.67765492,11.13159862,1.094292803,8.134662896,13.55410518,15.67765492,1,45043.621,3.0706,2.519,41.20147947,1020.891817,1025.03476,48.70971757,296.0188673,3,300,1,0,-985.8837779,nan,nan,nan,33.047,0.810,89.547,66.750,48.57630968,0.312,50904.808,41.20147947,41.20147947,optimal,1733,2027,23.3,n/a,48.04682895,41.20147947,41.20147947,41.20147947
log_det,winequality-red_n300_alpha3,300,65,50,1,5,25,nan,71.47476629,nan,48.13272081,71.47476629,15,15.67765492,10.87427206,0.9975479912,8.245784713,13.22610743,15.67765492,1,45043.621,3.1728,2.519,41.20147947,1020.891817,1025.03476,48.70971757,296.0188673,3,300,1,0,-985.8837779,nan,nan,nan,33.047,0.808,89.547,66.750,48.67105643,0.312,50904.808,41.20147947,41.20147947,optimal,1733,2027,19.1,n/a,48.13272081,41.20147947,41.20147947,41.20147947
log_det,winequality-red_n300_alpha3,300,70,50,1,5,25,nan,76.97282523,nan,48.1568271,76.97282523,15,15.67765492,10.91985243,1.141269497,8.501598754,12.81134189,15.67765492,1,45043.621,3.4426,2.519,41.20147947,1020.891817,1025.03476,48.70971757,296.0188673,3,300,1,0,-985.8837779,nan,nan,nan,33.047,0.805,89.547,66.750,48.70607861,0.312,50904.808,41.20147947,41.20147947,optimal,1733,2027,16.8,n/a,48.1568271,41.20147947,41.20147947,41.20147947
log_det,winequality-red_n300_alpha3,300,75,50,1,5,25,nan,82.47088418,nan,48.15848996,81.32336163,15,15.67765492,10.83875063,1.216390062,8.480035091,13.03869844,15.67765492,1,45043.621,3.7938,2.519,41.20147947,1020.891817,1025.03476,48.70971757,296.0188673,3,300,1,0,-985.8837779,nan,nan,nan,33.047,0.800,89.547,66.750,48.70971757,0.312,50904.808,41.20147947,41.20147947,optimal,1733,2027,14.2,n/a,48.15848996,41.20147947,41.20147947,41.20147947
log_det,winequality-red_n300_alpha3,300,80,50,1,5,25,nan,87.96894312,nan,48.15848996,81.32336163,15,15.67765492,10.70305596,0.9457682424,7.566652946,12.60604028,15.67765492,1,45043.621,4.2086,2.519,41.20147947,1020.891817,1025.03476,48.70971757,296.0188673,3,300,1,0,-985.8837779,nan,nan,nan,33.047,0.802,89.547,66.750,48.70971757,0.312,50904.808,41.20147947,41.20147947,optimal,1733,2027,15.5,n/a,48.15848996,41.20147947,41.20147947,41.20147947
log_det,winequality-red_n300_alpha3,300,85,50,1,5,25,nan,93.46700207,nan,48.15848996,81.32336163,15,15.67765492,10.766557,0.9328178408,9.152241988,13.1970133,15.67765492,1,45043.621,4.5571,2.519,41.20147947,1020.891817,1025.03476,48.70971757,296.0188673,3,300,1,0,-985.8837779,nan,nan,nan,33.047,0.803,89.547,66.750,48.70971757,0.312,50904.808,41.20147947,41.20147947,optimal,1733,2027,16.8,n/a,48.15848996,41.20147947,41.20147947,41.20147947
log_det,winequality-red_n300_alpha3,300,90,50,1,5,25,nan,98.96506101,nan,48.15848996,81.32336163,15,15.67765492,10.44328692,1.076922125,7.426019664,12.17823995,15.67765492,1,45043.621,4.2975,2.519,41.20147947,1020.891817,1025.03476,48.70971757,296.0188673,3,300,1,0,-985.8837779,nan,nan,nan,33.047,0.800,89.547,66.750,48.70971757,0.312,50904.808,41.20147947,41.20147947,optimal,1733,2027,18.6,n/a,48.15848996,41.20147947,41.20147947,41.20147947
log_det,winequality-red_n300_alpha3,300,95,50,1,5,25,nan,104.46312,nan,48.15848996,81.32336163,15,15.67765492,10.85325695,1.157860112,8.569559959,13.60849833,15.67765492,1,45043.621,4.4553,2.519,41.20147947,1020.891817,1025.03476,48.70971757,296.0188673,3,300,1,0,-985.8837779,nan,nan,nan,33.047,0.802,89.547,66.750,48.70971757,0.312,50904.808,41.20147947,41.20147947,optimal,1733,2027,14.0,n/a,48.15848996,41.20147947,41.20147947,41.20147947
log_det,winequality-red_n300_alpha3,300,100,50,1,5,25,nan,109.9611789,nan,48.15848996,81.32336163,15,15.67765492,10.41373847,1.137279235,8.325885897,12.36551912,15.67765492,1,45043.621,4.7063,2.519,41.20147947,1020.891817,1025.03476,48.70971757,296.0188673,3,300,1,0,-985.8837779,nan,nan,nan,33.047,0.798,89.547,66.750,48.70971757,0.312,50904.808,41.20147947,41.20147947,optimal,1733,2027,18.9,n/a,48.15848996,41.20147947,41.20147947,41.20147947
