problem,instance,n,k,trials,seed,chain_stride,chain_len,opt,top_k_bound,total_bound,dual_bound,dual_bound_S0,dual_best_prefix,greedy,rg_mean,rg_std,rg_min,rg_max,best_found,dual_valid,time_dual_ms,time_rg_ms,time_opt_ms
diverse_rec,movielens_sample20of200_lambda0.75,20,1,1000,0,1,2,8.769434616,8.769434616,160.7807836,8.769434616,8.769434616,0,8.769434616,8.769434616,0,8.769434616,8.769434616,8.769434616,1,0.015,0.0008,17.534
diverse_rec,movielens_sample20of200_lambda0.75,20,2,1000,0,1,3,16.66101178,17.50844685,160.7807836,16.66101178,16.66101178,0,16.66101178,16.22189551,0.4509292441,15.73865879,16.66101178,16.66101178,1,0.022,0.0014,17.534
diverse_rec,movielens_sample20of200_lambda0.75,20,3,1000,0,1,4,22.97054917,25.2102681,160.7807836,24.26281976,24.26281976,0,22.97054917,22.366197,0.5229632063,21.04279357,22.97054917,22.97054917,1,0.027,0.0021,17.534
diverse_rec,movielens_sample20of200_lambda0.75,20,4,1000,0,1,5,28.57958638,32.81207609,160.7807836,31.86333918,31.86333918,0,28.57958638,27.87274878,0.5171987292,26.62066368,28.57958638,28.57958638,1,0.034,0.0027,17.534
diverse_rec,movielens_sample20of200_lambda0.75,20,5,1000,0,1,6,33.4871936,40.4125955,160.7807836,39.37890962,39.37890962,0,33.4871936,32.77459396,0.4574333897,31.60517018,33.4871936,33.4871936,1,0.039,0.0031,17.534
diverse_rec,movielens_sample20of200_lambda0.75,20,6,1000,0,1,7,37.83538651,47.97987372,160.7807836,46.63107,46.63107,0,37.83538651,37.07919266,0.4243348864,35.76727521,37.83538651,37.83538651,1,0.044,0.0020,17.534
diverse_rec,movielens_sample20of200_lambda0.75,20,7,1000,0,1,8,41.54774561,55.49544415,160.7807836,53.64668558,53.64668558,0,41.54774561,40.79980603,0.3977451126,39.48362582,41.54774561,41.54774561,1,0.048,0.0024,17.534
diverse_rec,movielens_sample20of200_lambda0.75,20,8,1000,0,1,9,44.61842802,63.00020786,160.7807836,60.52612678,60.52612678,0,44.58862015,43.93962224,0.3657069418,42.6245114,44.61842802,44.61842802,1,0.053,0.0029,17.534
diverse_rec,movielens_sample20of200_lambda0.75,20,9,1000,0,1,10,47.19539495,70.47172592,160.7807836,67.3296989,67.3296989,0,47.13531594,46.45419759,0.3363324097,45.0473239,47.09911205,47.19539495,1,0.109,0.0050,17.534
diverse_rec,movielens_sample20of200_lambda0.75,20,10,1000,0,1,11,49.17642471,77.7238863,160.7807836,74.10421781,74.10421781,0,49.10071994,48.44713712,0.3194084507,47.36313436,49.17642471,49.17642471,1,0.112,0.0084,17.534
diverse_rec,movielens_sample20of200_lambda0.75,20,11,1000,0,1,12,50.60918823,84.97399398,160.7807836,80.75341642,80.75341642,0,50.45807227,49.70509309,0.5916968761,47.19826922,50.50266915,50.60918823,1,0.115,0.0046,17.534
diverse_rec,movielens_sample20of200_lambda0.75,20,12,1000,0,1,13,51.55337985,92.1571211,160.7807836,87.09843488,87.09843488,0,51.36829727,50.37677824,0.7396674541,47.31735239,51.40036056,51.55337985,1,0.118,0.0054,17.534
diverse_rec,movielens_sample20of200_lambda0.75,20,13,1000,0,1,14,52.04460262,99.24608651,160.7807836,93.16576706,93.16576706,0,51.82365548,50.66084576,0.8158382113,45.9745274,51.98741886,52.04460262,1,0.121,0.0100,17.534
diverse_rec,movielens_sample20of200_lambda0.75,20,14,1000,0,1,14,52.09630163,106.2617021,160.7807836,94.09130216,94.83478564,12,51.82365548,50.80871312,0.8501246483,45.0773424,51.98116656,52.09630163,1,0.121,0.0061,17.534
diverse_rec,movielens_sample20of200_lambda0.75,20,15,1000,0,1,14,52.09630163,113.1411433,160.7807836,94.09130216,94.83478564,12,51.82365548,50.88613142,0.8389907665,46.75204401,52.01890536,52.09630163,1,0.121,0.0089,17.534
diverse_rec,movielens_sample20of200_lambda0.75,20,16,1000,0,1,14,52.09630163,119.9447154,160.7807836,94.09130216,94.83478564,12,51.82365548,50.96512324,0.8528577547,45.79884541,51.9971356,52.09630163,1,0.121,0.0094,17.534
diverse_rec,movielens_sample20of200_lambda0.75,20,17,1000,0,1,14,52.09630163,126.7192343,160.7807836,94.09130216,94.83478564,12,51.82365548,50.91899756,0.9740487098,42.61690457,51.97138314,52.09630163,1,0.121,0.0082,17.534
diverse_rec,movielens_sample20of200_lambda0.75,20,18,1000,0,1,14,52.09630163,133.3684329,160.7807836,94.09130216,94.83478564,12,51.82365548,50.92289293,0.94949622,45.14674637,51.98741886,52.09630163,1,0.121,0.0081,17.534
diverse_rec,movielens_sample20of200_lambda0.75,20,19,1000,0,1,14,52.09630163,139.7134514,160.7807836,94.09130216,94.83478564,12,51.82365548,50.90443322,1.029245134,41.6405111,52.00193727,52.09630163,1,0.121,0.0086,17.534
diverse_rec,movielens_sample20of200_lambda0.75,20,20,1000,0,1,14,52.09630163,145.7807836,160.7807836,94.09130216,94.83478564,12,51.82365548,50.91463309,1.060640055,42.81813685,52.02341656,52.09630163,1,0.121,0.0091,17.534
diverse_rec,movielens_sample20of200_lambda0.75,20,1,1000,1,1,2,9.03657435,9.03657435,164.2238034,9.03657435,9.03657435,0,9.03657435,9.03657435,0,9.03657435,9.03657435,9.03657435,1,0.015,0.0008,18.712
diverse_rec,movielens_sample20of200_lambda0.75,20,2,1000,1,1,3,16.67693425,17.47702199,164.2238034,17.4477553,17.4477553,0,16.67693425,16.52578313,0.2012899173,16.18517322,16.67693425,16.67693425,1,0.022,0.0014,18.712
diverse_rec,movielens_sample20of200_lambda0.75,20,3,1000,1,1,4,23.59992532,25.88820293,164.2238034,25.81229182,25.81229182,0,23.456527,23.22371574,0.3301567958,22.52980807,23.59992532,23.59992532,1,0.027,0.0021,18.712
diverse_rec,movielens_sample20of200_lambda0.75,20,4,1000,1,1,5,29.61372407,34.25273946,164.2238034,33.89252941,33.89252941,0,29.61372407,29.05264915,0.3417717126,28.29233919,29.61372407,29.61372407,1,0.034,0.0028,18.712
diverse_rec,movielens_sample20of200_lambda0.75,20,5,1000,1,1,6,34.78319546,42.33297705,164.2238034,41.72403517,41.72403517,0,34.78319546,34.14512453,0.3214679599,33.25291141,34.78319546,34.78319546,1,0.039,0.0031,18.712
diverse_rec,movielens_sample20of200_lambda0.75,20,6,1000,1,1,7,39.19341284,50.3508457,164.2238034,49.26969934,49.26969934,0,39.19341284,38.55467019,0.3407997378,37.47196524,39.19341284,39.19341284,1,0.043,0.0019,18.712
diverse_rec,movielens_sample20of200_lambda0.75,20,7,1000,1,1,8,42.93800861,58.18235146,164.2238034,56.43356811,56.43356811,0,42.93800862,42.22862488,0.3507229531,41.25606519,42.93800862,42.93800862,1,0.048,0.0023,18.712
diverse_rec,movielens_sample20of200_lambda0.75,20,8,1000,1,1,9,46.09036932,66.00787226,164.2238034,63.32657452,63.32657452,0,46.09036932,45.27484817,0.3578783006,44.04513843,46.09036932,46.09036932,1,0.053,0.0028,18.712
diverse_rec,movielens_sample20of200_lambda0.75,20,9,1000,1,1,10,48.54946794,73.59795367,164.2238034,70.08018038,70.08018038,0,48.54946794,47.77778,0.3358643238,45.90923155,48.52397701,48.54946794,1,0.057,0.0044,18.712
diverse_rec,movielens_sample20of200_lambda0.75,20,10,1000,1,1,11,50.49548824,81.14361785,164.2238034,76.73136919,76.73136919,0,50.45554483,49.67968715,0.3290935248,48.48514746,50.37338819,50.49548824,1,0.060,0.0065,18.712
diverse_rec,movielens_sample20of200_lambda0.75,20,11,1000,1,1,12,51.92630028,88.59683468,164.2238034,83.30495019,83.30495019,0,51.77605995,50.96704256,0.5426531948,48.53333252,51.84630165,51.92630028,1,0.063,0.0068,18.712
diverse_rec,movielens_sample20of200_lambda0.75,20,12,1000,1,1,13,52.76675773,95.95725222,164.2238034,89.40277875,89.40277875,0,52.59001611,51.54514631,0.7533096945,48.40357942,52.67397337,52.76675773,1,0.065,0.0093,18.712
diverse_rec,movielens_sample20of200_lambda0.75,20,13,1000,1,1,14,53.19783458,103.1854075,164.2238034,95.3080952,95.3080952,0,52.93202671,51.81447999,0.8201083647,47.31533211,53.06142887,53.19783458,1,0.069,0.0054,18.712
diverse_rec,movielens_sample20of200_lambda0.75,20,14,1000,1,1,14,53.28824577,110.3492763,164.2238034,96.39546692,97.47711133,12,52.93202671,51.98893837,0.8397307342,46.39986971,53.05864994,53.28824577,1,0.069,0.0100,18.712
diverse_rec,movielens_sample20of200_lambda0.75,20,15,1000,1,1,14,53.28824577,117.2422827,164.2238034,96.39546692,97.47711133,12,52.93202671,52.04564259,0.8402527392,47.39019254,53.17132281,53.28824577,1,0.069,0.0088,18.712
diverse_rec,movielens_sample20of200_lambda0.75,20,16,1000,1,1,14,53.28824577,123.9958885,164.2238034,96.39546692,97.47711133,12,52.93202671,52.08424159,0.9173102635,43.78465151,53.15849795,53.28824577,1,0.069,0.0095,18.712
diverse_rec,movielens_sample20of200_lambda0.75,20,17,1000,1,1,14,53.28824577,130.6470774,164.2238034,96.39546692,97.47711133,12,52.93202671,52.14049339,0.8985556389,46.39521942,53.20984886,53.28824577,1,0.069,0.0152,18.712
diverse_rec,movielens_sample20of200_lambda0.75,20,18,1000,1,1,14,53.28824577,137.2206584,164.2238034,96.39546692,97.47711133,12,52.93202671,52.12056777,0.9491020432,43.45913252,53.22689561,53.28824577,1,0.069,0.0101,18.712
diverse_rec,movielens_sample20of200_lambda0.75,20,19,1000,1,1,14,53.28824577,143.3184869,164.2238034,96.39546692,97.47711133,12,52.93202671,52.10851602,0.9906030479,46.08339014,53.2041229,53.28824577,1,0.069,0.0079,18.712
diverse_rec,movielens_sample20of200_lambda0.75,20,20,1000,1,1,14,53.28824577,149.2238034,164.2238034,96.39546692,97.47711133,12,52.93202671,52.02502334,1.105938748,45.36383685,53.08305333,53.28824577,1,0.069,0.0079,18.712
diverse_rec,movielens_sample20of200_lambda0.75,20,1,1000,2,1,2,8.757074946,8.757074946,160.3721489,8.757074946,8.757074946,0,8.757074946,8.757074946,0,8.757074946,8.757074946,8.757074946,1,0.032,0.0008,20.367
diverse_rec,movielens_sample20of200_lambda0.75,20,2,1000,2,1,3,16.63157991,17.48571089,160.3721489,16.9505698,16.9505698,0,16.63157991,16.39125361,0.2506411764,16.12976392,16.63157991,16.63157991,1,0.045,0.0014,20.367
diverse_rec,movielens_sample20of200_lambda0.75,20,3,1000,2,1,4,23.26508454,25.67920575,160.3721489,25.06066339,25.06066339,0,23.26508454,22.93651223,0.2559821379,22.27804746,23.26508454,23.26508454,1,0.061,0.0012,20.367
diverse_rec,movielens_sample20of200_lambda0.75,20,4,1000,2,1,5,29.18955311,33.78929933,160.3721489,33.16199712,33.16199712,0,29.18955311,28.6106735,0.3522982331,27.64827778,29.18955311,29.18955311,1,0.075,0.0011,20.367
diverse_rec,movielens_sample20of200_lambda0.75,20,5,1000,2,1,6,34.22554556,41.89063306,160.3721489,40.75120147,40.75120147,0,34.22554556,33.52641628,0.3721032845,32.31740301,34.22554556,34.22554556,1,0.085,0.0015,20.367
diverse_rec,movielens_sample20of200_lambda0.75,20,6,1000,2,1,7,38.51302354,49.53578455,160.3721489,47.97208781,47.97208781,0,38.51302354,37.72996278,0.3954742755,36.13823383,38.51302354,38.51302354,1,0.094,0.0019,20.367
diverse_rec,movielens_sample20of200_lambda0.75,20,7,1000,2,1,8,42.19893232,57.1249889,160.3721489,54.81960662,54.81960662,0,42.19893232,41.30725159,0.4124682409,39.77204839,42.19893232,42.19893232,1,0.102,0.0023,20.367
diverse_rec,movielens_sample20of200_lambda0.75,20,8,1000,2,1,9,45.28066749,64.65930053,160.3721489,61.62223848,61.62223848,0,45.28066749,44.25938014,0.4263536162,42.9314402,45.28066749,45.28066749,1,0.110,0.0029,20.367
diverse_rec,movielens_sample20of200_lambda0.75,20,9,1000,2,1,10,47.6338506,72.15308667,160.3721489,68.26185455,68.26185455,0,47.6338506,46.62161985,0.3874664952,45.27162436,47.6338506,47.6338506,1,0.116,0.0062,20.367
diverse_rec,movielens_sample20of200_lambda0.75,20,10,1000,2,1,11,49.44951953,79.37397301,160.3721489,74.85913892,74.85913892,0,49.38507272,48.48459441,0.3447709957,47.19034501,49.37517156,49.44951953,1,0.125,0.0052,20.367
diverse_rec,movielens_sample20of200_lambda0.75,20,11,1000,2,1,12,50.74348661,86.43421575,160.3721489,81.27503881,81.27503881,0,50.61029627,49.68795976,0.5602958739,47.29910361,50.63550027,50.74348661,1,0.131,0.0088,20.367
diverse_rec,movielens_sample20of200_lambda0.75,20,12,1000,2,1,13,51.51272186,93.38551869,160.3721489,87.35174232,87.35174232,0,51.43511763,50.25261429,0.7324810064,47.30719931,51.34338915,51.51272186,1,0.138,0.0060,20.367
diverse_rec,movielens_sample20of200_lambda0.75,20,13,1000,2,1,14,51.87602299,100.2783277,160.3721489,93.06590901,93.06590901,0,51.70215353,50.55049456,0.8035301528,47.02610039,51.7340935,51.87602299,1,0.142,0.0056,20.367
diverse_rec,movielens_sample20of200_lambda0.75,20,14,1000,2,1,14,52.0136423,107.1258465,160.3721489,93.93423127,94.57443647,11,51.70215353,50.72541809,0.7474065528,47.10792133,51.73901882,52.0136423,1,0.142,0.0110,20.367
diverse_rec,movielens_sample20of200_lambda0.75,20,15,1000,2,1,14,52.0136423,113.9284783,160.3721489,93.93423127,94.57443647,11,51.70215353,50.73307637,0.8631977851,46.10096895,51.88152,52.0136423,1,0.142,0.0063,20.367
diverse_rec,movielens_sample20of200_lambda0.75,20,16,1000,2,1,14,52.0136423,120.5680944,160.3721489,93.93423127,94.57443647,11,51.70215353,50.78302801,0.9149826446,45.5067666,51.88168068,52.0136423,1,0.142,0.0067,20.367
diverse_rec,movielens_sample20of200_lambda0.75,20,17,1000,2,1,14,52.0136423,127.1653788,160.3721489,93.93423127,94.57443647,11,51.70215353,50.84043947,0.8957766801,44.91209044,51.87216521,52.0136423,1,0.142,0.0072,20.367
diverse_rec,movielens_sample20of200_lambda0.75,20,18,1000,2,1,14,52.0136423,133.5812787,160.3721489,93.93423127,94.57443647,11,51.70215353,50.80982287,0.9925689265,44.02437491,51.91001495,52.0136423,1,0.142,0.0075,20.367
diverse_rec,movielens_sample20of200_lambda0.75,20,19,1000,2,1,14,52.0136423,139.6579822,160.3721489,93.93423127,94.57443647,11,51.70215353,50.78599243,1.034858639,44.6866809,51.80441608,52.0136423,1,0.142,0.0077,20.367
diverse_rec,movielens_sample20of200_lambda0.75,20,20,1000,2,1,14,52.0136423,145.3721489,160.3721489,93.93423127,94.57443647,11,51.70215353,50.73389471,1.128080972,41.73056771,51.9136437,52.0136423,1,0.142,0.0159,20.367
diverse_rec,movielens_sample20of200_lambda0.75,20,1,1000,3,1,2,8.494091739,8.494091739,157.4958794,8.494091739,8.494091739,0,8.494091739,8.494091739,0,8.494091739,8.494091739,8.494091739,1,0.031,0.0009,17.925
diverse_rec,movielens_sample20of200_lambda0.75,20,2,1000,3,1,3,15.43696642,16.34457711,157.4958794,16.22417991,16.22417991,0,15.43696642,15.27886367,0.2558958608,14.84736649,15.43696642,15.43696642,1,0.049,0.0014,17.925
diverse_rec,movielens_sample20of200_lambda0.75,20,3,1000,3,1,4,21.70972425,24.07466529,157.4958794,23.77450078,23.77450078,0,21.70972425,21.45866162,0.2658533138,20.88845191,21.70972425,21.70972425,1,0.061,0.0020,17.925
diverse_rec,movielens_sample20of200_lambda0.75,20,4,1000,3,1,5,27.37743494,31.62498615,157.4958794,31.28716748,31.28716748,0,27.37743494,26.98945291,0.301170787,26.20980295,27.37743494,27.37743494,1,0.071,0.0027,17.925
diverse_rec,movielens_sample20of200_lambda0.75,20,5,1000,3,1,6,32.25651207,39.13765285,157.4958794,38.44431012,38.44431012,0,32.25651207,31.81283742,0.2984244637,30.97086044,32.25651207,32.25651207,1,0.081,0.0032,17.925
diverse_rec,movielens_sample20of200_lambda0.75,20,6,1000,3,1,7,36.56998508,46.60512317,157.4958794,45.56411569,45.56411569,0,36.56998508,36.03696854,0.2829896349,34.91103833,36.56998508,36.56998508,1,0.090,0.0019,17.925
diverse_rec,movielens_sample20of200_lambda0.75,20,7,1000,3,1,8,40.23148093,53.76226582,157.4958794,52.46241442,52.46241442,0,40.23148093,39.67716361,0.2653939225,38.74718822,40.23148093,40.23148093,1,0.098,0.0025,17.925
diverse_rec,movielens_sample20of200_lambda0.75,20,8,1000,3,1,9,43.41351291,60.90213789,157.4958794,59.34532188,59.34532188,0,43.35617897,42.78205433,0.2602642037,41.91690642,43.41351291,43.41351291,1,0.108,0.0030,17.925
diverse_rec,movielens_sample20of200_lambda0.75,20,9,1000,3,1,10,45.96382334,68.02194346,157.4958794,66.22678361,66.22678361,0,45.94709159,45.33552899,0.2617947338,44.44503934,45.94999455,45.96382334,1,0.115,0.0051,17.925
diverse_rec,movielens_sample20of200_lambda0.75,20,10,1000,3,1,11,47.97028498,75.12266917,157.4958794,73.06456411,73.06456411,0,47.96828371,47.31213062,0.2565903874,46.24031893,47.93598186,47.97028498,1,0.121,0.0077,17.925
diverse_rec,movielens_sample20of200_lambda0.75,20,11,1000,3,1,12,49.47962353,82.18607374,157.4958794,79.88501791,79.88501791,0,49.47293369,48.62866777,0.5104566628,46.06419121,49.41051034,49.47962353,1,0.129,0.0047,17.925
diverse_rec,movielens_sample20of200_lambda0.75,20,12,1000,3,1,13,50.4020735,89.1019851,157.4958794,86.07096254,86.07096254,0,50.4020735,49.22865797,0.7718461601,45.36831909,50.35377158,50.4020735,1,0.134,0.0057,17.925
diverse_rec,movielens_sample20of200_lambda0.75,20,13,1000,3,1,14,50.89928864,96.01142099,157.4958794,91.77989812,92.04857415,12,50.82095222,49.51850228,0.8183050985,44.64735305,50.80653238,50.89928864,1,0.141,0.0099,17.925
diverse_rec,movielens_sample20of200_lambda0.75,20,14,1000,3,1,14,50.95914071,102.9097197,157.4958794,91.77989812,92.97106,12,50.82095222,49.6507702,0.8749943066,44.61229682,50.86476214,50.95914071,1,0.141,0.0059,17.925
diverse_rec,movielens_sample20of200_lambda0.75,20,15,1000,3,1,14,50.95914071,109.7926272,157.4958794,91.77989812,92.97106,12,50.82095222,49.79540758,0.8596017928,44.9069629,50.828477,50.95914071,1,0.141,0.0103,17.925
diverse_rec,movielens_sample20of200_lambda0.75,20,16,1000,3,1,14,50.95914071,116.6740889,157.4958794,91.77989812,92.97106,12,50.82095222,49.84848298,0.821978516,44.8831314,50.81978841,50.95914071,1,0.141,0.0103,17.925
diverse_rec,movielens_sample20of200_lambda0.75,20,17,1000,3,1,14,50.95914071,123.5118694,157.4958794,91.77989812,92.97106,12,50.82095222,49.80143664,0.9127958824,44.6855811,50.83223285,50.95914071,1,0.141,0.0086,17.925
diverse_rec,movielens_sample20of200_lambda0.75,20,18,1000,3,1,14,50.95914071,130.3323232,157.4958794,91.77989812,92.97106,12,50.82095222,49.88230971,0.8411834243,44.11212162,50.85497825,50.95914071,1,0.141,0.0090,17.925
diverse_rec,movielens_sample20of200_lambda0.75,20,19,1000,3,1,14,50.95914071,136.5182678,157.4958794,91.77989812,92.97106,12,50.82095222,49.78316139,1.004747373,41.45420218,50.83331202,50.95914071,1,0.141,0.0100,17.925
diverse_rec,movielens_sample20of200_lambda0.75,20,20,1000,3,1,14,50.95914071,142.4958794,157.4958794,91.77989812,92.97106,12,50.82095222,49.77839856,1.030383893,42.06011448,50.90600144,50.95914071,1,0.141,0.0145,17.925
diverse_rec,movielens_sample20of200_lambda0.75,20,1,1000,4,1,2,8.683471541,8.683471541,171.2115117,8.683471541,8.683471541,0,8.683471541,8.683471541,0,8.683471541,8.683471541,8.683471541,1,0.031,0.0008,20.013
diverse_rec,movielens_sample20of200_lambda0.75,20,2,1000,4,1,3,16.58786454,17.32276312,171.2115117,17.24275443,17.24275443,0,16.57459363,16.53934922,0.06947737843,16.41938957,16.58786454,16.58786454,1,0.043,0.0013,20.013
diverse_rec,movielens_sample20of200_lambda0.75,20,3,1000,4,1,4,23.69980174,25.88204601,171.2115117,25.64897096,25.64897096,0,23.69980174,23.46534371,0.1675287881,23.08046979,23.69980174,23.69980174,1,0.055,0.0019,20.013
diverse_rec,movielens_sample20of200_lambda0.75,20,4,1000,4,1,5,29.93830509,34.28826254,171.2115117,33.79053805,33.79053805,0,29.93830509,29.54034211,0.2245188649,28.79098235,29.93830509,29.93830509,1,0.072,0.0026,20.013
diverse_rec,movielens_sample20of200_lambda0.75,20,5,1000,4,1,6,35.44011431,42.42982962,171.2115117,41.88030649,41.88030649,0,35.44011431,34.91345034,0.2493579505,34.02858767,35.44011431,35.44011431,1,0.082,0.0034,20.013
diverse_rec,movielens_sample20of200_lambda0.75,20,6,1000,4,1,7,40.14546392,50.52824629,171.2115117,49.88623442,49.88623442,0,40.14546392,39.59503052,0.2492924368,38.83488376,40.14546392,40.14546392,1,0.094,0.0020,20.013
diverse_rec,movielens_sample20of200_lambda0.75,20,7,1000,4,1,8,44.24014114,58.61801473,171.2115117,57.50685149,57.50685149,0,44.19440142,43.61653097,0.259100652,42.73227532,44.24014114,44.24014114,1,0.102,0.0024,20.013
diverse_rec,movielens_sample20of200_lambda0.75,20,8,1000,4,1,9,47.69483472,66.66120554,171.2115117,65.08969769,65.08969769,0,47.64509471,46.99685749,0.2691341596,46.10614853,47.69483472,47.69483472,1,0.109,0.0030,20.013
diverse_rec,movielens_sample20of200_lambda0.75,20,9,1000,4,1,10,50.50507405,74.66713347,171.2115117,72.42558123,72.42558123,0,50.50507405,49.71703119,0.2618399155,48.92617967,50.50507405,50.50507405,1,0.115,0.0036,20.013
diverse_rec,movielens_sample20of200_lambda0.75,20,10,1000,4,1,11,52.58165622,82.63496085,171.2115117,79.47166688,79.47166688,0,52.58165622,51.84141819,0.2740752377,50.64386809,52.50519943,52.58165622,1,0.124,0.0042,20.013
diverse_rec,movielens_sample20of200_lambda0.75,20,11,1000,4,1,12,54.07729861,90.57773299,171.2115117,86.50181616,86.50181616,0,54.02328397,53.21200428,0.5794664871,50.78264657,54.04164363,54.07729861,1,0.129,0.0047,20.013
diverse_rec,movielens_sample20of200_lambda0.75,20,12,1000,4,1,13,55.10229887,98.39470515,171.2115117,93.39808582,93.39808582,0,54.98715365,53.88619902,0.8285488099,50.40527087,55.02664057,55.10229887,1,0.137,0.0070,20.013
diverse_rec,movielens_sample20of200_lambda0.75,20,13,1000,4,1,14,55.64519321,106.0441022,171.2115117,100.0536439,100.0536439,0,55.40614817,54.23715559,0.8288945427,50.6677733,55.46293153,55.64519321,1,0.141,0.0056,20.013
diverse_rec,movielens_sample20of200_lambda0.75,20,14,1000,4,1,14,55.69125729,113.6647192,171.2115117,101.1711871,101.6676897,12,55.40614817,54.35994721,0.8438812421,50.56632546,55.51350437,55.69125729,1,0.141,0.0074,20.013
diverse_rec,movielens_sample20of200_lambda0.75,20,15,1000,4,1,14,55.69125729,121.2475654,171.2115117,101.1711871,101.6676897,12,55.40614817,54.45225346,0.8795688773,49.00207505,55.56935739,55.69125729,1,0.141,0.0108,20.013
diverse_rec,movielens_sample20of200_lambda0.75,20,16,1000,4,1,14,55.69125729,128.583449,171.2115117,101.1711871,101.6676897,12,55.40614817,54.47222198,0.9050014605,48.10901636,55.54638425,55.69125729,1,0.141,0.0065,20.013
diverse_rec,movielens_sample20of200_lambda0.75,20,17,1000,4,1,14,55.69125729,135.6295346,171.2115117,101.1711871,101.6676897,12,55.40614817,54.4528597,0.9809048916,47.9172938,55.5697005,55.69125729,1,0.141,0.0127,20.013
diverse_rec,movielens_sample20of200_lambda0.75,20,18,1000,4,1,14,55.69125729,142.6596839,171.2115117,101.1711871,101.6676897,12,55.40614817,54.49686715,0.9743720303,47.87989717,55.55933626,55.69125729,1,0.141,0.0114,20.013
diverse_rec,movielens_sample20of200_lambda0.75,20,19,1000,4,1,14,55.69125729,149.5559536,171.2115117,101.1711871,101.6676897,12,55.40614817,54.4767647,0.9786335585,48.50466141,55.56168724,55.69125729,1,0.141,0.0078,20.013
diverse_rec,movielens_sample20of200_lambda0.75,20,20,1000,4,1,14,55.69125729,156.2115117,171.2115117,101.1711871,101.6676897,12,55.40614817,54.44592912,1.116179261,46.22484818,55.56311517,55.69125729,1,0.141,0.0084,20.013
diverse_rec,movielens_sample20of200_lambda0.75,20,1,1000,5,1,2,8.660784322,8.660784322,165.513298,8.660784322,8.660784322,0,8.660784322,8.660784322,1.043475002e-06,8.660784322,8.660784322,8.660784322,1,0.016,0.0008,15.124
diverse_rec,movielens_sample20of200_lambda0.75,20,2,1000,5,1,3,16.4299188,17.15918354,165.513298,17.08988249,17.08988249,0,16.4299188,16.32815533,0.07284210231,16.21975455,16.4299188,16.4299188,1,0.022,0.0014,15.124
diverse_rec,movielens_sample20of200_lambda0.75,20,3,1000,5,1,4,23.3959894,25.58828171,165.513298,25.22952569,25.22952569,0,23.3959894,23.08870919,0.2234126343,22.64852143,23.3959894,23.3959894,1,0.028,0.0020,15.124
diverse_rec,movielens_sample20of200_lambda0.75,20,4,1000,5,1,5,29.51355975,33.72792491,165.513298,33.25713612,33.25713612,0,29.51355975,28.99065948,0.3050138414,28.19593955,29.51355975,29.51355975,1,0.035,0.0027,15.124
diverse_rec,movielens_sample20of200_lambda0.75,20,5,1000,5,1,6,34.77319035,41.75553534,165.513298,41.27044828,41.27044828,0,34.77319035,34.17610668,0.322830262,33.16887191,34.77319035,34.77319035,1,0.040,0.0032,15.124
diverse_rec,movielens_sample20of200_lambda0.75,20,6,1000,5,1,7,39.29938845,49.78137416,165.513298,48.91201746,48.91201746,0,39.29938845,38.595437,0.3420942405,37.43339337,39.29938845,39.29938845,1,0.044,0.0019,15.124
diverse_rec,movielens_sample20of200_lambda0.75,20,7,1000,5,1,8,43.18103907,57.79468632,165.513298,55.94528071,55.94528071,0,43.18103907,42.37483275,0.3509887141,41.21173816,43.18103907,43.18103907,1,0.049,0.0024,15.124
diverse_rec,movielens_sample20of200_lambda0.75,20,8,1000,5,1,9,46.3315089,65.6911485,165.513298,62.92906155,62.92906155,0,46.3315089,45.50426735,0.3515938868,44.46485013,46.3315089,46.3315089,1,0.054,0.0029,15.124
diverse_rec,movielens_sample20of200_lambda0.75,20,9,1000,5,1,10,48.86363732,73.42595613,165.513298,69.78441739,69.78441739,0,48.86363732,48.05983017,0.3346602054,46.88607128,48.86363732,48.86363732,1,0.058,0.0036,15.124
diverse_rec,movielens_sample20of200_lambda0.75,20,10,1000,5,1,11,50.83081131,81.06752531,165.513298,76.57247363,76.57247363,0,50.80112019,50.06524311,0.3232900561,48.69504634,50.7296721,50.83081131,1,0.061,0.0041,15.124
diverse_rec,movielens_sample20of200_lambda0.75,20,11,1000,5,1,12,52.31329124,88.63649977,165.513298,83.3108542,83.3108542,0,52.21038505,51.36123934,0.5466730074,48.83129678,52.26414404,52.31329124,1,0.064,0.0046,15.124
diverse_rec,movielens_sample20of200_lambda0.75,20,12,1000,5,1,13,53.24860502,96.03991255,165.513298,89.88200616,89.88200616,0,53.17836722,51.98569777,0.7348964558,48.86188772,53.15336831,53.24860502,1,0.066,0.0051,15.124
diverse_rec,movielens_sample20of200_lambda0.75,20,13,1000,5,1,14,53.67998651,103.1487786,165.513298,96.27653686,96.27653686,0,53.49587605,52.30200679,0.8264371213,48.96082121,53.54669075,53.67998651,1,0.070,0.0055,15.124
diverse_rec,movielens_sample20of200_lambda0.75,20,14,1000,5,1,14,53.73502648,110.1820419,165.513298,97.22613984,98.04759957,12,53.49587605,52.43221992,0.8280086973,47.26488984,53.560488,53.73502648,1,0.070,0.0087,15.124
diverse_rec,movielens_sample20of200_lambda0.75,20,15,1000,5,1,14,53.73502648,117.1658227,165.513298,97.22613984,98.04759957,12,53.49587605,52.47809408,0.8683478211,47.47753712,53.62940424,53.73502648,1,0.070,0.0116,15.124
diverse_rec,movielens_sample20of200_lambda0.75,20,16,1000,5,1,14,53.73502648,124.0211786,165.513298,97.22613984,98.04759957,12,53.49587605,52.55988749,0.8704581417,46.30857364,53.57228013,53.73502648,1,0.070,0.0066,15.124
diverse_rec,movielens_sample20of200_lambda0.75,20,17,1000,5,1,14,53.73502648,130.8092348,165.513298,97.22613984,98.04759957,12,53.49587605,52.59889254,0.9243996236,44.33524947,53.64907399,53.73502648,1,0.070,0.0071,15.124
diverse_rec,movielens_sample20of200_lambda0.75,20,18,1000,5,1,14,53.73502648,137.5476154,165.513298,97.22613984,98.04759957,12,53.49587605,52.56517726,0.9190748638,47.13374112,53.68969061,53.73502648,1,0.070,0.0075,15.124
diverse_rec,movielens_sample20of200_lambda0.75,20,19,1000,5,1,14,53.73502648,144.1187673,165.513298,97.22613984,98.04759957,12,53.49587605,52.55772061,1.016319842,43.67897913,53.69900464,53.73502648,1,0.070,0.0077,15.124
diverse_rec,movielens_sample20of200_lambda0.75,20,20,1000,5,1,14,53.73502648,150.513298,165.513298,97.22613984,98.04759957,12,53.49587605,52.57849153,0.9949843867,46.66631414,53.6430601,53.73502648,1,0.070,0.0079,15.124
diverse_rec,movielens_sample20of200_lambda0.75,20,1,1000,6,1,2,8.91981541,8.91981541,166.4497087,8.91981541,8.91981541,0,8.91981541,8.91981541,0,8.91981541,8.91981541,8.91981541,1,0.031,0.0007,21.777
diverse_rec,movielens_sample20of200_lambda0.75,20,2,1000,6,1,3,16.59076735,17.37882394,166.4497087,17.34505399,17.34505399,0,16.59076735,16.45874537,0.2068938274,16.10330264,16.59076735,16.59076735,1,0.049,0.0006,21.777
diverse_rec,movielens_sample20of200_lambda0.75,20,3,1000,6,1,4,23.44219973,25.80406252,166.4497087,25.54365605,25.54365605,0,23.44219973,23.14091289,0.2406774705,22.61292793,23.44219973,23.44219973,1,0.061,0.0009,21.777
diverse_rec,movielens_sample20of200_lambda0.75,20,4,1000,6,1,5,29.4911345,34.00266459,166.4497087,33.65518494,33.65518494,0,29.4911345,29.07823685,0.2701077303,28.20068157,29.4911345,29.4911345,1,0.072,0.0011,21.777
diverse_rec,movielens_sample20of200_lambda0.75,20,5,1000,6,1,6,34.74272843,42.11419347,166.4497087,41.70456341,41.70456341,0,34.74272843,34.2734767,0.2731665457,33.50413197,34.74272843,34.74272843,1,0.082,0.0015,21.777
diverse_rec,movielens_sample20of200_lambda0.75,20,6,1000,6,1,7,39.27656318,50.21235275,166.4497087,49.36520756,49.36520756,0,39.27656318,38.75818739,0.2622513649,38.0206344,39.27656318,39.27656318,1,0.091,0.0019,21.777
diverse_rec,movielens_sample20of200_lambda0.75,20,7,1000,6,1,8,43.22267044,58.26173122,166.4497087,56.54954686,56.54954686,0,43.22267044,42.54301549,0.2692490205,41.69959451,43.22267044,43.22267044,1,0.099,0.0024,21.777
diverse_rec,movielens_sample20of200_lambda0.75,20,8,1000,6,1,9,46.45446862,66.24181602,166.4497087,63.49763948,63.49763948,0,46.45446862,45.70833439,0.2779512785,44.6901227,46.45446862,46.45446862,1,0.110,0.0051,21.777
diverse_rec,movielens_sample20of200_lambda0.75,20,9,1000,6,1,10,48.98922772,74.22109417,166.4497087,70.38627306,70.38627306,0,48.98922772,48.29505147,0.2648672712,47.1716618,48.91736932,48.98922772,1,0.117,0.0068,21.777
diverse_rec,movielens_sample20of200_lambda0.75,20,10,1000,6,1,11,51.01751736,81.88173831,166.4497087,77.16592809,77.16592809,0,51.01751736,50.32506216,0.2610631677,49.33315931,50.90260078,51.01751736,1,0.124,0.0041,21.777
diverse_rec,movielens_sample20of200_lambda0.75,20,11,1000,6,1,12,52.48389805,89.46127676,166.4497087,83.7930603,83.7930603,0,52.43710841,51.6377984,0.5639543982,49.27525402,52.42766676,52.48389805,1,0.132,0.0046,21.777
diverse_rec,movielens_sample20of200_lambda0.75,20,12,1000,6,1,13,53.44258187,97.01364113,166.4497087,90.26462149,90.26462149,0,53.39893864,52.25235976,0.8199518309,46.78566174,53.34028693,53.44258187,1,0.137,0.0077,21.777
diverse_rec,movielens_sample20of200_lambda0.75,20,13,1000,6,1,14,53.94745006,104.2369724,166.4497087,96.57794382,96.57794382,0,53.84986907,52.58958685,0.8433554961,47.64125489,53.87797869,53.94745006,1,0.142,0.0077,21.777
diverse_rec,movielens_sample20of200_lambda0.75,20,14,1000,6,1,14,54.05773579,111.4213117,166.4497087,97.81834195,99.06095425,12,53.84986907,52.74257822,0.8674352054,47.94467631,53.9380721,54.05773579,1,0.142,0.0058,21.777
diverse_rec,movielens_sample20of200_lambda0.75,20,15,1000,6,1,14,54.05773579,118.3694044,166.4497087,97.81834195,99.06095425,12,53.84986907,52.7884828,0.9068307297,47.04931727,53.869064,54.05773579,1,0.142,0.0127,21.777
diverse_rec,movielens_sample20of200_lambda0.75,20,16,1000,6,1,14,54.05773579,125.2580379,166.4497087,97.81834195,99.06095425,12,53.84986907,52.83013301,0.9062927008,47.58357627,53.86272955,54.05773579,1,0.142,0.0133,21.777
diverse_rec,movielens_sample20of200_lambda0.75,20,17,1000,6,1,14,54.05773579,132.037693,166.4497087,97.81834195,99.06095425,12,53.84986907,52.90498226,0.8630509018,47.31187084,53.89750568,54.05773579,1,0.142,0.0114,21.777
diverse_rec,movielens_sample20of200_lambda0.75,20,18,1000,6,1,14,54.05773579,138.6648252,166.4497087,97.81834195,99.06095425,12,53.84986907,52.84826492,0.9627505208,46.99977767,53.95849098,54.05773579,1,0.142,0.0084,21.777
diverse_rec,movielens_sample20of200_lambda0.75,20,19,1000,6,1,14,54.05773579,145.1363864,166.4497087,97.81834195,99.06095425,12,53.84986907,52.85378157,1.039131957,47.0779994,54.00251222,54.05773579,1,0.142,0.0076,21.777
diverse_rec,movielens_sample20of200_lambda0.75,20,20,1000,6,1,14,54.05773579,151.4497087,166.4497087,97.81834195,99.06095425,12,53.84986907,52.84689104,1.073769288,46.46096128,53.9516728,54.05773579,1,0.142,0.0079,21.777
diverse_rec,movielens_sample20of200_lambda0.75,20,1,1000,7,1,2,9.254139193,9.254139193,175.5524016,9.254139193,9.254139193,0,9.254139193,9.254139193,0,9.254139193,9.254139193,9.254139193,1,0.030,0.0008,27.283
diverse_rec,movielens_sample20of200_lambda0.75,20,2,1000,7,1,3,17.49983576,18.4960793,175.5524016,18.22668025,18.22668025,0,17.49983576,17.46298978,0.03423204933,17.42868212,17.49983576,17.49983576,1,0.044,0.0017,27.283
diverse_rec,movielens_sample20of200_lambda0.75,20,3,1000,7,1,4,24.95394858,27.46862035,175.5524016,27.16983595,27.16983595,0,24.95394858,24.72897112,0.1492513884,24.30091856,24.95394858,24.95394858,1,0.055,0.0019,27.283
diverse_rec,movielens_sample20of200_lambda0.75,20,4,1000,7,1,5,31.46399289,36.41177606,175.5524016,35.81383676,35.81383676,0,31.46399289,30.99701724,0.2817539654,30.08844048,31.46399289,31.46399289,1,0.072,0.0028,27.283
diverse_rec,movielens_sample20of200_lambda0.75,20,5,1000,7,1,6,37.1478874,45.05577686,175.5524016,44.11880169,44.11880169,0,37.1478874,36.41915136,0.3239252034,35.50473954,37.1478874,37.1478874,1,0.084,0.0034,27.283
diverse_rec,movielens_sample20of200_lambda0.75,20,6,1000,7,1,7,41.90726118,53.61135858,175.5524016,52.15041627,52.15041627,0,41.90726118,41.13347787,0.3247282571,39.92737021,41.90726118,41.90726118,1,0.093,0.0026,27.283
diverse_rec,movielens_sample20of200_lambda0.75,20,7,1000,7,1,8,45.94505115,61.9163235,175.5524016,59.92439798,59.92439798,0,45.87620349,45.17821814,0.3126927215,43.94935293,45.94505115,45.94505115,1,0.102,0.0024,27.283
diverse_rec,movielens_sample20of200_lambda0.75,20,8,1000,7,1,9,49.33758794,70.1952915,175.5524016,67.47431848,67.47431848,0,49.33758794,48.52497227,0.3257473895,47.23757618,49.31894096,49.33758794,1,0.111,0.0030,27.283
diverse_rec,movielens_sample20of200_lambda0.75,20,9,1000,7,1,10,52.02622172,78.24246035,175.5524016,74.96876723,74.96876723,0,52.02622172,51.28971472,0.3045630487,49.92846019,52.02622172,52.02622172,1,0.121,0.0039,27.283
diverse_rec,movielens_sample20of200_lambda0.75,20,10,1000,7,1,11,54.14943506,86.27407493,175.5524016,82.27812573,82.27812573,0,54.14943506,53.38646076,0.3225310375,52.24471944,54.05236625,54.14943506,1,0.127,0.0077,27.283
diverse_rec,movielens_sample20of200_lambda0.75,20,11,1000,7,1,12,55.62435297,94.26634756,175.5524016,89.50558319,89.50558319,0,55.6166645,54.73745865,0.6152436083,51.90579233,55.58766939,55.62435297,1,0.133,0.0098,27.283
diverse_rec,movielens_sample20of200_lambda0.75,20,12,1000,7,1,13,56.62584857,102.2166578,175.5524016,96.44693433,96.44693433,0,56.43996321,55.37558806,0.7888093518,51.55943111,56.50622899,56.62584857,1,0.138,0.0052,27.283
diverse_rec,movielens_sample20of200_lambda0.75,20,13,1000,7,1,14,57.1021218,110.1423311,175.5524016,102.5604868,102.5604868,0,56.73813072,55.67280503,0.8653751979,52.02506765,56.97749169,57.1021218,1,0.143,0.0098,27.283
diverse_rec,movielens_sample20of200_lambda0.75,20,14,1000,7,1,14,57.16487526,117.9163128,175.5524016,103.952663,104.5598343,12,56.73813072,55.80457202,0.890777136,50.10690294,56.96828639,57.16487526,1,0.143,0.0086,27.283
diverse_rec,movielens_sample20of200_lambda0.75,20,15,1000,7,1,14,57.16487526,125.4662333,175.5524016,103.952663,104.5598343,12,56.73813072,55.93279835,0.8872211744,50.79541709,57.03871811,57.16487526,1,0.143,0.0067,27.283
diverse_rec,movielens_sample20of200_lambda0.75,20,16,1000,7,1,14,57.16487526,132.960682,175.5524016,103.952663,104.5598343,12,56.73813072,55.9850823,0.9755121806,49.38541546,56.99415765,57.16487526,1,0.143,0.0067,27.283
diverse_rec,movielens_sample20of200_lambda0.75,20,17,1000,7,1,14,57.16487526,140.2700405,175.5524016,103.952663,104.5598343,12,56.73813072,55.95681731,0.9690096527,48.88141625,57.08869945,57.16487526,1,0.143,0.0083,27.283
diverse_rec,movielens_sample20of200_lambda0.75,20,18,1000,7,1,14,57.16487526,147.497498,175.5524016,103.952663,104.5598343,12,56.73813072,55.98583746,0.9102728555,50.10809629,57.05125708,57.16487526,1,0.143,0.0095,27.283
diverse_rec,movielens_sample20of200_lambda0.75,20,19,1000,7,1,14,57.16487526,154.4388491,175.5524016,103.952663,104.5598343,12,56.73813072,55.96818768,1.073138195,49.35832345,57.12582889,57.16487526,1,0.143,0.0079,27.283
diverse_rec,movielens_sample20of200_lambda0.75,20,20,1000,7,1,14,57.16487526,160.5524016,175.5524016,103.952663,104.5598343,12,56.73813072,55.91270692,1.137680636,47.85760397,57.12076462,57.16487526,1,0.143,0.0082,27.283
diverse_rec,movielens_sample20of200_lambda0.75,20,1,1000,8,1,2,10.10102075,10.10102075,179.6029447,10.10102075,10.10102075,0,10.10102075,10.10102075,1.278177157e-06,10.10102075,10.10102075,10.10102075,1,0.016,0.0015,28.183
diverse_rec,movielens_sample20of200_lambda0.75,20,2,1000,8,1,3,19.01280064,20.05041109,179.6029447,19.85685321,19.85685321,0,19.01280064,18.93194263,0.08933989505,18.79694241,19.01280064,19.01280064,1,0.024,0.0016,28.183
diverse_rec,movielens_sample20of200_lambda0.75,20,3,1000,8,1,4,26.90615379,29.80624355,179.6029447,29.22152748,29.22152748,0,26.90615379,26.38923882,0.313247403,25.68665529,26.90615379,26.90615379,1,0.030,0.0020,28.183
diverse_rec,movielens_sample20of200_lambda0.75,20,4,1000,8,1,5,33.47294039,39.17091782,179.6029447,38.44989074,38.44989074,0,33.47294039,32.90970387,0.3323067587,31.97701862,33.47294039,33.47294039,1,0.035,0.0028,28.183
diverse_rec,movielens_sample20of200_lambda0.75,20,5,1000,8,1,6,39.22103393,48.39928108,179.6029447,47.39880728,47.39880728,0,39.22103393,38.54484827,0.3354966967,37.36217088,39.22103393,39.22103393,1,0.040,0.0031,28.183
diverse_rec,movielens_sample20of200_lambda0.75,20,6,1000,8,1,7,44.06078911,57.48054663,179.6029447,55.93797304,55.93797304,0,44.06078911,43.35358588,0.3736160674,42.20878923,44.06078911,44.06078911,1,0.044,0.0019,28.183
diverse_rec,movielens_sample20of200_lambda0.75,20,7,1000,8,1,8,48.20797407,66.42946317,179.6029447,63.78967477,63.78967477,0,48.20797408,47.36270487,0.3837761093,45.53760875,48.20797408,48.20797408,1,0.048,0.0024,28.183
diverse_rec,movielens_sample20of200_lambda0.75,20,8,1000,8,1,9,51.47609948,75.37727243,179.6029447,71.35036812,71.35036812,0,51.47609948,50.54217861,0.423870467,48.68098699,51.47609948,51.47609948,1,0.052,0.0049,28.183
diverse_rec,movielens_sample20of200_lambda0.75,20,9,1000,8,1,10,53.99559943,84.15850653,179.6029447,78.28780299,78.28780299,0,53.96015126,53.05302071,0.4248737619,51.5646869,53.98107964,53.99559943,1,0.056,0.0052,28.183
diverse_rec,movielens_sample20of200_lambda0.75,20,10,1000,8,1,11,55.86198716,92.72609614,179.6029447,84.94717888,84.94717888,0,55.83329625,55.00357725,0.4077604862,53.39109994,55.86198716,55.86198716,1,0.059,0.0041,28.183
diverse_rec,movielens_sample20of200_lambda0.75,20,11,1000,8,1,12,57.22688781,101.2652619,179.6029447,91.52185753,91.52185753,0,57.06845296,56.19047079,0.6150175955,52.99827529,57.03800558,57.22688781,1,0.062,0.0045,28.183
diverse_rec,movielens_sample20of200_lambda0.75,20,12,1000,8,1,13,58.11085953,109.4243766,179.6029447,97.52382149,97.52382149,0,57.85949056,56.78040887,0.8100715745,52.82444261,57.95053672,58.11085953,1,0.065,0.0087,28.183
diverse_rec,movielens_sample20of200_lambda0.75,20,13,1000,8,1,14,58.52295139,117.3358013,179.6029447,103.2051164,103.2051164,0,58.10435495,57.09384841,0.8696552062,52.67783805,58.38946972,58.52295139,1,0.068,0.0066,28.183
diverse_rec,movielens_sample20of200_lambda0.75,20,14,1000,8,1,14,58.63049586,125.187503,179.6029447,106.7668387,108.4245483,11,58.10435495,57.23433663,0.9078748318,51.07498363,58.46033567,58.63049586,1,0.068,0.0057,28.183
diverse_rec,movielens_sample20of200_lambda0.75,20,15,1000,8,1,14,58.63049586,132.7481964,179.6029447,106.7668387,108.4245483,11,58.10435495,57.27751586,0.9767509274,52.0248492,58.50840267,58.63049586,1,0.068,0.0108,28.183
diverse_rec,movielens_sample20of200_lambda0.75,20,16,1000,8,1,14,58.63049586,139.6856312,179.6029447,106.7668387,108.4245483,11,58.10435495,57.35231799,0.9359358092,49.73371802,58.4200263,58.63049586,1,0.068,0.0065,28.183
diverse_rec,movielens_sample20of200_lambda0.75,20,17,1000,8,1,14,58.63049586,146.3450071,179.6029447,106.7668387,108.4245483,11,58.10435495,57.39117757,0.9243276707,50.56847496,58.50781879,58.63049586,1,0.068,0.0119,28.183
diverse_rec,movielens_sample20of200_lambda0.75,20,18,1000,8,1,14,58.63049586,152.9196858,179.6029447,106.7668387,108.4245483,11,58.10435495,57.3336284,1.099062319,50.60703799,58.4709779,58.63049586,1,0.068,0.0120,28.183
diverse_rec,movielens_sample20of200_lambda0.75,20,19,1000,8,1,14,58.63049586,158.9216497,179.6029447,106.7668387,108.4245483,11,58.10435495,57.34653216,1.060938184,49.89931273,58.48452538,58.63049586,1,0.068,0.0075,28.183
diverse_rec,movielens_sample20of200_lambda0.75,20,20,1000,8,1,14,58.63049586,164.6029447,179.6029447,106.7668387,108.4245483,11,58.10435495,57.38253695,1.10810708,47.59827071,58.47861525,58.63049586,1,0.068,0.0137,28.183
diverse_rec,movielens_sample20of200_lambda0.75,20,1,1000,9,1,2,9.394608638,9.394608638,168.3157954,9.394608638,9.394608638,0,9.394608638,9.394608638,0,9.394608638,9.394608638,9.394608638,1,0.016,0.0003,19.224
diverse_rec,movielens_sample20of200_lambda0.75,20,2,1000,9,1,3,17.14063519,18.16643232,168.3157954,18.08562432,18.08562432,0,17.14063519,17.02368366,0.2077924983,16.63163414,17.14063519,17.14063519,1,0.026,0.0012,19.224
diverse_rec,movielens_sample20of200_lambda0.75,20,3,1000,9,1,4,24.03421507,26.857448,168.3157954,26.55899576,26.55899576,0,24.03421507,23.75162753,0.2637802507,23.22156895,24.03421507,24.03421507,1,0.032,0.0008,19.224
diverse_rec,movielens_sample20of200_lambda0.75,20,4,1000,9,1,5,30.10799143,35.33081944,168.3157954,34.85655128,34.85655128,0,30.10799143,29.74286948,0.2569363324,28.97817649,30.10799143,30.10799143,1,0.037,0.0021,19.224
diverse_rec,movielens_sample20of200_lambda0.75,20,5,1000,9,1,6,35.38570925,43.62837496,168.3157954,42.95080874,42.95080874,0,35.38570925,34.96691582,0.2978640955,33.78176843,35.38570925,35.38570925,1,0.042,0.0062,19.224
diverse_rec,movielens_sample20of200_lambda0.75,20,6,1000,9,1,7,39.96269213,51.88664588,168.3157954,50.54214599,50.54214599,0,39.96269213,39.44505922,0.3414420905,37.78192724,39.96269213,39.96269213,1,0.046,0.0051,19.224
diverse_rec,movielens_sample20of200_lambda0.75,20,7,1000,9,1,8,43.97257326,59.98090334,168.3157954,57.70424745,57.70424745,0,43.93730612,43.26392717,0.3647047399,41.75810267,43.97257326,43.97257326,1,0.050,0.0048,19.224
diverse_rec,movielens_sample20of200_lambda0.75,20,8,1000,9,1,9,47.23817524,67.67104417,168.3157954,64.84789282,64.84789282,0,47.21035331,46.42387831,0.3708427588,44.71678264,47.21035331,47.23817524,1,0.053,0.0051,19.224
diverse_rec,movielens_sample20of200_lambda0.75,20,9,1000,9,1,10,49.74810246,75.29141386,168.3157954,71.9699061,71.9699061,0,49.74487527,49.02103306,0.3450637688,47.6278023,49.74810246,49.74810246,1,0.057,0.0034,19.224
diverse_rec,movielens_sample20of200_lambda0.75,20,10,1000,9,1,11,51.75998424,82.88275111,168.3157954,79.04256295,79.04256295,0,51.73409452,51.0205857,0.3301704127,49.59717918,51.65868761,51.75998424,1,0.062,0.0040,19.224
diverse_rec,movielens_sample20of200_lambda0.75,20,11,1000,9,1,12,53.19889871,90.42401313,168.3157954,85.78157546,85.78157546,0,53.12436762,52.34100749,0.5842622909,49.0918912,53.19889871,53.19889871,1,0.065,0.0068,19.224
diverse_rec,movielens_sample20of200_lambda0.75,20,12,1000,9,1,13,54.14413045,97.95697449,168.3157954,92.20177034,92.20177034,0,54.03952627,52.94288854,0.7774769937,48.76173547,54.14225094,54.14413045,1,0.068,0.0073,19.224
diverse_rec,movielens_sample20of200_lambda0.75,20,13,1000,9,1,14,54.59989091,105.3046303,168.3157954,98.55331114,98.55331114,0,54.40122307,53.2134589,0.8633731232,48.01826631,54.51061512,54.59989091,1,0.071,0.0064,19.224
diverse_rec,movielens_sample20of200_lambda0.75,20,14,1000,9,1,14,54.65950415,112.4667318,168.3157954,99.16650139,99.76199878,12,54.40122307,53.35208612,0.861254758,47.55201528,54.4805882,54.65950415,1,0.071,0.0065,19.224
diverse_rec,movielens_sample20of200_lambda0.75,20,15,1000,9,1,14,54.65950415,119.6103771,168.3157954,99.16650139,99.76199878,12,54.40122307,53.43832484,0.9084471925,47.37783667,54.57798291,54.65950415,1,0.071,0.0061,19.224
diverse_rec,movielens_sample20of200_lambda0.75,20,16,1000,9,1,14,54.65950415,126.7323904,168.3157954,99.16650139,99.76199878,12,54.40122307,53.46615616,0.9315829643,47.06503425,54.5259142,54.65950415,1,0.071,0.0112,19.224
diverse_rec,movielens_sample20of200_lambda0.75,20,17,1000,9,1,14,54.65950415,133.8050473,168.3157954,99.16650139,99.76199878,12,54.40122307,53.51748319,0.9529508993,45.7420666,54.53402343,54.65950415,1,0.071,0.0099,19.224
diverse_rec,movielens_sample20of200_lambda0.75,20,18,1000,9,1,14,54.65950415,140.5440598,168.3157954,99.16650139,99.76199878,12,54.40122307,53.52511551,0.9438529199,45.93220323,54.56162848,54.65950415,1,0.071,0.0107,19.224
diverse_rec,movielens_sample20of200_lambda0.75,20,19,1000,9,1,14,54.65950415,146.9642546,168.3157954,99.16650139,99.76199878,12,54.40122307,53.53775392,0.9544468663,47.49106376,54.55277596,54.65950415,1,0.071,0.0082,19.224
diverse_rec,movielens_sample20of200_lambda0.75,20,20,1000,9,1,14,54.65950415,153.3157954,168.3157954,99.16650139,99.76199878,12,54.40122307,53.49996126,1.0794863,46.79513675,54.56267767,54.65950415,1,0.071,0.0107,19.224
