problem,instance,n,k,trials,seed,chain_stride,chain_len,opt,top_k_bound,total_bound,dual_bound,dual_bound_S0,dual_best_prefix,greedy,rg_mean,rg_std,rg_min,rg_max,best_found,dual_valid,time_dual_ms,time_rg_ms,time_opt_ms,lp_bound,gamma1_bound,gamma1_noprune,mu2_bound,mu3_bound,lattice_A_size,lattice_B_size,prune_rounds,f_empty,f_V,opt_unconstrained,lattice_opt_unconstrained,lattice_opt_k,time_lp_export_ms,time_lp_ms,time_gamma1_ms,time_mu_ms
diverse_rec,movielens_sample500of1000_lambda1.0,500,1,200,0,1,2,172.0075279,172.0075279,57451.84846,172.0075279,172.0075279,0,172.0075279,172.0075279,0,172.0075279,172.0075279,172.0075279,1,150.855,0.0049,25.913,172.0075279,42915.02894,42915.02894,42702.74835,42698.40836,0,500,0,0,-2.375211139e-12,nan,nan,nan,62.667,0.955,1.154,13.014
diverse_rec,movielens_sample500of1000_lambda1.0,500,10,200,0,1,11,nan,1650.500132,57451.84846,1644.050847,1644.050847,0,1598.270657,1582.223379,6.496680639,1566.360282,1597.026121,1598.270657,1,631.368,0.0461,25.913,1649.577834,42915.02894,42915.02894,42702.74835,42698.40836,0,500,0,0,-2.375211139e-12,nan,nan,nan,62.667,1.379,1.154,13.014
diverse_rec,movielens_sample500of1000_lambda1.0,500,20,200,0,1,21,nan,3242.126181,57451.84846,3227.152616,3227.152616,0,3034.161527,2986.913038,11.82650627,2958.456669,3011.873138,3034.161527,1,1142.912,0.0640,25.913,3236.66696,42915.02894,42915.02894,42702.74835,42698.40836,0,500,0,0,-2.375211139e-12,nan,nan,nan,62.667,1.950,1.154,13.014
diverse_rec,movielens_sample500of1000_lambda1.0,500,30,200,0,1,31,nan,4784.549973,57451.84846,4761.367812,4761.367812,0,4337.583756,4257.116453,17.41364686,4206.684632,4297.24918,4337.583756,1,1628.744,0.1693,25.913,4770.675471,42915.02894,42915.02894,42702.74835,42698.40836,0,500,0,0,-2.375211139e-12,nan,nan,nan,62.667,2.491,1.154,13.014
diverse_rec,movielens_sample500of1000_lambda1.0,500,40,200,0,1,41,nan,6294.307542,57451.84846,6247.586536,6247.586536,0,5530.280473,5409.017865,22.05277266,5346.694666,5473.398523,5530.280473,1,2108.122,0.2859,25.913,6263.405382,42915.02894,42915.02894,42702.74835,42698.40836,0,500,0,0,-2.375211139e-12,nan,nan,nan,62.667,3.211,1.154,13.014
diverse_rec,movielens_sample500of1000_lambda1.0,500,50,200,0,1,51,nan,7761.672536,57451.84846,7685.663438,7685.663438,0,6616.936274,6463.107359,26.23426163,6383.363087,6543.480561,6616.936274,1,2587.790,0.3217,25.913,7706.164281,42915.02894,42915.02894,42702.74835,42698.40836,0,500,0,0,-2.375211139e-12,nan,nan,nan,62.667,3.891,1.154,13.014
diverse_rec,movielens_sample500of1000_lambda1.0,500,60,200,0,1,61,nan,9198.425654,57451.84846,9089.421496,9089.421496,0,7610.389961,7426.304005,24.92800167,7355.551659,7475.71809,7610.389961,1,3034.290,0.4992,25.913,9113.121031,42915.02894,42915.02894,42702.74835,42698.40836,0,500,0,0,-2.375211139e-12,nan,nan,nan,62.667,4.549,1.154,13.014
diverse_rec,movielens_sample500of1000_lambda1.0,500,70,200,0,1,71,nan,10611.89919,57451.84846,10458.37893,10458.37893,0,8514.995978,8299.453807,28.7888134,8196.93072,8376.977632,8514.995978,1,3438.656,0.6306,25.913,10490.3205,42915.02894,42915.02894,42702.74835,42698.40836,0,500,0,0,-2.375211139e-12,nan,nan,nan,62.667,4.988,1.154,13.014
diverse_rec,movielens_sample500of1000_lambda1.0,500,80,200,0,1,81,nan,12003.72893,57451.84846,11788.81784,11788.81784,0,9333.828129,9108.664453,26.1700934,9037.474584,9179.434551,9333.828129,1,3844.272,0.8979,25.913,11841.58728,42915.02894,42915.02894,42702.74835,42698.40836,0,500,0,0,-2.375211139e-12,nan,nan,nan,62.667,5.791,1.154,13.014
diverse_rec,movielens_sample500of1000_lambda1.0,500,90,200,0,1,91,nan,13378.93736,57451.84846,13069.53671,13069.53671,0,10078.38141,9829.923264,28.65898029,9746.541731,9894.416097,10078.38141,1,4230.406,0.9374,25.913,13158.79851,42915.02894,42915.02894,42702.74835,42698.40836,0,500,0,0,-2.375211139e-12,nan,nan,nan,62.667,6.626,1.154,13.014
diverse_rec,movielens_sample500of1000_lambda1.0,500,100,200,0,1,101,nan,14728.72043,57451.84846,14274.21024,14274.21024,0,10751.09754,10490.72413,31.05802544,10392.69459,10570.97276,10751.09754,1,4603.710,1.1393,25.913,14452.3561,42915.02894,42915.02894,42702.74835,42698.40836,0,500,0,0,-2.375211139e-12,nan,nan,nan,62.667,7.300,1.154,13.014
diverse_rec,movielens_sample500of1000_lambda1.0,500,110,200,0,1,111,nan,16064.22196,57451.84846,15441.83755,15441.83755,0,11354.33729,11085.3288,31.12257415,10989.93008,11152.60243,11354.33729,1,4938.289,1.3336,25.913,15717.30722,42915.02894,42915.02894,42702.74835,42698.40836,0,500,0,0,-2.375211139e-12,nan,nan,nan,62.667,7.778,1.154,13.014
diverse_rec,movielens_sample500of1000_lambda1.0,500,120,200,0,1,121,nan,17383.50137,57451.84846,16594.69349,16594.69349,0,11888.33952,11619.5588,28.92266941,11527.93365,11686.7141,11888.33952,1,5276.125,1.5611,25.913,16937.5385,42915.02894,42915.02894,42702.74835,42698.40836,0,500,0,0,-2.375211139e-12,nan,nan,nan,62.667,9.155,1.154,13.014
diverse_rec,movielens_sample500of1000_lambda1.0,500,130,200,0,1,131,nan,18686.47151,57451.84846,17729.87579,17729.87579,0,12357.98664,12094.08099,28.51382425,12008.9432,12171.22724,12357.98664,1,5587.761,1.7692,25.913,18123.83267,42915.02894,42915.02894,42702.74835,42698.40836,0,500,0,0,-2.375211139e-12,nan,nan,nan,62.667,9.933,1.154,13.014
diverse_rec,movielens_sample500of1000_lambda1.0,500,140,200,0,1,141,nan,19964.61269,57451.84846,18852.80738,18852.80738,0,12766.89141,12517.58501,27.3707939,12438.83287,12583.42043,12766.89141,1,5889.496,2.0022,25.913,19278.56612,42915.02894,42915.02894,42702.74835,42698.40836,0,500,0,0,-2.375211139e-12,nan,nan,nan,62.667,10.514,1.154,13.014
diverse_rec,movielens_sample500of1000_lambda1.0,500,150,200,0,1,151,nan,21222.92335,57451.84846,19964.54846,19964.54846,0,13119.30497,12887.35229,25.50277279,12815.10079,12952.44787,13119.30497,1,6185.105,2.3884,25.913,20408.64842,42915.02894,42915.02894,42702.74835,42698.40836,0,500,0,0,-2.375211139e-12,nan,nan,nan,62.667,10.954,1.154,13.014
diverse_rec,movielens_sample500of1000_lambda1.0,500,160,200,0,1,161,nan,22461.78536,57451.84846,21060.57958,21060.57958,0,13416.46463,13204.07195,21.12891948,13134.15236,13255.84503,13416.46463,1,6445.142,2.3026,25.913,21512.70501,42915.02894,42915.02894,42702.74835,42698.40836,0,500,0,0,-2.375211139e-12,nan,nan,nan,62.667,12.031,1.154,13.014
diverse_rec,movielens_sample500of1000_lambda1.0,500,170,200,0,1,171,nan,23684.01537,57451.84846,22146.76693,22146.76693,0,13660.52673,13477.73012,19.85230163,13411.78875,13522.47794,13660.52673,1,6722.779,2.6064,25.913,22594.4408,42915.02894,42915.02894,42702.74835,42698.40836,0,500,0,0,-2.375211139e-12,nan,nan,nan,62.667,12.908,1.154,13.014
diverse_rec,movielens_sample500of1000_lambda1.0,500,180,200,0,1,181,nan,24894.84836,57451.84846,23221.69664,23221.69664,0,13852.96434,13703.482,15.26161647,13664.05231,13740.87661,13852.96434,1,6949.830,2.7442,25.913,23642.41267,42915.02894,42915.02894,42702.74835,42698.40836,0,500,0,0,-2.375211139e-12,nan,nan,nan,62.667,13.687,1.154,13.014
diverse_rec,movielens_sample500of1000_lambda1.0,500,190,200,0,1,191,nan,26094.39272,57451.84846,24285.21429,24285.21429,0,14002.09047,13890.11849,12.85703709,13856.63204,13918.09441,14002.09047,1,7176.481,3.1068,25.913,24652.79032,42915.02894,42915.02894,42702.74835,42698.40836,0,500,0,0,-2.375211139e-12,nan,nan,nan,62.667,15.031,1.154,13.014
diverse_rec,movielens_sample500of1000_lambda1.0,500,200,200,0,1,201,nan,27280.99072,57451.84846,25339.17284,25339.17284,0,14109.68995,14035.17907,11.19017832,14008.83037,14063.46753,14109.68995,1,7377.250,3.3091,25.913,25630.23503,42915.02894,42915.02894,42702.74835,42698.40836,0,500,0,0,-2.375211139e-12,nan,nan,nan,62.667,15.013,1.154,13.014
diverse_rec,movielens_sample500of1000_lambda1.0,500,210,200,0,1,211,nan,28457.97462,57451.84846,26381.90704,26381.90704,0,14179.02621,14139.46805,7.699768121,14115.96106,14159.13219,14179.02621,1,7579.291,3.5704,25.913,26580.61535,42915.02894,42915.02894,42702.74835,42698.40836,0,500,0,0,-2.375211139e-12,nan,nan,nan,62.667,15.885,1.154,13.014
diverse_rec,movielens_sample500of1000_lambda1.0,500,220,200,0,1,221,nan,29623.83541,57451.84846,27410.02823,27410.02823,0,14214.2099,14208.58657,6.992599833,14190.8065,14227.12097,14227.12097,1,7763.264,3.9629,25.913,27508.64623,42915.02894,42915.02894,42702.74835,42698.40836,0,500,0,0,-2.375211139e-12,nan,nan,nan,62.667,16.900,1.154,13.014
diverse_rec,movielens_sample500of1000_lambda1.0,500,230,200,0,1,229,nan,30774.68488,57451.84846,28430.64335,28430.64335,0,14221.40775,14243.54152,8.823747332,14216.06841,14262.64958,14262.64958,1,7915.971,4.0927,25.913,28412.73618,42915.02894,42915.02894,42702.74835,42698.40836,0,500,0,0,-2.375211139e-12,nan,nan,nan,62.667,18.718,1.154,13.014
diverse_rec,movielens_sample500of1000_lambda1.0,500,240,200,0,1,229,nan,31908.5021,57451.84846,29442.00305,29442.00305,0,14221.40775,14252.41606,8.978066117,14227.87168,14275.01278,14275.01278,1,7915.971,4.4419,25.913,29293.03229,42915.02894,42915.02894,42702.74835,42698.40836,0,500,0,0,-2.375211139e-12,nan,nan,nan,62.667,17.540,1.154,13.014
diverse_rec,movielens_sample500of1000_lambda1.0,500,250,200,0,1,229,nan,33030.45451,57451.84846,30442.26559,30442.26559,0,14221.40775,14256.24605,8.938445688,14221.46277,14282.65759,14282.65759,1,7915.971,4.0852,25.913,30151.4237,42915.02894,42915.02894,42702.74835,42698.40836,0,500,0,0,-2.375211139e-12,nan,nan,nan,62.667,17.356,1.154,13.014
diverse_rec,movielens_sample500of1000_lambda1.0,500,1,200,1,1,2,168.5075909,168.5075909,58582.12558,168.5075909,168.5075909,0,168.5075909,168.5075909,0,168.5075909,168.5075909,168.5075909,1,119.182,0.0051,24.428,168.5075909,43769.96954,43769.96954,43610.66549,43532.29987,0,500,0,0,7.753797604e-13,nan,nan,nan,59.603,0.945,0.733,9.986
diverse_rec,movielens_sample500of1000_lambda1.0,500,10,200,1,1,11,nan,1642.18977,58582.12558,1636.955415,1636.955415,0,1592.152417,1579.321131,4.895554433,1566.750267,1590.383872,1592.152417,1,606.894,0.0297,24.428,1641.563149,43769.96954,43769.96954,43610.66549,43532.29987,0,500,0,0,7.753797604e-13,nan,nan,nan,59.603,1.371,0.733,9.986
diverse_rec,movielens_sample500of1000_lambda1.0,500,20,200,1,1,21,nan,3237.424968,58582.12558,3228.119187,3228.119187,0,3041.29831,3004.494234,9.275501313,2980.357203,3029.042869,3041.29831,1,1109.518,0.0580,24.428,3234.238012,43769.96954,43769.96954,43610.66549,43532.29987,0,500,0,0,7.753797604e-13,nan,nan,nan,59.603,1.972,0.733,9.986
diverse_rec,movielens_sample500of1000_lambda1.0,500,30,200,1,1,31,nan,4796.604233,58582.12558,4777.522167,4777.522167,0,4370.056107,4301.10077,12.94520075,4267.16238,4329.825324,4370.056107,1,1589.312,0.1447,24.428,4786.227311,43769.96954,43769.96954,43610.66549,43532.29987,0,500,0,0,7.753797604e-13,nan,nan,nan,59.603,2.467,0.733,9.986
diverse_rec,movielens_sample500of1000_lambda1.0,500,40,200,1,1,41,nan,6327.279214,58582.12558,6293.306556,6293.306556,0,5587.666711,5479.504694,19.91198501,5422.652341,5545.102718,5587.666711,1,2057.531,0.2288,24.428,6305.248003,43769.96954,43769.96954,43610.66549,43532.29987,0,500,0,0,7.753797604e-13,nan,nan,nan,59.603,3.205,0.733,9.986
diverse_rec,movielens_sample500of1000_lambda1.0,500,50,200,1,1,51,nan,7827.444339,58582.12558,7761.707853,7761.707853,0,6701.180571,6555.055347,21.11948217,6495.549666,6609.80617,6701.180571,1,2497.553,0.3356,24.428,7783.610237,43769.96954,43769.96954,43610.66549,43532.29987,0,500,0,0,7.753797604e-13,nan,nan,nan,59.603,3.801,0.733,9.986
diverse_rec,movielens_sample500of1000_lambda1.0,500,60,200,1,1,61,nan,9292.139995,58582.12558,9187.079082,9187.079082,0,7715.395028,7539.477248,22.81402703,7485.595912,7593.276991,7715.395028,1,2920.400,0.4556,24.428,9217.288514,43769.96954,43769.96954,43610.66549,43532.29987,0,500,0,0,7.753797604e-13,nan,nan,nan,59.603,4.566,0.733,9.986
diverse_rec,movielens_sample500of1000_lambda1.0,500,70,200,1,1,71,nan,10727.87564,58582.12558,10578.02128,10578.02128,0,8639.626914,8436.662531,26.25432857,8369.06964,8518.123863,8639.626914,1,3364.100,0.5904,24.428,10616.03506,43769.96954,43769.96954,43610.66549,43532.29987,0,500,0,0,7.753797604e-13,nan,nan,nan,59.603,5.113,0.733,9.986
diverse_rec,movielens_sample500of1000_lambda1.0,500,80,200,1,1,81,nan,12140.56821,58582.12558,11934.45025,11934.45025,0,9487.80329,9255.748222,28.91206878,9184.356334,9346.173723,9487.80329,1,3739.130,0.7353,24.428,11986.3733,43769.96954,43769.96954,43610.66549,43532.29987,0,500,0,0,7.753797604e-13,nan,nan,nan,59.603,5.809,0.733,9.986
diverse_rec,movielens_sample500of1000_lambda1.0,500,90,200,1,1,91,nan,13534.83168,58582.12558,13247.98345,13247.98345,0,10253.07607,10005.32538,32.63731367,9918.018857,10091.20454,10253.07607,1,4119.599,0.9479,24.428,13329.27546,43769.96954,43769.96954,43610.66549,43532.29987,0,500,0,0,7.753797604e-13,nan,nan,nan,59.603,6.648,0.733,9.986
diverse_rec,movielens_sample500of1000_lambda1.0,500,100,200,1,1,101,nan,14909.84865,58582.12558,14486.90328,14486.90328,0,10943.27182,10676.89383,27.36846557,10613.5836,10745.57068,10943.27182,1,4484.110,1.1545,24.428,14646.16793,43769.96954,43769.96954,43610.66549,43532.29987,0,500,0,0,7.753797604e-13,nan,nan,nan,59.603,7.120,0.733,9.986
diverse_rec,movielens_sample500of1000_lambda1.0,500,110,200,1,1,111,nan,16269.57097,58582.12558,15684.73072,15684.73072,0,11561.16664,11288.66047,31.19896083,11205.30206,11365.96708,11561.16664,1,4835.319,1.3466,24.428,15936.80862,43769.96954,43769.96954,43610.66549,43532.29987,0,500,0,0,7.753797604e-13,nan,nan,nan,59.603,7.883,0.733,9.986
diverse_rec,movielens_sample500of1000_lambda1.0,500,120,200,1,1,121,nan,17612.01999,58582.12558,16868.42335,16868.42335,0,12109.97149,11835.14069,30.40980706,11760.32572,11928.9342,12109.97149,1,5170.678,1.5467,24.428,17191.9233,43769.96954,43769.96954,43610.66549,43532.29987,0,500,0,0,7.753797604e-13,nan,nan,nan,59.603,8.935,0.733,9.986
diverse_rec,movielens_sample500of1000_lambda1.0,500,130,200,1,1,131,nan,18939.608,58582.12558,18034.71503,18034.71503,0,12592.17201,12320.60075,30.45332547,12241.96433,12391.6172,12592.17201,1,5491.321,1.7399,24.428,18412.24698,43769.96954,43769.96954,43610.66549,43532.29987,0,500,0,0,7.753797604e-13,nan,nan,nan,59.603,9.621,0.733,9.986
diverse_rec,movielens_sample500of1000_lambda1.0,500,140,200,1,1,141,nan,20250.45178,58582.12558,19181.35629,19181.35629,0,13014.89004,12754.24104,28.77209868,12675.22501,12811.52775,13014.89004,1,5785.710,2.0588,24.428,19597.11567,43769.96954,43769.96954,43610.66549,43532.29987,0,500,0,0,7.753797604e-13,nan,nan,nan,59.603,10.228,0.733,9.986
diverse_rec,movielens_sample500of1000_lambda1.0,500,150,200,1,1,151,nan,21540.06392,58582.12558,20314.2416,20314.2416,0,13378.72597,13136.31435,26.12342135,13060.75954,13200.54412,13378.72597,1,6074.324,2.3913,24.428,20758.30404,43769.96954,43769.96954,43610.66549,43532.29987,0,500,0,0,7.753797604e-13,nan,nan,nan,59.603,10.914,0.733,9.986
diverse_rec,movielens_sample500of1000_lambda1.0,500,160,200,1,1,161,nan,22812.18773,58582.12558,21437.35597,21437.35597,0,13684.25716,13459.36957,23.55569992,13392.18113,13520.14716,13684.25716,1,6345.887,2.5432,24.428,21898.02778,43769.96954,43769.96954,43610.66549,43532.29987,0,500,0,0,7.753797604e-13,nan,nan,nan,59.603,12.030,0.733,9.986
diverse_rec,movielens_sample500of1000_lambda1.0,500,170,200,1,1,171,nan,24063.95327,58582.12558,22552.15571,22552.15571,0,13936.47044,13738.9349,22.09235203,13672.68795,13803.044,13936.47044,1,6605.281,2.6172,24.428,23010.6233,43769.96954,43769.96954,43610.66549,43532.29987,0,500,0,0,7.753797604e-13,nan,nan,nan,59.603,12.521,0.733,9.986
diverse_rec,movielens_sample500of1000_lambda1.0,500,180,200,1,1,181,nan,25305.27234,58582.12558,23654.54454,23654.54454,0,14137.62792,13974.51919,18.6083184,13918.73453,14024.83392,14137.62792,1,6857.385,2.8941,24.428,24090.84216,43769.96954,43769.96954,43610.66549,43532.29987,0,500,0,0,7.753797604e-13,nan,nan,nan,59.603,13.782,0.733,9.986
diverse_rec,movielens_sample500of1000_lambda1.0,500,190,200,1,1,191,nan,26532.49519,58582.12558,24747.04361,24747.04361,0,14289.92486,14164.85731,13.9688708,14125.71458,14197.74777,14289.92486,1,7091.664,3.1824,24.428,25124.76633,43769.96954,43769.96954,43610.66549,43532.29987,0,500,0,0,7.753797604e-13,nan,nan,nan,59.603,15.126,0.733,9.986
diverse_rec,movielens_sample500of1000_lambda1.0,500,200,200,1,1,201,nan,27750.63356,58582.12558,25827.98403,25827.98403,0,14397.93941,14311.06509,11.84210591,14271.75857,14335.49252,14397.93941,1,7303.444,3.2932,24.428,26130.97428,43769.96954,43769.96954,43610.66549,43532.29987,0,500,0,0,7.753797604e-13,nan,nan,nan,59.603,15.054,0.733,9.986
diverse_rec,movielens_sample500of1000_lambda1.0,500,210,200,1,1,211,nan,28957.72561,58582.12558,26900.48926,26900.48926,0,14467.97613,14421.58527,7.804964871,14395.07231,14441.72043,14467.97613,1,7496.240,3.6393,24.428,27110.21393,43769.96954,43769.96954,43610.66549,43532.29987,0,500,0,0,7.753797604e-13,nan,nan,nan,59.603,16.412,0.733,9.986
diverse_rec,movielens_sample500of1000_lambda1.0,500,220,200,1,1,221,nan,30153.37364,58582.12558,27960.92995,27960.92995,0,14502.89438,14490.84434,7.060123806,14472.90967,14506.85924,14506.85924,1,7674.495,3.6741,24.428,28061.51016,43769.96954,43769.96954,43594.80981,43532.29987,0,500,0,0,7.753797604e-13,nan,nan,nan,59.603,17.984,0.733,9.986
diverse_rec,movielens_sample500of1000_lambda1.0,500,230,200,1,1,228,nan,31335.64838,58582.12558,29009.89343,29009.89343,0,14509.32391,14526.81897,8.715922109,14483.19743,14544.58082,14544.58082,1,7808.361,4.1896,24.428,28987.39238,43769.96954,43769.96954,43594.80981,43532.29987,0,500,0,0,7.753797604e-13,nan,nan,nan,59.603,17.737,0.733,9.986
diverse_rec,movielens_sample500of1000_lambda1.0,500,240,200,1,1,228,nan,32499.96691,58582.12558,30040.36283,30040.36283,0,14509.32391,14535.29758,10.06506033,14500.74492,14557.66374,14557.66374,1,7808.361,4.2506,24.428,29884.92841,43769.96954,43769.96954,43594.80981,43532.29987,0,500,0,0,7.753797604e-13,nan,nan,nan,59.603,17.609,0.733,9.986
diverse_rec,movielens_sample500of1000_lambda1.0,500,250,200,1,1,228,nan,33644.82233,58582.12558,31059.25372,31059.25372,0,14509.32391,14538.79274,9.729901071,14508.77381,14560.86006,14560.86006,1,7808.361,4.0299,24.428,30745.43993,43769.96954,43769.96954,43594.80981,43532.29987,0,500,0,0,7.753797604e-13,nan,nan,nan,59.603,17.758,0.733,9.986
diverse_rec,movielens_sample500of1000_lambda1.0,500,1,200,2,1,2,171.6827047,171.6827047,57785.3436,171.6827047,171.6827047,0,171.6827047,171.6827047,0,171.6827047,171.6827047,171.6827047,1,113.298,0.0053,24.801,171.6827047,43168.3379,43168.3379,42942.74937,42946.32717,0,500,0,0,3.020250716e-12,nan,nan,nan,61.179,0.956,0.731,12.542
diverse_rec,movielens_sample500of1000_lambda1.0,500,10,200,2,1,11,nan,1641.773073,57785.3436,1636.479097,1636.479097,0,1591.393218,1571.632124,6.867767861,1554.056404,1589.931635,1591.393218,1,593.341,0.0274,24.801,1640.973146,43168.3379,43168.3379,42942.74937,42946.32717,0,500,0,0,3.020250716e-12,nan,nan,nan,61.179,1.361,0.731,12.542
diverse_rec,movielens_sample500of1000_lambda1.0,500,20,200,2,1,21,nan,3214.48423,57785.3436,3200.707905,3200.707905,0,3014.461855,2971.566293,11.98120107,2937.115521,2996.785429,3014.461855,1,1116.253,0.0855,24.801,3208.634292,43168.3379,43168.3379,42942.74937,42946.32717,0,500,0,0,3.020250716e-12,nan,nan,nan,61.179,1.981,0.731,12.542
diverse_rec,movielens_sample500of1000_lambda1.0,500,30,200,2,1,31,nan,4746.804537,57785.3436,4726.379176,4726.379176,0,4316.939062,4249.230582,15.09125278,4209.839232,4287.667693,4316.939062,1,1604.408,0.1708,24.801,4734.278076,43168.3379,43168.3379,42942.74937,42946.32717,0,500,0,0,3.020250716e-12,nan,nan,nan,61.179,2.502,0.731,12.542
diverse_rec,movielens_sample500of1000_lambda1.0,500,40,200,2,1,41,nan,6251.683848,57785.3436,6215.433225,6215.433225,0,5519.695569,5405.974084,20.20079984,5351.554665,5453.255698,5519.695569,1,2057.948,0.2432,24.801,6225.846199,43168.3379,43168.3379,42942.74937,42946.32717,0,500,0,0,3.020250716e-12,nan,nan,nan,61.179,3.284,0.731,12.542
diverse_rec,movielens_sample500of1000_lambda1.0,500,50,200,2,1,51,nan,7728.969667,57785.3436,7664.3958,7664.3958,0,6618.227235,6463.464514,22.2812671,6390.569978,6512.471053,6618.227235,1,2499.295,0.4208,24.801,7684.047724,43168.3379,43168.3379,42942.74937,42946.32717,0,500,0,0,3.020250716e-12,nan,nan,nan,61.179,3.844,0.731,12.542
diverse_rec,movielens_sample500of1000_lambda1.0,500,60,200,2,1,61,nan,9175.377276,57785.3436,9064.748017,9064.748017,0,7614.741066,7428.110774,26.20830053,7358.660846,7513.257204,7614.741066,1,2938.252,0.4739,24.801,9094.817905,43168.3379,43168.3379,42942.74937,42946.32717,0,500,0,0,3.020250716e-12,nan,nan,nan,61.179,4.696,0.731,12.542
diverse_rec,movielens_sample500of1000_lambda1.0,500,70,200,2,1,71,nan,10584.75734,57785.3436,10434.5497,10434.5497,0,8525.71577,8307.752494,29.28433793,8224.20255,8380.151182,8525.71577,1,3361.601,0.6946,24.801,10466.97633,43168.3379,43168.3379,42942.74937,42946.32717,0,500,0,0,3.020250716e-12,nan,nan,nan,61.179,5.130,0.731,12.542
diverse_rec,movielens_sample500of1000_lambda1.0,500,80,200,2,1,81,nan,11975.22286,57785.3436,11767.0857,11767.0857,0,9348.670072,9117.592154,25.68817294,9040.331757,9188.23357,9348.670072,1,3750.291,0.8118,24.801,11815.77737,43168.3379,43168.3379,42942.74937,42946.32717,0,500,0,0,3.020250716e-12,nan,nan,nan,61.179,5.876,0.731,12.542
diverse_rec,movielens_sample500of1000_lambda1.0,500,90,200,2,1,91,nan,13347.69652,57785.3436,13054.22704,13054.22704,0,10094.9405,9846.520452,29.549943,9744.489487,9920.981207,10094.9405,1,4138.966,0.9390,24.801,13135.50067,43168.3379,43168.3379,42942.74937,42946.32717,0,500,0,0,3.020250716e-12,nan,nan,nan,61.179,6.682,0.731,12.542
diverse_rec,movielens_sample500of1000_lambda1.0,500,100,200,2,1,101,nan,14700.77762,57785.3436,14275.24044,14275.24044,0,10770.21021,10517.92856,29.2356349,10433.86242,10601.67188,10770.21021,1,4506.588,1.1370,24.801,14429.44256,43168.3379,43168.3379,42942.74937,42946.32717,0,500,0,0,3.020250716e-12,nan,nan,nan,61.179,7.184,0.731,12.542
diverse_rec,movielens_sample500of1000_lambda1.0,500,110,200,2,1,111,nan,16036.78908,57785.3436,15451.40596,15451.40596,0,11377.37746,11118.06152,28.55141236,11044.17586,11195.73894,11377.37746,1,4879.638,1.2989,24.801,15694.7896,43168.3379,43168.3379,42942.74937,42946.32717,0,500,0,0,3.020250716e-12,nan,nan,nan,61.179,7.918,0.731,12.542
diverse_rec,movielens_sample500of1000_lambda1.0,500,120,200,2,1,121,nan,17357.70678,57785.3436,16614.6815,16614.6815,0,11917.53415,11662.75815,25.76626882,11593.83645,11722.33266,11917.53415,1,5214.126,1.5550,24.801,16926.60659,43168.3379,43168.3379,42942.74937,42946.32717,0,500,0,0,3.020250716e-12,nan,nan,nan,61.179,9.032,0.731,12.542
diverse_rec,movielens_sample500of1000_lambda1.0,500,130,200,2,1,131,nan,18660.3049,57785.3436,17766.40694,17766.40694,0,12395.82504,12142.77621,26.61928319,12081.82404,12204.55971,12395.82504,1,5540.542,1.7225,24.801,18133.89925,43168.3379,43168.3379,42942.74937,42946.32717,0,500,0,0,3.020250716e-12,nan,nan,nan,61.179,9.867,0.731,12.542
diverse_rec,movielens_sample500of1000_lambda1.0,500,140,200,2,1,141,nan,19942.11645,57785.3436,18904.94288,18904.94288,0,12814.78085,12574.03098,25.47986305,12503.02074,12639.39262,12814.78085,1,5836.013,2.2236,24.801,19310.63454,43168.3379,43168.3379,42942.74937,42946.32717,0,500,0,0,3.020250716e-12,nan,nan,nan,61.179,10.478,0.731,12.542
diverse_rec,movielens_sample500of1000_lambda1.0,500,150,200,2,1,151,nan,21211.42245,57785.3436,20026.38299,20026.38299,0,13177.11424,12944.10074,26.62610179,12876.53595,13019.04851,13177.11424,1,6132.503,2.1170,24.801,20455.56293,43168.3379,43168.3379,42942.74937,42946.32717,0,500,0,0,3.020250716e-12,nan,nan,nan,61.179,11.179,0.731,12.542
diverse_rec,movielens_sample500of1000_lambda1.0,500,160,200,2,1,161,nan,22467.66431,57785.3436,21136.3311,21136.3311,0,13482.77235,13270.10132,24.65478583,13203.35247,13324.93208,13482.77235,1,6390.706,2.4136,24.801,21575.2968,43168.3379,43168.3379,42942.74937,42946.32717,0,500,0,0,3.020250716e-12,nan,nan,nan,61.179,12.058,0.731,12.542
diverse_rec,movielens_sample500of1000_lambda1.0,500,170,200,2,1,171,nan,23706.19743,57785.3436,22235.58531,22235.58531,0,13732.73143,13546.37315,18.43584884,13495.99942,13593.53203,13732.73143,1,6630.036,2.6099,24.801,22667.17677,43168.3379,43168.3379,42942.74937,42946.32717,0,500,0,0,3.020250716e-12,nan,nan,nan,61.179,12.736,0.731,12.542
diverse_rec,movielens_sample500of1000_lambda1.0,500,180,200,2,1,181,nan,24926.66745,57785.3436,23325.47223,23325.47223,0,13931.64148,13775.19902,19.24236358,13718.44493,13829.11068,13931.64148,1,6875.531,2.7947,24.801,23730.63087,43168.3379,43168.3379,42942.74937,42946.32717,0,500,0,0,3.020250716e-12,nan,nan,nan,61.179,13.855,0.731,12.542
diverse_rec,movielens_sample500of1000_lambda1.0,500,190,200,2,1,191,nan,26134.71445,57785.3436,24400.84532,24400.84532,0,14084.37764,13964.6096,14.48113636,13919.37571,13998.18534,14084.37764,1,7090.461,3.1196,24.801,24758.53113,43168.3379,43168.3379,42942.74937,42946.32717,0,500,0,0,3.020250716e-12,nan,nan,nan,61.179,14.748,0.731,12.542
diverse_rec,movielens_sample500of1000_lambda1.0,500,200,200,2,1,201,nan,27332.79378,57785.3436,25464.22873,25464.22873,0,14194.11404,14110.68322,11.64808274,14072.547,14136.24188,14194.11404,1,7303.476,3.3384,24.801,25754.90936,43168.3379,43168.3379,42942.74937,42946.32717,0,500,0,0,3.020250716e-12,nan,nan,nan,61.179,14.931,0.731,12.542
diverse_rec,movielens_sample500of1000_lambda1.0,500,210,200,2,1,211,nan,28517.05712,57785.3436,26513.35154,26513.35154,0,14265.31224,14218.29917,8.492300731,14187.44656,14234.75968,14265.31224,1,7492.413,3.4976,24.801,26723.73665,43168.3379,43168.3379,42942.74937,42946.32717,0,500,0,0,3.020250716e-12,nan,nan,nan,61.179,15.955,0.731,12.542
diverse_rec,movielens_sample500of1000_lambda1.0,500,220,200,2,1,221,nan,29692.0777,57785.3436,27550.25475,27550.25475,0,14301.77622,14289.05486,7.431566021,14269.00331,14308.33091,14308.33091,1,7679.696,3.8431,24.801,27660.82113,43168.3379,43168.3379,42942.74937,42946.32717,0,500,0,0,3.020250716e-12,nan,nan,nan,61.179,17.245,0.731,12.542
diverse_rec,movielens_sample500of1000_lambda1.0,500,230,200,2,1,229,nan,30853.73149,57785.3436,28577.34545,28577.34545,0,14310.27533,14325.57245,8.458783305,14297.53725,14345.91356,14345.91356,1,7808.758,3.9725,24.801,28568.91237,43168.3379,43168.3379,42942.74937,42946.32717,0,500,0,0,3.020250716e-12,nan,nan,nan,61.179,18.074,0.731,12.542
diverse_rec,movielens_sample500of1000_lambda1.0,500,240,200,2,1,229,nan,32004.83973,57785.3436,29590.84652,29590.84652,0,14310.27533,14336.46389,9.940070822,14292.5535,14358.80642,14358.80642,1,7808.758,4.3152,24.801,29448.65774,43168.3379,43168.3379,42942.74937,42946.32717,0,500,0,0,3.020250716e-12,nan,nan,nan,61.179,17.916,0.731,12.542
diverse_rec,movielens_sample500of1000_lambda1.0,500,250,200,2,1,229,nan,33141.06625,57785.3436,30593.76383,30593.76383,0,14310.27533,14338.0221,9.615100241,14288.40054,14361.77612,14361.77612,1,7808.758,3.9381,24.801,30300.00933,43168.3379,43168.3379,42942.74937,42946.32717,0,500,0,0,3.020250716e-12,nan,nan,nan,61.179,17.726,0.731,12.542
